date,season,competition,home_team,away_team,home_goals,away_goals,home_corners,away_corners,total_corners,source,source_file_name,source_url,import_date,fixture_id,row_hash
2023-08-19,2023/24,Serie A,Empoli,Verona,0,1,2,4,6,football-data-csv,I1_2324.csv,https://www.football-data.co.uk/mmz4281/202324/I1.csv,2026-08-05 07:40:26,1,085b129634f5ad38713d981f8f7496528cc30ae0c7b8ad560626c663144dd1be
2023-08-19,2023/24,Serie A,Frosinone,Napoli,1,3,4,6,10,football-data-csv,I1_2324.csv,https://www.football-data.co.uk/mmz4281/202324/I1.csv,2026-08-05 07:40:26,2,3673c7847b0c891035a03ac490c5d01622acba695b9e8c14c099ed0e7594a209
2023-08-19,2023/24,Serie A,Genoa,Fiorentina,1,4,3,4,7,football-data-csv,I1_2324.csv,https://www.football-data.co.uk/mmz4281/202324/I1.csv,2026-08-05 07:40:26,3,3e551aca7228d1bc627b4154209c6008a80e5618e0573e4215a2e93c6245e850
2023-08-19,2023/24,Serie A,Inter,Monza,2,0,8,3,11,football-data-csv,I1_2324.csv,https://www.football-data.co.uk/mmz4281/202324/I1.csv,2026-08-05 07:40:26,4,f42dfa762ae46e7cdb9d984bbb66008ad896d64d4934760e5961fb0fb37d70e6
2023-08-20,2023/24,Serie A,Lecce,Lazio,2,1,5,2,7,football-data-csv,I1_2324.csv,https://www.football-data.co.uk/mmz4281/202324/I1.csv,2026-08-05 07:40:26,5,e165b9918f658942361d01b6e8b5e17527b8d887270fb0c8ca50c7eae0850c38
2023-08-20,2023/24,Serie A,Roma,Salernitana,2,2,9,1,10,football-data-csv,I1_2324.csv,https://www.football-data.co.uk/mmz4281/202324/I1.csv,2026-08-05 07:40:26,6,41e290892132a74909520ca7618d2aaaefc0c79d8d657c1696cc9517e908cf72
2023-08-20,2023/24,Serie A,Sassuolo,Atalanta,0,2,7,7,14,football-data-csv,I1_2324.csv,https://www.football-data.co.uk/mmz4281/202324/I1.csv,2026-08-05 07:40:26,7,b3cc32cbeec1a98dfbe9ee038994801245419dabe9b4958f44d569903d22a1c8
2023-08-20,2023/24,Serie A,Udinese,Juventus,0,3,7,3,10,football-data-csv,I1_2324.csv,https://www.football-data.co.uk/mmz4281/202324/I1.csv,2026-08-05 07:40:26,8,7408ad8408e72e678a6b0a0ca33a7d49decffd08332c82d5d7b801a6555c47a5
2023-08-21,2023/24,Serie A,Bologna,Milan,0,2,3,6,9,football-data-csv,I1_2324.csv,https://www.football-data.co.uk/mmz4281/202324/I1.csv,2026-08-05 07:40:26,9,3842a8bb7c6659c797dd74ceff9c80b356a8c04960ee47d8ddfb3aa0d3096ebe
2023-08-21,2023/24,Serie A,Torino,Cagliari,0,0,8,3,11,football-data-csv,I1_2324.csv,https://www.football-data.co.uk/mmz4281/202324/I1.csv,2026-08-05 07:40:26,10,f0d4c6c70a5222587171e8f95a169ed539327b2382b9f76571bda62860d87cfd
2023-08-26,2023/24,Serie A,Frosinone,Atalanta,2,1,3,7,10,football-data-csv,I1_2324.csv,https://www.football-data.co.uk/mmz4281/202324/I1.csv,2026-08-05 07:40:26,11,249c21ad01b12e7fd77c2d0161de969280d1b806915eeda35ad953a05ca7e44b
2023-08-26,2023/24,Serie A,Milan,Torino,4,1,2,1,3,football-data-csv,I1_2324.csv,https://www.football-data.co.uk/mmz4281/202324/I1.csv,2026-08-05 07:40:26,12,1fa920a78d33129d9fa9a340122df805329e97e3ebc65950abe9039039110261
2023-08-26,2023/24,Serie A,Monza,Empoli,2,0,6,5,11,football-data-csv,I1_2324.csv,https://www.football-data.co.uk/mmz4281/202324/I1.csv,2026-08-05 07:40:26,13,a7c39a13f724840ffa69c4011e6304f4b3cc4e722bf983cc8e69f50b91eb84fb
2023-08-26,2023/24,Serie A,Verona,Roma,2,1,1,12,13,football-data-csv,I1_2324.csv,https://www.football-data.co.uk/mmz4281/202324/I1.csv,2026-08-05 07:40:26,14,bca43a41e91a8b470484295b4a634c0bd51c853dfcc428038786530edcf3a00c
2023-08-27,2023/24,Serie A,Fiorentina,Lecce,2,2,3,3,6,football-data-csv,I1_2324.csv,https://www.football-data.co.uk/mmz4281/202324/I1.csv,2026-08-05 07:40:26,15,c2bd94320b6d0af85179f72b5193c782e0d16c61faeee4285ca3314c26a88015
2023-08-27,2023/24,Serie A,Juventus,Bologna,1,1,5,1,6,football-data-csv,I1_2324.csv,https://www.football-data.co.uk/mmz4281/202324/I1.csv,2026-08-05 07:40:26,16,d4cc6caa90e2db4081d42affa75f24292702fe27f8ad7a95eaad129132fbd5ea
2023-08-27,2023/24,Serie A,Lazio,Genoa,0,1,15,1,16,football-data-csv,I1_2324.csv,https://www.football-data.co.uk/mmz4281/202324/I1.csv,2026-08-05 07:40:26,17,65a22e7e2e1eb321eec582310139d3d2faef25a71c596a1c5c870eeafc7ee5b6
2023-08-27,2023/24,Serie A,Napoli,Sassuolo,2,0,12,4,16,football-data-csv,I1_2324.csv,https://www.football-data.co.uk/mmz4281/202324/I1.csv,2026-08-05 07:40:26,18,d6c2dd83268b1857439532849eccd8a2ce5f77a62e6fed6cb8b458b042d091e2
2023-08-28,2023/24,Serie A,Cagliari,Inter,0,2,4,7,11,football-data-csv,I1_2324.csv,https://www.football-data.co.uk/mmz4281/202324/I1.csv,2026-08-05 07:40:26,19,bbd9520245515a13ef8f95a30dab8f5ba5ea456fef979370ffbbea7218db585a
2023-08-28,2023/24,Serie A,Salernitana,Udinese,1,1,7,5,12,football-data-csv,I1_2324.csv,https://www.football-data.co.uk/mmz4281/202324/I1.csv,2026-08-05 07:40:26,20,a885db88063626fb1c3c16d6e0ea146ea245de54fd6b3fce48895d7ee6d26450
2023-09-01,2023/24,Serie A,Roma,Milan,1,2,3,5,8,football-data-csv,I1_2324.csv,https://www.football-data.co.uk/mmz4281/202324/I1.csv,2026-08-05 07:40:26,21,8540d5bbabfab1aba8af45329bec87cd532dc50b2dfb66ef88782fad487b01d3
2023-09-01,2023/24,Serie A,Sassuolo,Verona,3,1,10,1,11,football-data-csv,I1_2324.csv,https://www.football-data.co.uk/mmz4281/202324/I1.csv,2026-08-05 07:40:26,22,45bdf247b697ae916b5095d57aa67dcadf86f8cde118ae84e2a7601218441ec0
2023-09-02,2023/24,Serie A,Atalanta,Monza,3,0,7,3,10,football-data-csv,I1_2324.csv,https://www.football-data.co.uk/mmz4281/202324/I1.csv,2026-08-05 07:40:26,23,4a84e6862ff9d52eacfee75e4aa7a13e78ae5fc1176e32c79e16d971b3853c9e
2023-09-02,2023/24,Serie A,Bologna,Cagliari,2,1,5,2,7,football-data-csv,I1_2324.csv,https://www.football-data.co.uk/mmz4281/202324/I1.csv,2026-08-05 07:40:26,24,72667eb69a1ec4f939d10b9857b5413238b7cd7214ce482a1873eebd4f34a002
2023-09-02,2023/24,Serie A,Napoli,Lazio,1,2,7,2,9,football-data-csv,I1_2324.csv,https://www.football-data.co.uk/mmz4281/202324/I1.csv,2026-08-05 07:40:26,25,2b1a3ae4d5058c958dedce27492cf48dc60433de11897fdbb197556215b25ec1
2023-09-02,2023/24,Serie A,Udinese,Frosinone,0,0,3,5,8,football-data-csv,I1_2324.csv,https://www.football-data.co.uk/mmz4281/202324/I1.csv,2026-08-05 07:40:26,26,eef8cc07429eb3393da48eedd8a1f2bd0a49b5ae7deedc36f17f72a675b03e07
2023-09-03,2023/24,Serie A,Empoli,Juventus,0,2,3,7,10,football-data-csv,I1_2324.csv,https://www.football-data.co.uk/mmz4281/202324/I1.csv,2026-08-05 07:40:26,27,15cc77b03c0624279ebcea72c49ad11f125f5fe2f137ae1bdb6aa4443c39b9f1
2023-09-03,2023/24,Serie A,Inter,Fiorentina,4,0,1,1,2,football-data-csv,I1_2324.csv,https://www.football-data.co.uk/mmz4281/202324/I1.csv,2026-08-05 07:40:26,28,78a880e2aa8f45a19fb3b9b1c53f035c31d6481ef9d6998b206767f58c790b4b
2023-09-03,2023/24,Serie A,Lecce,Salernitana,2,0,6,5,11,football-data-csv,I1_2324.csv,https://www.football-data.co.uk/mmz4281/202324/I1.csv,2026-08-05 07:40:26,29,00a06debdda585de8bff8f6b5e0193468ebdd46135e23a7536543fba2a233d8a
2023-09-03,2023/24,Serie A,Torino,Genoa,1,0,4,0,4,football-data-csv,I1_2324.csv,https://www.football-data.co.uk/mmz4281/202324/I1.csv,2026-08-05 07:40:26,30,39d9b72f9e7cb56f70c5fe2f78a3b94514ba73a497b3f71a463a091640c3b53a
2023-09-16,2023/24,Serie A,Genoa,Napoli,2,2,3,1,4,football-data-csv,I1_2324.csv,https://www.football-data.co.uk/mmz4281/202324/I1.csv,2026-08-05 07:40:26,31,b37a1728ae25f6c5a404799a81ca2e5f5cc8e929bc9459fdc72a6478ff12676b
2023-09-16,2023/24,Serie A,Inter,Milan,5,1,5,0,5,football-data-csv,I1_2324.csv,https://www.football-data.co.uk/mmz4281/202324/I1.csv,2026-08-05 07:40:26,32,e6e47faa0bd24445a6b6e9f7227255040ba357ef6cace2963e64bdf80e417763
2023-09-16,2023/24,Serie A,Juventus,Lazio,3,1,7,9,16,football-data-csv,I1_2324.csv,https://www.football-data.co.uk/mmz4281/202324/I1.csv,2026-08-05 07:40:26,33,986316c8c869206af7b397c8f4c246890363498d1a0dbea06c98a11902d9c74e
2023-09-17,2023/24,Serie A,Cagliari,Udinese,0,0,4,6,10,football-data-csv,I1_2324.csv,https://www.football-data.co.uk/mmz4281/202324/I1.csv,2026-08-05 07:40:26,34,978a9dda9c8ece2cef251ba62cf97b62c28c367279f1b85c070a713f8128116f
2023-09-17,2023/24,Serie A,Fiorentina,Atalanta,3,2,3,4,7,football-data-csv,I1_2324.csv,https://www.football-data.co.uk/mmz4281/202324/I1.csv,2026-08-05 07:40:26,35,5b4a73269d1ea7082a4b4c41f385ee16eab837ef327ec493a4c43b798dc06261
2023-09-17,2023/24,Serie A,Frosinone,Sassuolo,4,2,5,6,11,football-data-csv,I1_2324.csv,https://www.football-data.co.uk/mmz4281/202324/I1.csv,2026-08-05 07:40:26,36,12e98219e58c7693b0d37cdbfbc68be1f87dd8645823aa597b9f6cc8f9e120b7
2023-09-17,2023/24,Serie A,Monza,Lecce,1,1,10,1,11,football-data-csv,I1_2324.csv,https://www.football-data.co.uk/mmz4281/202324/I1.csv,2026-08-05 07:40:26,37,ca145325a6d14ac2bf1cd218b90bad4670cc79f5b52fc4ab1a8e3345f1a6f441
2023-09-17,2023/24,Serie A,Roma,Empoli,7,0,2,6,8,football-data-csv,I1_2324.csv,https://www.football-data.co.uk/mmz4281/202324/I1.csv,2026-08-05 07:40:26,38,16d8071db7a612c82e83383247a7926da30303cf57a02bf91d44ed1d2f0d783d
2023-09-18,2023/24,Serie A,Salernitana,Torino,0,3,1,2,3,football-data-csv,I1_2324.csv,https://www.football-data.co.uk/mmz4281/202324/I1.csv,2026-08-05 07:40:26,39,2708264662607dda791c8c72bbec893d4a3696d50a62a14d6b82942075107fe2
2023-09-18,2023/24,Serie A,Verona,Bologna,0,0,3,4,7,football-data-csv,I1_2324.csv,https://www.football-data.co.uk/mmz4281/202324/I1.csv,2026-08-05 07:40:26,40,437ec9a4fce6783fb27036543016ba29a1d13a9edeffa605baa4ab60d888f88b
2023-09-22,2023/24,Serie A,Lecce,Genoa,1,0,4,3,7,football-data-csv,I1_2324.csv,https://www.football-data.co.uk/mmz4281/202324/I1.csv,2026-08-05 07:40:26,41,b694666469c98ed2a08a5d5ad9a5415171ccfd85e5b30f1558688fdf1ac14fdd
2023-09-22,2023/24,Serie A,Salernitana,Frosinone,1,1,8,6,14,football-data-csv,I1_2324.csv,https://www.football-data.co.uk/mmz4281/202324/I1.csv,2026-08-05 07:40:26,42,b1d38d3add5259cd1a2969c90eb31cfd06ae8da73dc325b99fb996efa8b0d209
2023-09-23,2023/24,Serie A,Lazio,Monza,1,1,1,3,4,football-data-csv,I1_2324.csv,https://www.football-data.co.uk/mmz4281/202324/I1.csv,2026-08-05 07:40:26,43,2d189cd0f26c6551c55bc16bafc050a618a5cdc7c58b87ca3ea0556485af623d
2023-09-23,2023/24,Serie A,Milan,Verona,1,0,2,3,5,football-data-csv,I1_2324.csv,https://www.football-data.co.uk/mmz4281/202324/I1.csv,2026-08-05 07:40:26,44,2a9ca42dec44503150cfcb0ee6fc43c696db093b0a81f8a7c8b2703ce2d8f391
2023-09-23,2023/24,Serie A,Sassuolo,Juventus,4,2,6,3,9,football-data-csv,I1_2324.csv,https://www.football-data.co.uk/mmz4281/202324/I1.csv,2026-08-05 07:40:26,45,ad21e3188804e28cb6dc1bc253901689ce69c8cf08ea04d2bed2dade753dd89e
2023-09-24,2023/24,Serie A,Atalanta,Cagliari,2,0,7,7,14,football-data-csv,I1_2324.csv,https://www.football-data.co.uk/mmz4281/202324/I1.csv,2026-08-05 07:40:26,46,7f011c4f95a17afccd5b4741c67fb7ce496605ed9f3bc72954d07b9afef540f6
2023-09-24,2023/24,Serie A,Bologna,Napoli,0,0,5,5,10,football-data-csv,I1_2324.csv,https://www.football-data.co.uk/mmz4281/202324/I1.csv,2026-08-05 07:40:26,47,26fc36b76c4322820a4290636261e2079b7f7d3ee4d589c7cac288f7a7836a59
2023-09-24,2023/24,Serie A,Empoli,Inter,0,1,3,6,9,football-data-csv,I1_2324.csv,https://www.football-data.co.uk/mmz4281/202324/I1.csv,2026-08-05 07:40:26,48,0a597d28b4b27bbb03d467828495785d0f85b2e423433ab6238ca5c5170eb693
2023-09-24,2023/24,Serie A,Torino,Roma,1,1,7,1,8,football-data-csv,I1_2324.csv,https://www.football-data.co.uk/mmz4281/202324/I1.csv,2026-08-05 07:40:26,49,aa879a82a9e3260e8681103f7be92fc6147b32ec01aa281837b2d46be2463f59
2023-09-24,2023/24,Serie A,Udinese,Fiorentina,0,2,10,3,13,football-data-csv,I1_2324.csv,https://www.football-data.co.uk/mmz4281/202324/I1.csv,2026-08-05 07:40:26,50,37204dbd3536321280a2293e7b26524e4f61a2bf6259d960c05194a8f59ed014
2023-09-26,2023/24,Serie A,Juventus,Lecce,1,0,5,1,6,football-data-csv,I1_2324.csv,https://www.football-data.co.uk/mmz4281/202324/I1.csv,2026-08-05 07:40:26,51,6a66f057e08aa0227dcb469c73b089ab0826cc6e9a1471936c78bbe36ededf28
2023-09-27,2023/24,Serie A,Cagliari,Milan,1,3,3,5,8,football-data-csv,I1_2324.csv,https://www.football-data.co.uk/mmz4281/202324/I1.csv,2026-08-05 07:40:26,52,bd06928825b0f879e152302a9cdec4171efe542aef1db296f38181681c02ac39
2023-09-27,2023/24,Serie A,Empoli,Salernitana,1,0,10,2,12,football-data-csv,I1_2324.csv,https://www.football-data.co.uk/mmz4281/202324/I1.csv,2026-08-05 07:40:26,53,e6de12b574c414dcefb382706bae2d5962c9d1f6d434372978cc61e16c9034c1
2023-09-27,2023/24,Serie A,Inter,Sassuolo,1,2,8,6,14,football-data-csv,I1_2324.csv,https://www.football-data.co.uk/mmz4281/202324/I1.csv,2026-08-05 07:40:26,54,804783f92b58354c32f11fe130dc6aa753233adc4827794847b2302ac1addfa8
2023-09-27,2023/24,Serie A,Lazio,Torino,2,0,4,2,6,football-data-csv,I1_2324.csv,https://www.football-data.co.uk/mmz4281/202324/I1.csv,2026-08-05 07:40:26,55,df503b19b4389a8e1e5cd4e0cd04cd3a5e711643d4e2dbc43a20380defaeab7d
2023-09-27,2023/24,Serie A,Napoli,Udinese,4,1,8,4,12,football-data-csv,I1_2324.csv,https://www.football-data.co.uk/mmz4281/202324/I1.csv,2026-08-05 07:40:26,56,40eeb95830b2763232be911dd348350645976aefb460cc45d9c8de35ddfdd2b6
2023-09-27,2023/24,Serie A,Verona,Atalanta,0,1,4,1,5,football-data-csv,I1_2324.csv,https://www.football-data.co.uk/mmz4281/202324/I1.csv,2026-08-05 07:40:26,57,0edb835e73537e350b37b544d125c5f5726a858ca958b339b45d5da16b00c9fd
2023-09-28,2023/24,Serie A,Frosinone,Fiorentina,1,1,8,10,18,football-data-csv,I1_2324.csv,https://www.football-data.co.uk/mmz4281/202324/I1.csv,2026-08-05 07:40:26,58,8cfd74729ca61da1e5bda12bfa387f6927ec3c1ce1d36dfcfc7a552904c6e5a3
2023-09-28,2023/24,Serie A,Genoa,Roma,4,1,1,7,8,football-data-csv,I1_2324.csv,https://www.football-data.co.uk/mmz4281/202324/I1.csv,2026-08-05 07:40:26,59,ef050fbe11cdbecb3ef8eea19aad93567898f14233cadc9aa19bfe75eb21d7a4
2023-09-28,2023/24,Serie A,Monza,Bologna,0,0,7,5,12,football-data-csv,I1_2324.csv,https://www.football-data.co.uk/mmz4281/202324/I1.csv,2026-08-05 07:40:26,60,42be3d75db0554300cab329842c656c9eb88866b47bc32d6beb7f5333f3b1d29
2023-09-30,2023/24,Serie A,Lecce,Napoli,0,4,3,7,10,football-data-csv,I1_2324.csv,https://www.football-data.co.uk/mmz4281/202324/I1.csv,2026-08-05 07:40:26,61,225f324e82b30a5b0f0136eeea22dd531b108a87468b5675d2b31cbb38969f7c
2023-09-30,2023/24,Serie A,Milan,Lazio,2,0,7,1,8,football-data-csv,I1_2324.csv,https://www.football-data.co.uk/mmz4281/202324/I1.csv,2026-08-05 07:40:26,62,dd6bd167d1c3958534cd7bb97328fcc491e8821ac6e38c601bdadcd0004fcd98
2023-09-30,2023/24,Serie A,Salernitana,Inter,0,4,3,3,6,football-data-csv,I1_2324.csv,https://www.football-data.co.uk/mmz4281/202324/I1.csv,2026-08-05 07:40:26,63,b07dcc1754018bf54f508e95168bb29963de6209501083bf705d8f8095728409
2023-10-01,2023/24,Serie A,Atalanta,Juventus,0,0,5,2,7,football-data-csv,I1_2324.csv,https://www.football-data.co.uk/mmz4281/202324/I1.csv,2026-08-05 07:40:26,64,2e239e1ff28b1f401c930759f0ac294489c417e689261969d2dbfa4aa549c3da
2023-10-01,2023/24,Serie A,Bologna,Empoli,3,0,2,6,8,football-data-csv,I1_2324.csv,https://www.football-data.co.uk/mmz4281/202324/I1.csv,2026-08-05 07:40:26,65,a648462dbe7bbeeee3889172b802c0f492c26af276fac925e2978d3ecadc4945
2023-10-01,2023/24,Serie A,Roma,Frosinone,2,0,7,3,10,football-data-csv,I1_2324.csv,https://www.football-data.co.uk/mmz4281/202324/I1.csv,2026-08-05 07:40:26,66,ad4ef6e006fb84cb8eeb5d057e469aceb1f112972cb2d98951cc826d096ae29b
2023-10-01,2023/24,Serie A,Udinese,Genoa,2,2,5,0,5,football-data-csv,I1_2324.csv,https://www.football-data.co.uk/mmz4281/202324/I1.csv,2026-08-05 07:40:26,67,445e1a38f94cf0af8b7c6b79a4f1bc72b5f145eb62a5731ca5ce2729bff6ecd3
2023-10-02,2023/24,Serie A,Fiorentina,Cagliari,3,0,4,2,6,football-data-csv,I1_2324.csv,https://www.football-data.co.uk/mmz4281/202324/I1.csv,2026-08-05 07:40:26,68,a635b87c62167f9ae0c23120cc24c3c2bc1b1a7f165579f8c911ac186e2718e1
2023-10-02,2023/24,Serie A,Sassuolo,Monza,0,1,7,4,11,football-data-csv,I1_2324.csv,https://www.football-data.co.uk/mmz4281/202324/I1.csv,2026-08-05 07:40:26,69,34a5c96a7cb720abb1c7d0c6aa1d38108e328e2b09b267eb97e4912b1364bdab
2023-10-02,2023/24,Serie A,Torino,Verona,0,0,10,1,11,football-data-csv,I1_2324.csv,https://www.football-data.co.uk/mmz4281/202324/I1.csv,2026-08-05 07:40:26,70,885f36bf0cb27ffd2adf27a53cfb74a6336d00e377cc57d0d8246ef52bf4e636
2023-10-06,2023/24,Serie A,Empoli,Udinese,0,0,5,7,12,football-data-csv,I1_2324.csv,https://www.football-data.co.uk/mmz4281/202324/I1.csv,2026-08-05 07:40:26,71,789286149e6c613d8d1adc903ab214439e4f52bc176e57f9d5584979f1fe11dc
2023-10-06,2023/24,Serie A,Lecce,Sassuolo,1,1,5,3,8,football-data-csv,I1_2324.csv,https://www.football-data.co.uk/mmz4281/202324/I1.csv,2026-08-05 07:40:26,72,5abc0fe9d1ca066bc2c9f8706a8ee7160f03a51789d2bc5195c85019db54b5f4
2023-10-07,2023/24,Serie A,Genoa,Milan,0,1,3,2,5,football-data-csv,I1_2324.csv,https://www.football-data.co.uk/mmz4281/202324/I1.csv,2026-08-05 07:40:26,73,670ebbe0a750fcd39ace8d9cdbf0c16a9425a2d348fa3d6ded6d19fff9353734
2023-10-07,2023/24,Serie A,Inter,Bologna,2,2,7,7,14,football-data-csv,I1_2324.csv,https://www.football-data.co.uk/mmz4281/202324/I1.csv,2026-08-05 07:40:26,74,b1f21d4a1d6a18462751d382edb48d5fe4ab39d4e551461635740160b47294ba
2023-10-07,2023/24,Serie A,Juventus,Torino,2,0,7,3,10,football-data-csv,I1_2324.csv,https://www.football-data.co.uk/mmz4281/202324/I1.csv,2026-08-05 07:40:26,75,e493d28880b39cc9863c4130fe2e149db571c854c1f78d84cff0d90f66a3a2e6
2023-10-08,2023/24,Serie A,Cagliari,Roma,1,4,4,3,7,football-data-csv,I1_2324.csv,https://www.football-data.co.uk/mmz4281/202324/I1.csv,2026-08-05 07:40:26,76,57d0a925fe3b3ef8aeb4886109fa939dafa3459bb8c90d59da7a697e26f1db6d
2023-10-08,2023/24,Serie A,Frosinone,Verona,2,1,2,4,6,football-data-csv,I1_2324.csv,https://www.football-data.co.uk/mmz4281/202324/I1.csv,2026-08-05 07:40:26,77,d0a754e1509f00fbc12175af512c61197c65954b8f7acc943088faf7c6111f9f
2023-10-08,2023/24,Serie A,Lazio,Atalanta,3,2,4,6,10,football-data-csv,I1_2324.csv,https://www.football-data.co.uk/mmz4281/202324/I1.csv,2026-08-05 07:40:26,78,ca2c163eb62eaf651bed3628772c2710c493293bcd3383622692f083c7bc8bc3
2023-10-08,2023/24,Serie A,Monza,Salernitana,3,0,7,7,14,football-data-csv,I1_2324.csv,https://www.football-data.co.uk/mmz4281/202324/I1.csv,2026-08-05 07:40:26,79,d31269b71d813a10a5861ba28c1508639974bf064264be4aab0fa4500e820040
2023-10-08,2023/24,Serie A,Napoli,Fiorentina,1,3,6,4,10,football-data-csv,I1_2324.csv,https://www.football-data.co.uk/mmz4281/202324/I1.csv,2026-08-05 07:40:26,80,81eda410248f8d18796c6ee1aa10d5ce31113dcdc6198d1e9ecafefb8a0eb420
2023-10-21,2023/24,Serie A,Sassuolo,Lazio,0,2,5,7,12,football-data-csv,I1_2324.csv,https://www.football-data.co.uk/mmz4281/202324/I1.csv,2026-08-05 07:40:26,81,75dc3530ffbb42fc65a31a0fcff297439fbe151af481968d794f2a92cd953934
2023-10-21,2023/24,Serie A,Torino,Inter,0,3,2,4,6,football-data-csv,I1_2324.csv,https://www.football-data.co.uk/mmz4281/202324/I1.csv,2026-08-05 07:40:26,82,7c02af1a6665ae5b5f1f697a2d3306ce7d5228791fb7047ba2f0b570c236e7d6
2023-10-21,2023/24,Serie A,Verona,Napoli,1,3,5,8,13,football-data-csv,I1_2324.csv,https://www.football-data.co.uk/mmz4281/202324/I1.csv,2026-08-05 07:40:26,83,dcb695a3ad230839ad5007392d87d1462885690a3deb30674ab935781c2239f4
2023-10-22,2023/24,Serie A,Atalanta,Genoa,2,0,8,4,12,football-data-csv,I1_2324.csv,https://www.football-data.co.uk/mmz4281/202324/I1.csv,2026-08-05 07:40:26,84,ae27f0d288f6ac258e2b259493b82c0b53d1325b3cc35e879a7dbf6b33e90baf
2023-10-22,2023/24,Serie A,Bologna,Frosinone,2,1,4,5,9,football-data-csv,I1_2324.csv,https://www.football-data.co.uk/mmz4281/202324/I1.csv,2026-08-05 07:40:26,85,dbe45518331e989bad1fc7ecc7ecabc86f13f9d472ff0fd8454b3150b61a87df
2023-10-22,2023/24,Serie A,Milan,Juventus,0,1,6,3,9,football-data-csv,I1_2324.csv,https://www.football-data.co.uk/mmz4281/202324/I1.csv,2026-08-05 07:40:26,86,eda777edf9e0690e047f290d71e24291076c511c3b2903a2e3bfa172b1a92233
2023-10-22,2023/24,Serie A,Roma,Monza,1,0,8,5,13,football-data-csv,I1_2324.csv,https://www.football-data.co.uk/mmz4281/202324/I1.csv,2026-08-05 07:40:26,87,8fb9bbef96598b3d5d73868ae5b5173254590b963b1439c28458c3e6bee801b2
2023-10-22,2023/24,Serie A,Salernitana,Cagliari,2,2,8,5,13,football-data-csv,I1_2324.csv,https://www.football-data.co.uk/mmz4281/202324/I1.csv,2026-08-05 07:40:26,88,ff4c0db35946ec8f5eda445e5a4d19e4df69aad7cbf91b8f6716b0e11756ae4d
2023-10-23,2023/24,Serie A,Fiorentina,Empoli,0,2,13,3,16,football-data-csv,I1_2324.csv,https://www.football-data.co.uk/mmz4281/202324/I1.csv,2026-08-05 07:40:26,89,d1dbb71d99b6ea678c5e53ab67f0e0b69a7c63f5b03404270058fc6ad86483f2
2023-10-23,2023/24,Serie A,Udinese,Lecce,1,1,2,7,9,football-data-csv,I1_2324.csv,https://www.football-data.co.uk/mmz4281/202324/I1.csv,2026-08-05 07:40:26,90,68910a1a1422faae16b038a41e88fc768630134eb16f8033f5c506fa02ec203b
2023-10-27,2023/24,Serie A,Genoa,Salernitana,1,0,7,0,7,football-data-csv,I1_2324.csv,https://www.football-data.co.uk/mmz4281/202324/I1.csv,2026-08-05 07:40:26,91,74fa2e6052c2478d8a2b7bdc8b06708660c70f5c9a997be5193ef392799ac569
2023-10-28,2023/24,Serie A,Juventus,Verona,1,0,5,1,6,football-data-csv,I1_2324.csv,https://www.football-data.co.uk/mmz4281/202324/I1.csv,2026-08-05 07:40:26,92,1a95977263787f82b8360f60d5c05815fb174a616631cef59f16b840a0ac139f
2023-10-28,2023/24,Serie A,Lecce,Torino,0,1,3,0,3,football-data-csv,I1_2324.csv,https://www.football-data.co.uk/mmz4281/202324/I1.csv,2026-08-05 07:40:26,93,ac3f9c2958557bdce017391abb966ebc8c3c4b7e9f7c860ca90f03e0468e78f4
2023-10-28,2023/24,Serie A,Sassuolo,Bologna,1,1,6,2,8,football-data-csv,I1_2324.csv,https://www.football-data.co.uk/mmz4281/202324/I1.csv,2026-08-05 07:40:26,94,ed23586c24c630d99e1dd83b0e092ab5626d3fff43bc4ba4a4f4adb2fc0264b2
2023-10-29,2023/24,Serie A,Cagliari,Frosinone,4,3,5,7,12,football-data-csv,I1_2324.csv,https://www.football-data.co.uk/mmz4281/202324/I1.csv,2026-08-05 07:40:26,95,e78279091f6ff896c7d76d10d36f37a433e161d060ce95e5378f73777b4f0b07
2023-10-29,2023/24,Serie A,Inter,Roma,1,0,8,0,8,football-data-csv,I1_2324.csv,https://www.football-data.co.uk/mmz4281/202324/I1.csv,2026-08-05 07:40:26,96,d75da4d87628fa6e623487b9ae4b6a1f4215c3f3003ce8d3f770bb106f311161
2023-10-29,2023/24,Serie A,Monza,Udinese,1,1,10,3,13,football-data-csv,I1_2324.csv,https://www.football-data.co.uk/mmz4281/202324/I1.csv,2026-08-05 07:40:26,97,b2ec70eb5a5ac540aa3f6ed0ff4da57741e906c4d70f83d909baf4e4e439cec4
2023-10-29,2023/24,Serie A,Napoli,Milan,2,2,6,4,10,football-data-csv,I1_2324.csv,https://www.football-data.co.uk/mmz4281/202324/I1.csv,2026-08-05 07:40:26,98,767b95da66720c0a17e5c037ed4b91fbabac317b202feec6c1493511b8f9e9af
2023-10-30,2023/24,Serie A,Empoli,Atalanta,0,3,3,6,9,football-data-csv,I1_2324.csv,https://www.football-data.co.uk/mmz4281/202324/I1.csv,2026-08-05 07:40:26,99,212d683b77e7b655c72e5977fba190536aaa7310b284f921b858556f7db1afb4
2023-10-30,2023/24,Serie A,Lazio,Fiorentina,1,0,0,4,4,football-data-csv,I1_2324.csv,https://www.football-data.co.uk/mmz4281/202324/I1.csv,2026-08-05 07:40:26,100,c2d8c4f98c1c233157c193a651e1fa0f8ee4499b1076f836cb6070c523ffac14
2023-11-03,2023/24,Serie A,Bologna,Lazio,1,0,2,6,8,football-data-csv,I1_2324.csv,https://www.football-data.co.uk/mmz4281/202324/I1.csv,2026-08-05 07:40:26,101,55decc893887833079d88557f98ad7a38e5e10786f87c5e1ff6f9f0cf0813678
2023-11-04,2023/24,Serie A,Atalanta,Inter,1,2,6,1,7,football-data-csv,I1_2324.csv,https://www.football-data.co.uk/mmz4281/202324/I1.csv,2026-08-05 07:40:26,102,777cafa267ab5684571b7da7adadc23a4ea5a2974a866a010ecc38d9e0223266
2023-11-04,2023/24,Serie A,Milan,Udinese,0,1,11,5,16,football-data-csv,I1_2324.csv,https://www.football-data.co.uk/mmz4281/202324/I1.csv,2026-08-05 07:40:26,103,4dc17efacb716f6cf6033acc33f2090537364fd8dd344811ea8b078131335509
2023-11-04,2023/24,Serie A,Salernitana,Napoli,0,2,8,9,17,football-data-csv,I1_2324.csv,https://www.football-data.co.uk/mmz4281/202324/I1.csv,2026-08-05 07:40:26,104,4e64fd0a175a48a1ee3109ff7029fbbddc174632b272966162e697d2dd31a390
2023-11-05,2023/24,Serie A,Cagliari,Genoa,2,1,1,1,2,football-data-csv,I1_2324.csv,https://www.football-data.co.uk/mmz4281/202324/I1.csv,2026-08-05 07:40:26,105,28cae6f1ecd5f66b53d41bb5d97e03add5e2d28f279a4dd36978df85ae672eea
2023-11-05,2023/24,Serie A,Fiorentina,Juventus,0,1,9,2,11,football-data-csv,I1_2324.csv,https://www.football-data.co.uk/mmz4281/202324/I1.csv,2026-08-05 07:40:26,106,998fd857c49fe6cd1f52d1309abe14de4949c99a2cc13a9808fb08b176966b6d
2023-11-05,2023/24,Serie A,Roma,Lecce,2,1,5,2,7,football-data-csv,I1_2324.csv,https://www.football-data.co.uk/mmz4281/202324/I1.csv,2026-08-05 07:40:26,107,35ae0fb7e539cb036637bf4f165368d70e4ea35836b58b7dedde44958d0424b8
2023-11-05,2023/24,Serie A,Verona,Monza,1,3,2,6,8,football-data-csv,I1_2324.csv,https://www.football-data.co.uk/mmz4281/202324/I1.csv,2026-08-05 07:40:26,108,917cf941702f5c51bb8d89f23eaf2b213a693486b66e10dae26eea0dae902433
2023-11-06,2023/24,Serie A,Frosinone,Empoli,2,1,9,2,11,football-data-csv,I1_2324.csv,https://www.football-data.co.uk/mmz4281/202324/I1.csv,2026-08-05 07:40:26,109,3e4d02a1c40ca625b8095d4b2c44baf99d5205f26e58becebeefe9b0aecbb9f4
2023-11-06,2023/24,Serie A,Torino,Sassuolo,2,1,9,2,11,football-data-csv,I1_2324.csv,https://www.football-data.co.uk/mmz4281/202324/I1.csv,2026-08-05 07:40:26,110,c922e205513d18ce5c5ddba48da7f1b3817c41e381f6181c1859f3dc972395d2
2023-11-10,2023/24,Serie A,Genoa,Verona,1,0,6,7,13,football-data-csv,I1_2324.csv,https://www.football-data.co.uk/mmz4281/202324/I1.csv,2026-08-05 07:40:26,111,542ba14061e5544e5a9288b16dbe19eaa9baa79374ea6258cca310fd43ebcf34
2023-11-10,2023/24,Serie A,Sassuolo,Salernitana,2,2,11,0,11,football-data-csv,I1_2324.csv,https://www.football-data.co.uk/mmz4281/202324/I1.csv,2026-08-05 07:40:26,112,17356b4f68759aa9e361f8a3f4f146146419c55152127b284b0aa6fed57a9180
2023-11-11,2023/24,Serie A,Juventus,Cagliari,2,1,12,4,16,football-data-csv,I1_2324.csv,https://www.football-data.co.uk/mmz4281/202324/I1.csv,2026-08-05 07:40:26,113,798155b5217700bf61cc5e289aad176ece4403d9aeaecbcfb78aa486c694f4ed
2023-11-11,2023/24,Serie A,Lecce,Milan,2,2,3,1,4,football-data-csv,I1_2324.csv,https://www.football-data.co.uk/mmz4281/202324/I1.csv,2026-08-05 07:40:26,114,7dbc81b6b677f925ec94fce5a98f05ca57d55ddc2cd99ac94215c018e4ecb90a
2023-11-11,2023/24,Serie A,Monza,Torino,1,1,3,1,4,football-data-csv,I1_2324.csv,https://www.football-data.co.uk/mmz4281/202324/I1.csv,2026-08-05 07:40:26,115,fffd4425a99bb8d789a0a6221fd0f354bf2e06aefa3f2396721f01c1b727ffe1
2023-11-12,2023/24,Serie A,Fiorentina,Bologna,2,1,0,3,3,football-data-csv,I1_2324.csv,https://www.football-data.co.uk/mmz4281/202324/I1.csv,2026-08-05 07:40:26,116,36ef3938d96a4dc787a9bd48c44501b22a74c08206afe3d919fab82b6bdbfbf5
2023-11-12,2023/24,Serie A,Inter,Frosinone,2,0,9,4,13,football-data-csv,I1_2324.csv,https://www.football-data.co.uk/mmz4281/202324/I1.csv,2026-08-05 07:40:26,117,9f5312151eddff375c9015b35d3b2343d16a2cec00301832c1efae93520d0de6
2023-11-12,2023/24,Serie A,Lazio,Roma,0,0,4,1,5,football-data-csv,I1_2324.csv,https://www.football-data.co.uk/mmz4281/202324/I1.csv,2026-08-05 07:40:26,118,25d1665f9940a6c6267deb9a17750edd1ce7b35a7005ed9c50baa73a88d3aab3
2023-11-12,2023/24,Serie A,Napoli,Empoli,0,1,8,3,11,football-data-csv,I1_2324.csv,https://www.football-data.co.uk/mmz4281/202324/I1.csv,2026-08-05 07:40:26,119,c089a19bd62f686dd0d6870b7555ec5ec4da49c918165201bceb79280b95e984
2023-11-12,2023/24,Serie A,Udinese,Atalanta,1,1,7,7,14,football-data-csv,I1_2324.csv,https://www.football-data.co.uk/mmz4281/202324/I1.csv,2026-08-05 07:40:26,120,707bc9ddcab6af9ec420a40a1c1dda5cac366954368320de2d46dd7e031c69a6
2023-11-25,2023/24,Serie A,Atalanta,Napoli,1,2,5,4,9,football-data-csv,I1_2324.csv,https://www.football-data.co.uk/mmz4281/202324/I1.csv,2026-08-05 07:40:26,121,03e943b35c24a4f586aecec70826e107553d2cdb7814a34e13ff771874139e0c
2023-11-25,2023/24,Serie A,Milan,Fiorentina,1,0,3,11,14,football-data-csv,I1_2324.csv,https://www.football-data.co.uk/mmz4281/202324/I1.csv,2026-08-05 07:40:26,122,707cf3cd77629043b7add98b0ff1a60117ff2c53141096f207a98a10725ff71d
2023-11-25,2023/24,Serie A,Salernitana,Lazio,2,1,4,9,13,football-data-csv,I1_2324.csv,https://www.football-data.co.uk/mmz4281/202324/I1.csv,2026-08-05 07:40:26,123,b1a953885018a8eae461329eca208ce26fded77dd720006bccf87c813e41c43e
2023-11-26,2023/24,Serie A,Cagliari,Monza,1,1,10,11,21,football-data-csv,I1_2324.csv,https://www.football-data.co.uk/mmz4281/202324/I1.csv,2026-08-05 07:40:26,124,0a70a2ab72fa58a80c6d90b207ab13df18e2e12e63a14edc3491745e70b8958d
2023-11-26,2023/24,Serie A,Empoli,Sassuolo,3,4,6,5,11,football-data-csv,I1_2324.csv,https://www.football-data.co.uk/mmz4281/202324/I1.csv,2026-08-05 07:40:26,125,dff8ba80f94f3c24f3a39b7e871d5476c14d5395df94435d5c414ba7ad6a4fa0
2023-11-26,2023/24,Serie A,Frosinone,Genoa,2,1,4,2,6,football-data-csv,I1_2324.csv,https://www.football-data.co.uk/mmz4281/202324/I1.csv,2026-08-05 07:40:26,126,dc4d2854d1ad77c0709f9c1863a906e8b122519f5894a6ab22543fb348655a68
2023-11-26,2023/24,Serie A,Juventus,Inter,1,1,1,0,1,football-data-csv,I1_2324.csv,https://www.football-data.co.uk/mmz4281/202324/I1.csv,2026-08-05 07:40:26,127,7475633a1e45ab2415bd9d50817b34ed57a95481abe16057acb2d941817808ef
2023-11-26,2023/24,Serie A,Roma,Udinese,3,1,7,1,8,football-data-csv,I1_2324.csv,https://www.football-data.co.uk/mmz4281/202324/I1.csv,2026-08-05 07:40:26,128,b3e5a1d7aeef8720a3667e58cb7405eb1f8383e80663c2d6857654e856a3a12d
2023-11-27,2023/24,Serie A,Bologna,Torino,2,0,3,2,5,football-data-csv,I1_2324.csv,https://www.football-data.co.uk/mmz4281/202324/I1.csv,2026-08-05 07:40:26,129,05102946a0a0627f9e7326cacc30075d5c6cb4b6434a5522ba971f7f5fc2e12f
2023-11-27,2023/24,Serie A,Verona,Lecce,2,2,4,2,6,football-data-csv,I1_2324.csv,https://www.football-data.co.uk/mmz4281/202324/I1.csv,2026-08-05 07:40:26,130,2fd798b3d6422a800cc7bc6b9e8e9b911ad45ab8918a1dff3b1aa67b44f7f68e
2023-12-01,2023/24,Serie A,Monza,Juventus,1,2,7,3,10,football-data-csv,I1_2324.csv,https://www.football-data.co.uk/mmz4281/202324/I1.csv,2026-08-05 07:40:26,131,e7cffff449ec9f1177e9a845892f8d1b602b0f1d8babc3a886ffaf3e7de5c346
2023-12-02,2023/24,Serie A,Genoa,Empoli,1,1,5,3,8,football-data-csv,I1_2324.csv,https://www.football-data.co.uk/mmz4281/202324/I1.csv,2026-08-05 07:40:26,132,7f50f512b912084f171dfedf566c26ca0b15a048a01b1b24476abba49eb71c8f
2023-12-02,2023/24,Serie A,Lazio,Cagliari,1,0,4,3,7,football-data-csv,I1_2324.csv,https://www.football-data.co.uk/mmz4281/202324/I1.csv,2026-08-05 07:40:26,133,f42e6fdd44a348a476882405b43767e448a7000bd38f8ce04626ef2e6cbea5a1
2023-12-02,2023/24,Serie A,Milan,Frosinone,3,1,6,7,13,football-data-csv,I1_2324.csv,https://www.football-data.co.uk/mmz4281/202324/I1.csv,2026-08-05 07:40:26,134,76d51bdbfa1a469d78137da5cacf04fe46ce97d5cabe534569eb1b0030b554a3
2023-12-03,2023/24,Serie A,Fiorentina,Salernitana,3,0,3,2,5,football-data-csv,I1_2324.csv,https://www.football-data.co.uk/mmz4281/202324/I1.csv,2026-08-05 07:40:26,135,a8fca13568f2aad59d4534f8191b39a6a9da65ab6a6a94f3cffd9d72da046166
2023-12-03,2023/24,Serie A,Lecce,Bologna,1,1,6,3,9,football-data-csv,I1_2324.csv,https://www.football-data.co.uk/mmz4281/202324/I1.csv,2026-08-05 07:40:26,136,73d231d2a8f7b0e856a729e329d4c14073a0b2922048fefc9cff181ceba6f2b6
2023-12-03,2023/24,Serie A,Napoli,Inter,0,3,6,4,10,football-data-csv,I1_2324.csv,https://www.football-data.co.uk/mmz4281/202324/I1.csv,2026-08-05 07:40:26,137,2f3c99d3a07acfc9141608e053113e9c530642ad90018cffc34a7c1588012583
2023-12-03,2023/24,Serie A,Sassuolo,Roma,1,2,1,11,12,football-data-csv,I1_2324.csv,https://www.football-data.co.uk/mmz4281/202324/I1.csv,2026-08-05 07:40:26,138,304da71afa7a3900d88274cfc07becdb37be72361e1401025d5eaedcd1f2ed40
2023-12-03,2023/24,Serie A,Udinese,Verona,3,3,5,3,8,football-data-csv,I1_2324.csv,https://www.football-data.co.uk/mmz4281/202324/I1.csv,2026-08-05 07:40:26,139,3a985e72cdde39427751393ebaae2feae7a5c2a6685e312b79a358adb28b7507
2023-12-04,2023/24,Serie A,Torino,Atalanta,3,0,4,3,7,football-data-csv,I1_2324.csv,https://www.football-data.co.uk/mmz4281/202324/I1.csv,2026-08-05 07:40:26,140,25885529026c06784f8f8adfb9cac5167ff87612523b5f84d955fb2569746445
2023-12-08,2023/24,Serie A,Juventus,Napoli,1,0,3,6,9,football-data-csv,I1_2324.csv,https://www.football-data.co.uk/mmz4281/202324/I1.csv,2026-08-05 07:40:26,141,e54159f197af635a6df3f8662e5e142d8067254205dffc04a96ea88c277a8cba
2023-12-09,2023/24,Serie A,Atalanta,Milan,3,2,6,4,10,football-data-csv,I1_2324.csv,https://www.football-data.co.uk/mmz4281/202324/I1.csv,2026-08-05 07:40:26,142,648d3032e9603dcc0d410d10f0aecca4cac023a508eb6915e42e059aa1b62ba9
2023-12-09,2023/24,Serie A,Inter,Udinese,4,0,6,1,7,football-data-csv,I1_2324.csv,https://www.football-data.co.uk/mmz4281/202324/I1.csv,2026-08-05 07:40:26,143,0c9486389be0b6d022d07a96af35207745d1fc1ca1eac1b238b9202e426ee411
2023-12-09,2023/24,Serie A,Verona,Lazio,1,1,1,7,8,football-data-csv,I1_2324.csv,https://www.football-data.co.uk/mmz4281/202324/I1.csv,2026-08-05 07:40:26,144,40ca91310791b8956a1283323fce6a3b8a3e0945e461add1330a65459efdfc23
2023-12-10,2023/24,Serie A,Frosinone,Torino,0,0,3,8,11,football-data-csv,I1_2324.csv,https://www.football-data.co.uk/mmz4281/202324/I1.csv,2026-08-05 07:40:26,145,9b3c883175d66df24abf8656945f7de5e7f85d5c43a191ba6ec99b263e1b458a
2023-12-10,2023/24,Serie A,Monza,Genoa,1,0,2,3,5,football-data-csv,I1_2324.csv,https://www.football-data.co.uk/mmz4281/202324/I1.csv,2026-08-05 07:40:26,146,9c5bcf150afbf5197f39f6b77f6151929f38b81c7321492a79991fa0907ab037
2023-12-10,2023/24,Serie A,Roma,Fiorentina,1,1,1,6,7,football-data-csv,I1_2324.csv,https://www.football-data.co.uk/mmz4281/202324/I1.csv,2026-08-05 07:40:26,147,30d22e042bb067c6c0f5333afbb8dca81dc4d90bccf804d0e699afd125d7fe2c
2023-12-10,2023/24,Serie A,Salernitana,Bologna,1,2,5,1,6,football-data-csv,I1_2324.csv,https://www.football-data.co.uk/mmz4281/202324/I1.csv,2026-08-05 07:40:26,148,9f08fb8ee3de76978cf1bf6e6b848e15ba4d975ffdd6a9c747442b3076a1b957
2023-12-11,2023/24,Serie A,Cagliari,Sassuolo,2,1,10,4,14,football-data-csv,I1_2324.csv,https://www.football-data.co.uk/mmz4281/202324/I1.csv,2026-08-05 07:40:26,149,bedbaa7e798d23d784bbcc95891fab751980ca1a45d841f19f5949795df7ea83
2023-12-11,2023/24,Serie A,Empoli,Lecce,1,1,8,3,11,football-data-csv,I1_2324.csv,https://www.football-data.co.uk/mmz4281/202324/I1.csv,2026-08-05 07:40:26,150,45f268c08770a1e7d5630656a220ac936e06b7ec8bd2dfe40f21c9d7555b1226
2023-12-15,2023/24,Serie A,Genoa,Juventus,1,1,6,8,14,football-data-csv,I1_2324.csv,https://www.football-data.co.uk/mmz4281/202324/I1.csv,2026-08-05 07:40:26,151,fc10a8ac09fc0e02becc88c0cbc7ba88649d6ceb2b857ca60d75200fc34dd530
2023-12-16,2023/24,Serie A,Lecce,Frosinone,2,1,5,4,9,football-data-csv,I1_2324.csv,https://www.football-data.co.uk/mmz4281/202324/I1.csv,2026-08-05 07:40:26,152,4ca738fbb30ce369547095da53452e2861c0385783cf9b3b15b3dc4789f0300b
2023-12-16,2023/24,Serie A,Napoli,Cagliari,2,1,5,3,8,football-data-csv,I1_2324.csv,https://www.football-data.co.uk/mmz4281/202324/I1.csv,2026-08-05 07:40:26,153,1629dda9dae234fe8f3cc97b92c2fccb816acc6898752bdedf0b6a2756222d9f
2023-12-16,2023/24,Serie A,Torino,Empoli,1,0,6,4,10,football-data-csv,I1_2324.csv,https://www.football-data.co.uk/mmz4281/202324/I1.csv,2026-08-05 07:40:26,154,50ce272fc2a2842b612e4f00b7caf9bd938562df7bebbdb9390f72e9dbe0a4e3
2023-12-17,2023/24,Serie A,Bologna,Roma,2,0,0,4,4,football-data-csv,I1_2324.csv,https://www.football-data.co.uk/mmz4281/202324/I1.csv,2026-08-05 07:40:26,155,25279657aaa12add9f820677daf4264d838cec9c2691ebb0e5827dc3098cab97
2023-12-17,2023/24,Serie A,Fiorentina,Verona,1,0,1,6,7,football-data-csv,I1_2324.csv,https://www.football-data.co.uk/mmz4281/202324/I1.csv,2026-08-05 07:40:26,156,1af6ae42f61c5ae6a525170ebbca55f1eebbf75e46e0404d5391feeccf9d8fe7
2023-12-17,2023/24,Serie A,Lazio,Inter,0,2,8,7,15,football-data-csv,I1_2324.csv,https://www.football-data.co.uk/mmz4281/202324/I1.csv,2026-08-05 07:40:26,157,d854dc045c360e98c4a3f748057f3b5e76f88c30023474207a7e0c474d3b4ab3
2023-12-17,2023/24,Serie A,Milan,Monza,3,0,4,5,9,football-data-csv,I1_2324.csv,https://www.football-data.co.uk/mmz4281/202324/I1.csv,2026-08-05 07:40:26,158,96f42e6d0261508c57a522a18fc4db8e648083dd36dbe81969b03c474babf5c7
2023-12-17,2023/24,Serie A,Udinese,Sassuolo,2,2,1,13,14,football-data-csv,I1_2324.csv,https://www.football-data.co.uk/mmz4281/202324/I1.csv,2026-08-05 07:40:26,159,43d324e6b02018a8aefc17c6addd9dc8d9120d07633ee5d7c32f8fcc488fe8f8
2023-12-18,2023/24,Serie A,Atalanta,Salernitana,4,1,10,7,17,football-data-csv,I1_2324.csv,https://www.football-data.co.uk/mmz4281/202324/I1.csv,2026-08-05 07:40:26,160,312237c87148ac0c408a46239804638c09da54201f26f8be1ffc00b1e465b4f4
2023-12-22,2023/24,Serie A,Empoli,Lazio,0,2,8,9,17,football-data-csv,I1_2324.csv,https://www.football-data.co.uk/mmz4281/202324/I1.csv,2026-08-05 07:40:26,161,612d2f5847b4cbf0145b706ef8254d7ba1f128695d9ef9d09d1ba4e727f09caf
2023-12-22,2023/24,Serie A,Monza,Fiorentina,0,1,1,4,5,football-data-csv,I1_2324.csv,https://www.football-data.co.uk/mmz4281/202324/I1.csv,2026-08-05 07:40:26,162,87258418f3ecb3a2b898dfde85a49a7d037da6d6c64770f9fb2b7b6420942335
2023-12-22,2023/24,Serie A,Salernitana,Milan,2,2,6,6,12,football-data-csv,I1_2324.csv,https://www.football-data.co.uk/mmz4281/202324/I1.csv,2026-08-05 07:40:26,163,18a978b407b330500787be41028cf8df550433d48c9f0fedc4e4bfa9a543498e
2023-12-22,2023/24,Serie A,Sassuolo,Genoa,1,2,3,6,9,football-data-csv,I1_2324.csv,https://www.football-data.co.uk/mmz4281/202324/I1.csv,2026-08-05 07:40:26,164,9e5a49c1738cc4375f7b8f80f662aa381ea10aec9546d9af13c880700d7566e0
2023-12-23,2023/24,Serie A,Bologna,Atalanta,1,0,2,3,5,football-data-csv,I1_2324.csv,https://www.football-data.co.uk/mmz4281/202324/I1.csv,2026-08-05 07:40:26,165,2e6ed01798b7ebccdec452892f21203a2d07bfd80c9ea2d9d204d4397c239b4b
2023-12-23,2023/24,Serie A,Frosinone,Juventus,1,2,8,8,16,football-data-csv,I1_2324.csv,https://www.football-data.co.uk/mmz4281/202324/I1.csv,2026-08-05 07:40:26,166,edddf0d647abc5e460d5bf6756018f33dce0316c73534e596b3137714177a83a
2023-12-23,2023/24,Serie A,Inter,Lecce,2,0,16,2,18,football-data-csv,I1_2324.csv,https://www.football-data.co.uk/mmz4281/202324/I1.csv,2026-08-05 07:40:26,167,8ad77974209df8b2a1f012d9c7945b47ed2408e4aa570ab388a7308b238cf724
2023-12-23,2023/24,Serie A,Roma,Napoli,2,0,4,0,4,football-data-csv,I1_2324.csv,https://www.football-data.co.uk/mmz4281/202324/I1.csv,2026-08-05 07:40:26,168,b941206f95a74235e672f78ef7f748a6be7356a06e0904899765c5475525bf25
2023-12-23,2023/24,Serie A,Torino,Udinese,1,1,8,2,10,football-data-csv,I1_2324.csv,https://www.football-data.co.uk/mmz4281/202324/I1.csv,2026-08-05 07:40:26,169,30a93881ebf539ababb41a51fd3789222ce7a5c542010c5c8e12f92124c259ae
2023-12-23,2023/24,Serie A,Verona,Cagliari,2,0,11,7,18,football-data-csv,I1_2324.csv,https://www.football-data.co.uk/mmz4281/202324/I1.csv,2026-08-05 07:40:26,170,6af4ed76a8c350df11ea7d06166419f7526cf922e2adbe4fd7aae7afc1443aee
2023-12-29,2023/24,Serie A,Fiorentina,Torino,1,0,4,2,6,football-data-csv,I1_2324.csv,https://www.football-data.co.uk/mmz4281/202324/I1.csv,2026-08-05 07:40:26,171,a9f6b55165952c4fdcfe7a09d410fbaf27ea1e4021cb87027c35806901ff34a7
2023-12-29,2023/24,Serie A,Genoa,Inter,1,1,8,2,10,football-data-csv,I1_2324.csv,https://www.football-data.co.uk/mmz4281/202324/I1.csv,2026-08-05 07:40:26,172,095cbf6eb328ba7953fb73cd0fea75b70c5c23db8aa267dc50cc9e917bb0cf1e
2023-12-29,2023/24,Serie A,Lazio,Frosinone,3,1,6,2,8,football-data-csv,I1_2324.csv,https://www.football-data.co.uk/mmz4281/202324/I1.csv,2026-08-05 07:40:26,173,1602abad2e0cc4c691385dd4256c6c842e2891c03806a4a012199e905b3c5137
2023-12-29,2023/24,Serie A,Napoli,Monza,0,0,10,1,11,football-data-csv,I1_2324.csv,https://www.football-data.co.uk/mmz4281/202324/I1.csv,2026-08-05 07:40:26,174,35846a4be69d93827804eb8fcbfba64ae13f7580c80b496b9749201c9f10c8e5
2023-12-30,2023/24,Serie A,Atalanta,Lecce,1,0,5,6,11,football-data-csv,I1_2324.csv,https://www.football-data.co.uk/mmz4281/202324/I1.csv,2026-08-05 07:40:26,175,7e8c826a1b9055d1452da0c130c7ecbf99d45eb768c45367935fcb2fea889fca
2023-12-30,2023/24,Serie A,Cagliari,Empoli,0,0,8,6,14,football-data-csv,I1_2324.csv,https://www.football-data.co.uk/mmz4281/202324/I1.csv,2026-08-05 07:40:26,176,30cda2f9bc055775e40ab031943387fce109af15c06654805c230f574e393664
2023-12-30,2023/24,Serie A,Juventus,Roma,1,0,2,2,4,football-data-csv,I1_2324.csv,https://www.football-data.co.uk/mmz4281/202324/I1.csv,2026-08-05 07:40:26,177,b914e25da3bfe076f64dd91b06e573ef87d7846bdf91150bfc8350ce63d6ad74
2023-12-30,2023/24,Serie A,Milan,Sassuolo,1,0,6,5,11,football-data-csv,I1_2324.csv,https://www.football-data.co.uk/mmz4281/202324/I1.csv,2026-08-05 07:40:26,178,1cce836a80e1c1db6a28ec3c3cb2cc04f687b755cbc50e08255f33ee266f5aba
2023-12-30,2023/24,Serie A,Udinese,Bologna,3,0,7,7,14,football-data-csv,I1_2324.csv,https://www.football-data.co.uk/mmz4281/202324/I1.csv,2026-08-05 07:40:26,179,bf52a80ba78e096bb103ff61d62f49e33aae5c57af6650b364f7be41f574ff42
2023-12-30,2023/24,Serie A,Verona,Salernitana,0,1,7,6,13,football-data-csv,I1_2324.csv,https://www.football-data.co.uk/mmz4281/202324/I1.csv,2026-08-05 07:40:26,180,eab155313c10a4976459410af7f2bfdbfcef9a49444a699f9cc6206c15309ab1
2024-01-05,2023/24,Serie A,Bologna,Genoa,1,1,11,2,13,football-data-csv,I1_2324.csv,https://www.football-data.co.uk/mmz4281/202324/I1.csv,2026-08-05 07:40:26,181,9fff354a95270aa02b1bdcad6e16a8bd3393bc3597ef03bbe7d9cdf2a979ebaa
2024-01-06,2023/24,Serie A,Frosinone,Monza,2,3,5,1,6,football-data-csv,I1_2324.csv,https://www.football-data.co.uk/mmz4281/202324/I1.csv,2026-08-05 07:40:26,182,36cd8a059b33314814442d7723594e8d6e549781abaed3576bf261394369c71e
2024-01-06,2023/24,Serie A,Inter,Verona,2,1,7,0,7,football-data-csv,I1_2324.csv,https://www.football-data.co.uk/mmz4281/202324/I1.csv,2026-08-05 07:40:26,183,a64be6e28a2034ae715dce8e123c0144e0e2c2c2ef4dc6aacd01a10fb42cc3fa
2024-01-06,2023/24,Serie A,Lecce,Cagliari,1,1,7,6,13,football-data-csv,I1_2324.csv,https://www.football-data.co.uk/mmz4281/202324/I1.csv,2026-08-05 07:40:26,184,b1c8730b387faa684c6839691866d91537c8629d28cc1b33635088cdc4b66d10
2024-01-06,2023/24,Serie A,Sassuolo,Fiorentina,1,0,1,8,9,football-data-csv,I1_2324.csv,https://www.football-data.co.uk/mmz4281/202324/I1.csv,2026-08-05 07:40:26,185,3a2ff9dfadc0436c0f30eb02cb7f8716b190b0bf12350f65499abcf751518abf
2024-01-07,2023/24,Serie A,Empoli,Milan,0,3,6,6,12,football-data-csv,I1_2324.csv,https://www.football-data.co.uk/mmz4281/202324/I1.csv,2026-08-05 07:40:26,186,b419c754697de9c546d068669a8b88e119c2e1beb03df19c441fd8391327457c
2024-01-07,2023/24,Serie A,Roma,Atalanta,1,1,6,5,11,football-data-csv,I1_2324.csv,https://www.football-data.co.uk/mmz4281/202324/I1.csv,2026-08-05 07:40:26,187,aa1d2ca1540d63878cbf1899a7ed43ea6001cd715e8caafcd0f75b33bc9b59f8
2024-01-07,2023/24,Serie A,Salernitana,Juventus,1,2,2,8,10,football-data-csv,I1_2324.csv,https://www.football-data.co.uk/mmz4281/202324/I1.csv,2026-08-05 07:40:26,188,bdd3f53bd37f87568f7779b976de8630f58fd67c273351554b7e909ea5b447c9
2024-01-07,2023/24,Serie A,Torino,Napoli,3,0,2,5,7,football-data-csv,I1_2324.csv,https://www.football-data.co.uk/mmz4281/202324/I1.csv,2026-08-05 07:40:26,189,0f437b711089dda11b31cf9e09ab80e52a4cdffb30a978ebde2f741d3617a09b
2024-01-07,2023/24,Serie A,Udinese,Lazio,1,2,4,4,8,football-data-csv,I1_2324.csv,https://www.football-data.co.uk/mmz4281/202324/I1.csv,2026-08-05 07:40:26,190,a50ceab37791809f6a1c88beeab6fdc6eda8e454ab7831b86da14b296521c855
2024-01-13,2023/24,Serie A,Genoa,Torino,0,0,8,4,12,football-data-csv,I1_2324.csv,https://www.football-data.co.uk/mmz4281/202324/I1.csv,2026-08-05 07:40:26,191,9528c35666e69e4de701782e6815046af2047bf485d11706578721ae58c8db3f
2024-01-13,2023/24,Serie A,Monza,Inter,1,5,4,5,9,football-data-csv,I1_2324.csv,https://www.football-data.co.uk/mmz4281/202324/I1.csv,2026-08-05 07:40:26,192,2e354292039ecb183212d1802942affd45e142d48f2a8f67d37dc93adaf54da2
2024-01-13,2023/24,Serie A,Napoli,Salernitana,2,1,8,3,11,football-data-csv,I1_2324.csv,https://www.football-data.co.uk/mmz4281/202324/I1.csv,2026-08-05 07:40:26,193,5158aeb9df87e340571b04902e9d6692982ccf53892f6a5c1ee5ab9a1309aff1
2024-01-13,2023/24,Serie A,Verona,Empoli,2,1,5,9,14,football-data-csv,I1_2324.csv,https://www.football-data.co.uk/mmz4281/202324/I1.csv,2026-08-05 07:40:26,194,73e2c8d3f603e0ee9ab5bb293c6b686e9c7fc09d0425d796199895e711c52c55
2024-01-14,2023/24,Serie A,Cagliari,Bologna,2,1,2,5,7,football-data-csv,I1_2324.csv,https://www.football-data.co.uk/mmz4281/202324/I1.csv,2026-08-05 07:40:26,195,d6f02e20321f7c5d92f75362d1d7cae59cb9dc043a932ac366f1f0f5632044d9
2024-01-14,2023/24,Serie A,Fiorentina,Udinese,2,2,4,4,8,football-data-csv,I1_2324.csv,https://www.football-data.co.uk/mmz4281/202324/I1.csv,2026-08-05 07:40:26,196,470637da0bd2b2918ede2c2d1e25f48dcd7bac1a83215bd5bcb276096455d0c6
2024-01-14,2023/24,Serie A,Lazio,Lecce,1,0,2,5,7,football-data-csv,I1_2324.csv,https://www.football-data.co.uk/mmz4281/202324/I1.csv,2026-08-05 07:40:26,197,80f97feb928de2a4b97fdad540a04221a62741c1f6fe150846e7dd6bbe04673f
2024-01-14,2023/24,Serie A,Milan,Roma,3,1,2,5,7,football-data-csv,I1_2324.csv,https://www.football-data.co.uk/mmz4281/202324/I1.csv,2026-08-05 07:40:26,198,43653491f008bd0773e743bd4c829985b555f126820002c8351c55725485fed7
2024-01-15,2023/24,Serie A,Atalanta,Frosinone,5,0,8,2,10,football-data-csv,I1_2324.csv,https://www.football-data.co.uk/mmz4281/202324/I1.csv,2026-08-05 07:40:26,199,7892d3440a067c58224a4e075778971e48c5cbb8905f6b5fc3aa614085455bff
2024-01-16,2023/24,Serie A,Juventus,Sassuolo,3,0,5,2,7,football-data-csv,I1_2324.csv,https://www.football-data.co.uk/mmz4281/202324/I1.csv,2026-08-05 07:40:26,200,3486a07557a4389e63d6cbf287e6ed85b7da4f1eb6232823bc1645fb9a682ff2
2024-01-20,2023/24,Serie A,Roma,Verona,2,1,1,2,3,football-data-csv,I1_2324.csv,https://www.football-data.co.uk/mmz4281/202324/I1.csv,2026-08-05 07:40:26,201,37ea0668b17595b1b675ff2dfebcb0737217aea206ac8df23c476a4ca0a6b50f
2024-01-20,2023/24,Serie A,Udinese,Milan,2,3,5,7,12,football-data-csv,I1_2324.csv,https://www.football-data.co.uk/mmz4281/202324/I1.csv,2026-08-05 07:40:26,202,e722d6a2415879912d2869bdae70ba00f95ab594720514cd8195eddf559a64a1
2024-01-21,2023/24,Serie A,Empoli,Monza,3,0,1,7,8,football-data-csv,I1_2324.csv,https://www.football-data.co.uk/mmz4281/202324/I1.csv,2026-08-05 07:40:26,203,723affa1156e3ab2182d6d1d28823d95ba6510b2d03f69fdfdfa12623eb502d8
2024-01-21,2023/24,Serie A,Frosinone,Cagliari,3,1,8,4,12,football-data-csv,I1_2324.csv,https://www.football-data.co.uk/mmz4281/202324/I1.csv,2026-08-05 07:40:26,204,cfee19f799fc7e6940976f9d159f0d36ad073149a8f719178c3ec638c7113191
2024-01-21,2023/24,Serie A,Lecce,Juventus,0,3,5,5,10,football-data-csv,I1_2324.csv,https://www.football-data.co.uk/mmz4281/202324/I1.csv,2026-08-05 07:40:26,205,8a03c9f86bcef102798aa94145d8c81fa9e3a54e905ae4fd118fa4e87525c291
2024-01-21,2023/24,Serie A,Salernitana,Genoa,1,2,5,5,10,football-data-csv,I1_2324.csv,https://www.football-data.co.uk/mmz4281/202324/I1.csv,2026-08-05 07:40:26,206,c79dff2ba575134a4ece59e6d0a5d95d02aa6316628018c9c15c988095b488c6
2024-01-26,2023/24,Serie A,Cagliari,Torino,1,2,8,2,10,football-data-csv,I1_2324.csv,https://www.football-data.co.uk/mmz4281/202324/I1.csv,2026-08-05 07:40:26,207,23808bb42f65f9d82d576562924143e37b7cc9192b97ef4dc3420948954528d1
2024-01-27,2023/24,Serie A,Atalanta,Udinese,2,0,4,4,8,football-data-csv,I1_2324.csv,https://www.football-data.co.uk/mmz4281/202324/I1.csv,2026-08-05 07:40:26,208,f09c6bc2acd47076a15d3989de92e5df07f2dd1cec7ec726375dc56a9b7f1f68
2024-01-27,2023/24,Serie A,Juventus,Empoli,1,1,6,7,13,football-data-csv,I1_2324.csv,https://www.football-data.co.uk/mmz4281/202324/I1.csv,2026-08-05 07:40:26,209,f3bb0f2b231e5f2612562da74d7b2d200fe0f31c5f99a9823420ce90b630aa69
2024-01-27,2023/24,Serie A,Milan,Bologna,2,2,4,1,5,football-data-csv,I1_2324.csv,https://www.football-data.co.uk/mmz4281/202324/I1.csv,2026-08-05 07:40:26,210,606092954edce51ec6645e240c697a3ef171c03c3b11311f6ff4a9bddced884b
2024-01-28,2023/24,Serie A,Fiorentina,Inter,0,1,7,6,13,football-data-csv,I1_2324.csv,https://www.football-data.co.uk/mmz4281/202324/I1.csv,2026-08-05 07:40:26,211,2aacb6ae415b94b96743219c088594eafedd1f3c44f009d5cbecfa36cae03efd
2024-01-28,2023/24,Serie A,Genoa,Lecce,2,1,3,8,11,football-data-csv,I1_2324.csv,https://www.football-data.co.uk/mmz4281/202324/I1.csv,2026-08-05 07:40:26,212,26b1713913aa8721d44c9da343d9af5843b65e47b8ee5c46c2e9174ed7024b1d
2024-01-28,2023/24,Serie A,Lazio,Napoli,0,0,4,3,7,football-data-csv,I1_2324.csv,https://www.football-data.co.uk/mmz4281/202324/I1.csv,2026-08-05 07:40:26,213,433a52ef58318d3a3723b7229257364ca593e6aff99c1ecd190091421bbdbf3a
2024-01-28,2023/24,Serie A,Monza,Sassuolo,1,0,4,5,9,football-data-csv,I1_2324.csv,https://www.football-data.co.uk/mmz4281/202324/I1.csv,2026-08-05 07:40:26,214,bb8b566c9b3b83621c9a1111b96695ec1fbccf742725e70ad8b9a429c81b8307
2024-01-28,2023/24,Serie A,Verona,Frosinone,1,1,1,9,10,football-data-csv,I1_2324.csv,https://www.football-data.co.uk/mmz4281/202324/I1.csv,2026-08-05 07:40:26,215,99480277ccb36d64aac6ef9538600e260bc4db0014b43377cea2f0afc7793430
2024-01-29,2023/24,Serie A,Salernitana,Roma,1,2,5,1,6,football-data-csv,I1_2324.csv,https://www.football-data.co.uk/mmz4281/202324/I1.csv,2026-08-05 07:40:26,216,f32c54aaf967b83e1e53c9c58bd80cb690a344f476606f98f2daf58e3cca2a0c
2024-02-02,2023/24,Serie A,Lecce,Fiorentina,3,2,1,3,4,football-data-csv,I1_2324.csv,https://www.football-data.co.uk/mmz4281/202324/I1.csv,2026-08-05 07:40:26,217,f934445631b17d2d2817e60051be55138f45589cfbcf26f764c390ad5840d12b
2024-02-03,2023/24,Serie A,Bologna,Sassuolo,4,2,7,4,11,football-data-csv,I1_2324.csv,https://www.football-data.co.uk/mmz4281/202324/I1.csv,2026-08-05 07:40:26,218,24eb5f435dbd72bbf75481fd73e108f9ee54febedb202a70a687d29c5c967392
2024-02-03,2023/24,Serie A,Empoli,Genoa,0,0,6,6,12,football-data-csv,I1_2324.csv,https://www.football-data.co.uk/mmz4281/202324/I1.csv,2026-08-05 07:40:26,219,d8aa44fe34f8db1a35d56346a7a7e78fc4b8880bfe60f2036326153252599b6b
2024-02-03,2023/24,Serie A,Frosinone,Milan,2,3,2,4,6,football-data-csv,I1_2324.csv,https://www.football-data.co.uk/mmz4281/202324/I1.csv,2026-08-05 07:40:26,220,305cb1d26b1c5a6e4d5ab37cc71384372a049d815dfbdc82d79f7df86c49b8ba
2024-02-03,2023/24,Serie A,Udinese,Monza,0,0,7,4,11,football-data-csv,I1_2324.csv,https://www.football-data.co.uk/mmz4281/202324/I1.csv,2026-08-05 07:40:26,221,b88719e120df562db1eb634e4b8cc2c59e64fffce52ba61847de2fa4a0538299
2024-02-04,2023/24,Serie A,Atalanta,Lazio,3,1,6,1,7,football-data-csv,I1_2324.csv,https://www.football-data.co.uk/mmz4281/202324/I1.csv,2026-08-05 07:40:26,222,3bac762ec36fbbdc0feef7456c4c4acd17d70658dc4fab62159ae41f950a9b09
2024-02-04,2023/24,Serie A,Inter,Juventus,1,0,6,4,10,football-data-csv,I1_2324.csv,https://www.football-data.co.uk/mmz4281/202324/I1.csv,2026-08-05 07:40:26,223,86809ec306f1c7b0bfac854a13bd9a18d7a77d18de1b9a338bfb542503659558
2024-02-04,2023/24,Serie A,Napoli,Verona,2,1,9,2,11,football-data-csv,I1_2324.csv,https://www.football-data.co.uk/mmz4281/202324/I1.csv,2026-08-05 07:40:26,224,10da69f56edaed7d2a807ffec51f7a68d98778f2efb854603f20dad4ac3b389d
2024-02-04,2023/24,Serie A,Torino,Salernitana,0,0,10,1,11,football-data-csv,I1_2324.csv,https://www.football-data.co.uk/mmz4281/202324/I1.csv,2026-08-05 07:40:26,225,ffe972a338911fbef31d289d208665d0c0d144fc6b881f1a32fe409dfacde7e1
2024-02-05,2023/24,Serie A,Roma,Cagliari,4,0,7,5,12,football-data-csv,I1_2324.csv,https://www.football-data.co.uk/mmz4281/202324/I1.csv,2026-08-05 07:40:26,226,35a898e3c144eded190e342501ee05d546f2df58644d0ed668b991a9795a8122
2024-02-09,2023/24,Serie A,Salernitana,Empoli,1,3,4,8,12,football-data-csv,I1_2324.csv,https://www.football-data.co.uk/mmz4281/202324/I1.csv,2026-08-05 07:40:26,227,b3ba37b1b1d9740b9e34c11449314d74454c8370c416b6edd71eef36a439073c
2024-02-10,2023/24,Serie A,Cagliari,Lazio,1,3,7,8,15,football-data-csv,I1_2324.csv,https://www.football-data.co.uk/mmz4281/202324/I1.csv,2026-08-05 07:40:26,228,f149d8975ecf604dc8b089e4ead024d5b8b093393c39bc4289b9f915d70d1c6a
2024-02-10,2023/24,Serie A,Roma,Inter,2,4,3,8,11,football-data-csv,I1_2324.csv,https://www.football-data.co.uk/mmz4281/202324/I1.csv,2026-08-05 07:40:26,229,525ae7e069a0151eb4c3961be640b1b7af3b349b128ee8e9329ae4e6eeca4547
2024-02-10,2023/24,Serie A,Sassuolo,Torino,1,1,5,4,9,football-data-csv,I1_2324.csv,https://www.football-data.co.uk/mmz4281/202324/I1.csv,2026-08-05 07:40:26,230,fc5064ed0ec11095f61c9c5f7f09ce155fec84e35aa7d5fd0da28b1b924b773c
2024-02-11,2023/24,Serie A,Bologna,Lecce,4,0,4,3,7,football-data-csv,I1_2324.csv,https://www.football-data.co.uk/mmz4281/202324/I1.csv,2026-08-05 07:40:26,231,7288549d1fb296616243e5b1e3ca6c42fe214ae3229df75d78bc14dc29dee430
2024-02-11,2023/24,Serie A,Fiorentina,Frosinone,5,1,2,5,7,football-data-csv,I1_2324.csv,https://www.football-data.co.uk/mmz4281/202324/I1.csv,2026-08-05 07:40:26,232,f791534202dbcffbebc4cdf58b91ebd496b947882f12bae062a4563f86cccafb
2024-02-11,2023/24,Serie A,Genoa,Atalanta,1,4,7,4,11,football-data-csv,I1_2324.csv,https://www.football-data.co.uk/mmz4281/202324/I1.csv,2026-08-05 07:40:26,233,6e816d8365f1c1f80ec4710017d14786dbe1298b8ba576c05f30e0d53a11822c
2024-02-11,2023/24,Serie A,Milan,Napoli,1,0,1,2,3,football-data-csv,I1_2324.csv,https://www.football-data.co.uk/mmz4281/202324/I1.csv,2026-08-05 07:40:26,234,0cc6736e954e615a9969f396a37881f09c4ae7c722b897747e8d6836d4631c04
2024-02-11,2023/24,Serie A,Monza,Verona,0,0,5,2,7,football-data-csv,I1_2324.csv,https://www.football-data.co.uk/mmz4281/202324/I1.csv,2026-08-05 07:40:26,235,36ad90aaefa12ef5ad1f853c982b184161faa6bd134fa37174d51954aea2f7a9
2024-02-12,2023/24,Serie A,Juventus,Udinese,0,1,8,4,12,football-data-csv,I1_2324.csv,https://www.football-data.co.uk/mmz4281/202324/I1.csv,2026-08-05 07:40:26,236,c73c94af9d1e557549fb13aafe4c32b9787ce4b55658af1804c0e679240b936e
2024-02-14,2023/24,Serie A,Bologna,Fiorentina,2,0,2,3,5,football-data-csv,I1_2324.csv,https://www.football-data.co.uk/mmz4281/202324/I1.csv,2026-08-05 07:40:26,237,1f2e11e2923a58943f1d39cf4c1246b00fa95ce2939caf96609f2a97ab1e1bae
2024-02-16,2023/24,Serie A,Inter,Salernitana,4,0,18,0,18,football-data-csv,I1_2324.csv,https://www.football-data.co.uk/mmz4281/202324/I1.csv,2026-08-05 07:40:26,238,5f9a0fd93727d79ccf6426452d3a1819e9fd901924a21fd22da293485f9ac98b
2024-02-16,2023/24,Serie A,Torino,Lecce,2,0,5,5,10,football-data-csv,I1_2324.csv,https://www.football-data.co.uk/mmz4281/202324/I1.csv,2026-08-05 07:40:26,239,7ca55985a96d2404087c58f83b293bab577531cdacef976002507d0e068dcd54
2024-02-17,2023/24,Serie A,Atalanta,Sassuolo,3,0,11,5,16,football-data-csv,I1_2324.csv,https://www.football-data.co.uk/mmz4281/202324/I1.csv,2026-08-05 07:40:26,240,1930388d793c51d94d16aecedb499a25d49d538e8c86b8c7c3cb11d7c90c37b5
2024-02-17,2023/24,Serie A,Napoli,Genoa,1,1,7,2,9,football-data-csv,I1_2324.csv,https://www.football-data.co.uk/mmz4281/202324/I1.csv,2026-08-05 07:40:26,241,630aebee98d7a2515bdcfd25fd0b4c467b869169d0220ae6140d0f3673b4fbb6
2024-02-17,2023/24,Serie A,Verona,Juventus,2,2,5,4,9,football-data-csv,I1_2324.csv,https://www.football-data.co.uk/mmz4281/202324/I1.csv,2026-08-05 07:40:26,242,42bf6d401ad7d5d602e8551368b6741c2f5ecd323735dcf31802f1fd3157733d
2024-02-18,2023/24,Serie A,Empoli,Fiorentina,1,1,0,3,3,football-data-csv,I1_2324.csv,https://www.football-data.co.uk/mmz4281/202324/I1.csv,2026-08-05 07:40:26,243,5832651b4684ed8f9486eb35a915bfad7b0201735465e08c265877f773f98988
2024-02-18,2023/24,Serie A,Frosinone,Roma,0,3,10,2,12,football-data-csv,I1_2324.csv,https://www.football-data.co.uk/mmz4281/202324/I1.csv,2026-08-05 07:40:26,244,7ae5cf0203c2519f03449577a9226e2340a48eb35b1706f48bac241cc5dbcc42
2024-02-18,2023/24,Serie A,Lazio,Bologna,1,2,8,3,11,football-data-csv,I1_2324.csv,https://www.football-data.co.uk/mmz4281/202324/I1.csv,2026-08-05 07:40:26,245,b62f070a522d5f65625862e4b087cdfe3681ede9bbda19bae74f3e31056721e7
2024-02-18,2023/24,Serie A,Monza,Milan,4,2,7,3,10,football-data-csv,I1_2324.csv,https://www.football-data.co.uk/mmz4281/202324/I1.csv,2026-08-05 07:40:26,246,ed79f537adf1cb0dbe40898a12e3d4bd10231eb5bdcc8cabec684cbaab7d77de
2024-02-18,2023/24,Serie A,Udinese,Cagliari,1,1,3,4,7,football-data-csv,I1_2324.csv,https://www.football-data.co.uk/mmz4281/202324/I1.csv,2026-08-05 07:40:26,247,0077303cd456b3a43a9753ca9c45ef0024dc27d02a1cb87590689c31afa47675
2024-02-22,2023/24,Serie A,Torino,Lazio,0,2,7,4,11,football-data-csv,I1_2324.csv,https://www.football-data.co.uk/mmz4281/202324/I1.csv,2026-08-05 07:40:26,248,52765d079f179aa961553a5a9a937fc01a897a8c2f6f35ba85218946bb8d806f
2024-02-23,2023/24,Serie A,Bologna,Verona,2,0,11,1,12,football-data-csv,I1_2324.csv,https://www.football-data.co.uk/mmz4281/202324/I1.csv,2026-08-05 07:40:26,249,4e1b2bf9350d340aa6d9d54fd071bd7931b15f8e7ba2bb74badaf185b3a8c731
2024-02-24,2023/24,Serie A,Genoa,Udinese,2,0,8,3,11,football-data-csv,I1_2324.csv,https://www.football-data.co.uk/mmz4281/202324/I1.csv,2026-08-05 07:40:26,250,b6597c3504db8d4860918a3941a42e0abc13e64c56409ebacfc6e8912ba5e939
2024-02-24,2023/24,Serie A,Salernitana,Monza,0,2,7,11,18,football-data-csv,I1_2324.csv,https://www.football-data.co.uk/mmz4281/202324/I1.csv,2026-08-05 07:40:26,251,5e17877428f61da42c30c356fca399ecdb35c76eb382d7996a858be34b7eb934
2024-02-24,2023/24,Serie A,Sassuolo,Empoli,2,3,4,1,5,football-data-csv,I1_2324.csv,https://www.football-data.co.uk/mmz4281/202324/I1.csv,2026-08-05 07:40:26,252,72b1ef57806ff967e7493e83119bb3c5ec29af270d8d368ca0973a0703b63095
2024-02-25,2023/24,Serie A,Cagliari,Napoli,1,1,4,3,7,football-data-csv,I1_2324.csv,https://www.football-data.co.uk/mmz4281/202324/I1.csv,2026-08-05 07:40:26,253,9a8242d00581de0a5fb781869531439d70cc90ccc29d47609e2f5313d5789bc3
2024-02-25,2023/24,Serie A,Juventus,Frosinone,3,2,8,3,11,football-data-csv,I1_2324.csv,https://www.football-data.co.uk/mmz4281/202324/I1.csv,2026-08-05 07:40:26,254,69ecc6d8ef564b98be8bf753411f905afb696b442b63b15c9093d1a2c24f9f65
2024-02-25,2023/24,Serie A,Lecce,Inter,0,4,7,10,17,football-data-csv,I1_2324.csv,https://www.football-data.co.uk/mmz4281/202324/I1.csv,2026-08-05 07:40:26,255,2b9a4d8dcfa430e5cd67b049ebcd2dbd3bfea9815d343eaeb160f855d23e1ca0
2024-02-25,2023/24,Serie A,Milan,Atalanta,1,1,5,3,8,football-data-csv,I1_2324.csv,https://www.football-data.co.uk/mmz4281/202324/I1.csv,2026-08-05 07:40:26,256,784b586ba2627a8ca4a40470ee6080a75153962c4739413ca8581a4da49b1c59
2024-02-26,2023/24,Serie A,Fiorentina,Lazio,2,1,13,2,15,football-data-csv,I1_2324.csv,https://www.football-data.co.uk/mmz4281/202324/I1.csv,2026-08-05 07:40:26,257,a684321bb8aa2941ac1d3b106333bc2c88c9ed3d152fbf16f72fdbbcf2343608
2024-02-26,2023/24,Serie A,Roma,Torino,3,2,0,4,4,football-data-csv,I1_2324.csv,https://www.football-data.co.uk/mmz4281/202324/I1.csv,2026-08-05 07:40:26,258,586b64cc0794d8e552b18259bfa647b58c58578943854c86ea13ef2db0133da9
2024-02-28,2023/24,Serie A,Inter,Atalanta,4,0,4,1,5,football-data-csv,I1_2324.csv,https://www.football-data.co.uk/mmz4281/202324/I1.csv,2026-08-05 07:40:26,259,163ba788931b5f33f1063a6b7f388ff69eecfe1834ff6aeb9293514b321d96eb
2024-02-28,2023/24,Serie A,Sassuolo,Napoli,1,6,5,10,15,football-data-csv,I1_2324.csv,https://www.football-data.co.uk/mmz4281/202324/I1.csv,2026-08-05 07:40:26,260,c207c9be56b6f11df09a901f4dbdfac56c779a51248d604ce12aa1c2248e6ffe
2024-03-01,2023/24,Serie A,Lazio,Milan,0,1,2,5,7,football-data-csv,I1_2324.csv,https://www.football-data.co.uk/mmz4281/202324/I1.csv,2026-08-05 07:40:26,261,6605b3b3aacf84400d9b98629c37aa0214fc523c5c9e1b41c652ca9cafb35ba2
2024-03-02,2023/24,Serie A,Monza,Roma,1,4,6,3,9,football-data-csv,I1_2324.csv,https://www.football-data.co.uk/mmz4281/202324/I1.csv,2026-08-05 07:40:26,262,52d45c1023c89e82f72ea4e46e737af93832427108e10d73ac380eb0717d0503
2024-03-02,2023/24,Serie A,Torino,Fiorentina,0,0,4,5,9,football-data-csv,I1_2324.csv,https://www.football-data.co.uk/mmz4281/202324/I1.csv,2026-08-05 07:40:26,263,968e8d7a1f3d729a8abf8229add7f2d7d4e625e19b749de6fd3b2b99671c70e2
2024-03-02,2023/24,Serie A,Udinese,Salernitana,1,1,5,6,11,football-data-csv,I1_2324.csv,https://www.football-data.co.uk/mmz4281/202324/I1.csv,2026-08-05 07:40:26,264,48b1fc6b973721f1b6dd83d093be99a30c8e9f7b4dc03523e477c2886222aa60
2024-03-03,2023/24,Serie A,Atalanta,Bologna,1,2,6,2,8,football-data-csv,I1_2324.csv,https://www.football-data.co.uk/mmz4281/202324/I1.csv,2026-08-05 07:40:26,265,cd32662a0e21af95bdbb1879fa437fd3c3630ad52e40c0f8da33e4ae2ef4a7e3
2024-03-03,2023/24,Serie A,Empoli,Cagliari,0,1,9,2,11,football-data-csv,I1_2324.csv,https://www.football-data.co.uk/mmz4281/202324/I1.csv,2026-08-05 07:40:26,266,a5ab82c92c6fe800d170412e2fecf04426c80822fc419e3600d4a07c407ad7c8
2024-03-03,2023/24,Serie A,Frosinone,Lecce,1,1,12,8,20,football-data-csv,I1_2324.csv,https://www.football-data.co.uk/mmz4281/202324/I1.csv,2026-08-05 07:40:26,267,ee82dd4c35bfac7cc5c0c12705296052d178ceb573d3d969b4d4a337dead6610
2024-03-03,2023/24,Serie A,Napoli,Juventus,2,1,2,1,3,football-data-csv,I1_2324.csv,https://www.football-data.co.uk/mmz4281/202324/I1.csv,2026-08-05 07:40:26,268,03d2d34a2d6d829682367afde38be445dc3400cf6db2bbceef21a9be9afe603a
2024-03-03,2023/24,Serie A,Verona,Sassuolo,1,0,2,10,12,football-data-csv,I1_2324.csv,https://www.football-data.co.uk/mmz4281/202324/I1.csv,2026-08-05 07:40:26,269,ec9e9459d3bd9e574ede4d418bbe3b53aafc122ce5a3acf777cfae7265f7b8bc
2024-03-04,2023/24,Serie A,Inter,Genoa,2,1,4,5,9,football-data-csv,I1_2324.csv,https://www.football-data.co.uk/mmz4281/202324/I1.csv,2026-08-05 07:40:26,270,24bb1d43aac26e1c5644dd2bb0d11b1c89e947df344e18bd2d4a75312d6fe181
2024-03-08,2023/24,Serie A,Napoli,Torino,1,1,13,7,20,football-data-csv,I1_2324.csv,https://www.football-data.co.uk/mmz4281/202324/I1.csv,2026-08-05 07:40:26,271,d6ceb696a4b53db6d5e2559694450353d71dcd02ab76c73a2b2fc7fbde47dfc4
2024-03-09,2023/24,Serie A,Bologna,Inter,0,1,7,2,9,football-data-csv,I1_2324.csv,https://www.football-data.co.uk/mmz4281/202324/I1.csv,2026-08-05 07:40:26,272,739d73c9742b9d3d3cb8ca54db857be47dd86c71613b10a942a51c0a86c7046b
2024-03-09,2023/24,Serie A,Cagliari,Salernitana,4,2,5,4,9,football-data-csv,I1_2324.csv,https://www.football-data.co.uk/mmz4281/202324/I1.csv,2026-08-05 07:40:26,273,7621898391c68c8db2294b8efc722a71d78ccd2c98306777d1198f52de5191f9
2024-03-09,2023/24,Serie A,Genoa,Monza,2,3,10,1,11,football-data-csv,I1_2324.csv,https://www.football-data.co.uk/mmz4281/202324/I1.csv,2026-08-05 07:40:26,274,25f61412d9d5c3528f90d93da7709fd2baa48edac346bca286b570c73c8cd26d
2024-03-09,2023/24,Serie A,Sassuolo,Frosinone,1,0,1,2,3,football-data-csv,I1_2324.csv,https://www.football-data.co.uk/mmz4281/202324/I1.csv,2026-08-05 07:40:26,275,d82a28a6790741aab608e13936a01a235a91e195a68fcc6eef0ddeb9ac53ea76
2024-03-10,2023/24,Serie A,Fiorentina,Roma,2,2,8,2,10,football-data-csv,I1_2324.csv,https://www.football-data.co.uk/mmz4281/202324/I1.csv,2026-08-05 07:40:26,276,62697caf9ef9205b0b90bf69d7a0161fe5d7b3a80781da16c63dfe72566458af
2024-03-10,2023/24,Serie A,Juventus,Atalanta,2,2,4,3,7,football-data-csv,I1_2324.csv,https://www.football-data.co.uk/mmz4281/202324/I1.csv,2026-08-05 07:40:26,277,636fc2543074dedb706279b7e116a2b6180d723608f4ca6492cf3a4940d7b24a
2024-03-10,2023/24,Serie A,Lecce,Verona,0,1,11,6,17,football-data-csv,I1_2324.csv,https://www.football-data.co.uk/mmz4281/202324/I1.csv,2026-08-05 07:40:26,278,c8622e09964e77229ac20fe94e71f25ae3634ec978ef3139c4341cb219713825
2024-03-10,2023/24,Serie A,Milan,Empoli,1,0,11,4,15,football-data-csv,I1_2324.csv,https://www.football-data.co.uk/mmz4281/202324/I1.csv,2026-08-05 07:40:26,279,07401f31b3753428cf48c9f45e81baae99b0a784085a213dfa48b3e4c0b0188b
2024-03-11,2023/24,Serie A,Lazio,Udinese,1,2,9,5,14,football-data-csv,I1_2324.csv,https://www.football-data.co.uk/mmz4281/202324/I1.csv,2026-08-05 07:40:26,280,6a9058082ef50e2d5d59428a26420f62bc0e92f9f007ee9024894aba2f9e11a6
2024-03-15,2023/24,Serie A,Empoli,Bologna,0,1,7,6,13,football-data-csv,I1_2324.csv,https://www.football-data.co.uk/mmz4281/202324/I1.csv,2026-08-05 07:40:26,281,966ed20d0acf918474dfa976923a6f0796cb3ef12f83bd165cd573d85851ad37
2024-03-16,2023/24,Serie A,Frosinone,Lazio,2,3,9,4,13,football-data-csv,I1_2324.csv,https://www.football-data.co.uk/mmz4281/202324/I1.csv,2026-08-05 07:40:26,282,35c3dc6b5cc59ba9aaaaf563fbc656b1130ae6f527d05bb3d0ef188959b41635
2024-03-16,2023/24,Serie A,Monza,Cagliari,1,0,3,7,10,football-data-csv,I1_2324.csv,https://www.football-data.co.uk/mmz4281/202324/I1.csv,2026-08-05 07:40:26,283,c62ece9a109cbe355199186908702872a8e6a47965e2f6ab483bda3bfd49f501
2024-03-16,2023/24,Serie A,Salernitana,Lecce,0,1,7,1,8,football-data-csv,I1_2324.csv,https://www.football-data.co.uk/mmz4281/202324/I1.csv,2026-08-05 07:40:26,284,0c21dd97029b45d75f70d6a2e7e0291516d0dae1ecdf52c10a8822e23e2d9113
2024-03-16,2023/24,Serie A,Udinese,Torino,0,2,3,4,7,football-data-csv,I1_2324.csv,https://www.football-data.co.uk/mmz4281/202324/I1.csv,2026-08-05 07:40:26,285,bb963d72ec4a35d936c02ac495b4a0ce461c20f7415d457c0ddeece3ae2c5006
2024-03-17,2023/24,Serie A,Inter,Napoli,1,1,5,7,12,football-data-csv,I1_2324.csv,https://www.football-data.co.uk/mmz4281/202324/I1.csv,2026-08-05 07:40:26,286,d6c81eae913db14140d54a488ee0fc35482faa2f9dc58a3224a2831df1200046
2024-03-17,2023/24,Serie A,Juventus,Genoa,0,0,12,2,14,football-data-csv,I1_2324.csv,https://www.football-data.co.uk/mmz4281/202324/I1.csv,2026-08-05 07:40:26,287,7d347102927434e3e87c50b1d9103b233d2b5ec17e6190024748c31de28c78f3
2024-03-17,2023/24,Serie A,Roma,Sassuolo,1,0,4,7,11,football-data-csv,I1_2324.csv,https://www.football-data.co.uk/mmz4281/202324/I1.csv,2026-08-05 07:40:26,288,be8326b8fc25ec4b115fe671b38f028d300753c9554d1db24b98c6bfa91148a9
2024-03-17,2023/24,Serie A,Verona,Milan,1,3,3,5,8,football-data-csv,I1_2324.csv,https://www.football-data.co.uk/mmz4281/202324/I1.csv,2026-08-05 07:40:26,289,28ec23c73cd5c9045029561bb3c6169e710698a07847cd0f0b052e51352a6852
2024-03-30,2023/24,Serie A,Fiorentina,Milan,1,2,7,5,12,football-data-csv,I1_2324.csv,https://www.football-data.co.uk/mmz4281/202324/I1.csv,2026-08-05 07:40:26,290,9e8155169d926a36a7321aa549fcac3edabbab483a11b4b04b01e6453f38c061
2024-03-30,2023/24,Serie A,Genoa,Frosinone,1,1,3,8,11,football-data-csv,I1_2324.csv,https://www.football-data.co.uk/mmz4281/202324/I1.csv,2026-08-05 07:40:26,291,9581ff1bff13f7f5ea0a35d78f1a0310b02e44415b75631fd6398b2fca8cf271
2024-03-30,2023/24,Serie A,Lazio,Juventus,1,0,7,2,9,football-data-csv,I1_2324.csv,https://www.football-data.co.uk/mmz4281/202324/I1.csv,2026-08-05 07:40:26,292,20281d806e6a18c6b491393659c429d74bc656b37fd5b772476d0dd9c63b2d7f
2024-03-30,2023/24,Serie A,Napoli,Atalanta,0,3,7,5,12,football-data-csv,I1_2324.csv,https://www.football-data.co.uk/mmz4281/202324/I1.csv,2026-08-05 07:40:26,293,e03d8918ff23a1fe1b24a787e79f44f883ddd908f92e3849967a8530be52a882
2024-03-30,2023/24,Serie A,Torino,Monza,1,0,7,2,9,football-data-csv,I1_2324.csv,https://www.football-data.co.uk/mmz4281/202324/I1.csv,2026-08-05 07:40:26,294,2cbacf729e662b11fc6fe5e2ad0a7862f1bf545edce1e21b493b536012382118
2024-04-01,2023/24,Serie A,Bologna,Salernitana,3,0,5,3,8,football-data-csv,I1_2324.csv,https://www.football-data.co.uk/mmz4281/202324/I1.csv,2026-08-05 07:40:26,295,b34a414e5b7716be92c91403532554f5df0d469e6d1559e03d8a09294cdc0d44
2024-04-01,2023/24,Serie A,Cagliari,Verona,1,1,7,2,9,football-data-csv,I1_2324.csv,https://www.football-data.co.uk/mmz4281/202324/I1.csv,2026-08-05 07:40:26,296,edeae92c81872f111dbb68d6f4d73f91607c492ab069c04e02c51e90263efd7e
2024-04-01,2023/24,Serie A,Inter,Empoli,2,0,8,6,14,football-data-csv,I1_2324.csv,https://www.football-data.co.uk/mmz4281/202324/I1.csv,2026-08-05 07:40:26,297,ad2372a1ab4f6301c9fe93ceb27b22e8e0e0b309d7312aabee04f6cb722898b6
2024-04-01,2023/24,Serie A,Lecce,Roma,0,0,8,4,12,football-data-csv,I1_2324.csv,https://www.football-data.co.uk/mmz4281/202324/I1.csv,2026-08-05 07:40:26,298,cc7fe157ebac2259c2d308e31cea163c34b87adb757792cd18e4225e66c8feb6
2024-04-01,2023/24,Serie A,Sassuolo,Udinese,1,1,10,1,11,football-data-csv,I1_2324.csv,https://www.football-data.co.uk/mmz4281/202324/I1.csv,2026-08-05 07:40:26,299,ac9be164dd1e428499198057cc1a3b540bc226e3d5a539fb956a3905071c751c
2024-04-05,2023/24,Serie A,Salernitana,Sassuolo,2,2,4,9,13,football-data-csv,I1_2324.csv,https://www.football-data.co.uk/mmz4281/202324/I1.csv,2026-08-05 07:40:26,300,d79ef726025a1649442bf8ac5d0533ce44252862d5fb62b3e2367b249b7f6995
2024-04-06,2023/24,Serie A,Empoli,Torino,3,2,1,7,8,football-data-csv,I1_2324.csv,https://www.football-data.co.uk/mmz4281/202324/I1.csv,2026-08-05 07:40:26,301,618bf4fbc9145da16b22862b87f3f2cb0c08264112627a53931e016dd08f8d6a
2024-04-06,2023/24,Serie A,Milan,Lecce,3,0,5,1,6,football-data-csv,I1_2324.csv,https://www.football-data.co.uk/mmz4281/202324/I1.csv,2026-08-05 07:40:26,302,05e1c2863a535d32b931289da2f74ac9120bc41d0788377010e561f5aef9c79a
2024-04-06,2023/24,Serie A,Roma,Lazio,1,0,3,6,9,football-data-csv,I1_2324.csv,https://www.football-data.co.uk/mmz4281/202324/I1.csv,2026-08-05 07:40:26,303,f7f50598066989bd66585f86aee1a88c464913d4ec1c06d4a0c014f1d0b62346
2024-04-07,2023/24,Serie A,Cagliari,Atalanta,2,1,4,4,8,football-data-csv,I1_2324.csv,https://www.football-data.co.uk/mmz4281/202324/I1.csv,2026-08-05 07:40:26,304,b23cfeba1daff2f8f295ff9e615a779cee7b207b73908b397733c64d0fdd89f8
2024-04-07,2023/24,Serie A,Frosinone,Bologna,0,0,5,2,7,football-data-csv,I1_2324.csv,https://www.football-data.co.uk/mmz4281/202324/I1.csv,2026-08-05 07:40:26,305,f333953bd0c5fadeaa5842e8aa8b1dbf4527e1a4cedaf4870ef03a60948f005d
2024-04-07,2023/24,Serie A,Juventus,Fiorentina,1,0,5,6,11,football-data-csv,I1_2324.csv,https://www.football-data.co.uk/mmz4281/202324/I1.csv,2026-08-05 07:40:26,306,b8c73056530e0646a890149b21161bbfbeb74bb0a8f86156ed8446db849c7f4b
2024-04-07,2023/24,Serie A,Monza,Napoli,2,4,1,6,7,football-data-csv,I1_2324.csv,https://www.football-data.co.uk/mmz4281/202324/I1.csv,2026-08-05 07:40:26,307,7783820ab8e32efd3137522e3ed0f9f387493bd14dd398ef3a74b155656eec8c
2024-04-07,2023/24,Serie A,Verona,Genoa,1,2,5,3,8,football-data-csv,I1_2324.csv,https://www.football-data.co.uk/mmz4281/202324/I1.csv,2026-08-05 07:40:26,308,18118ae342a68cbf4c825c1653238974ff3053f62fd18e6c8a9d7439a10d6220
2024-04-08,2023/24,Serie A,Udinese,Inter,1,2,0,8,8,football-data-csv,I1_2324.csv,https://www.football-data.co.uk/mmz4281/202324/I1.csv,2026-08-05 07:40:26,309,084edee16d948d84faf8c1dde9e7cfcca9ddb54c1bfdafe5abd66fa5895e81de
2024-04-12,2023/24,Serie A,Lazio,Salernitana,4,1,9,0,9,football-data-csv,I1_2324.csv,https://www.football-data.co.uk/mmz4281/202324/I1.csv,2026-08-05 07:40:26,310,98642fb60c30cf94eb2e2c31d95e3610e4ea0ddeb2f455e65c056c9678e764a0
2024-04-13,2023/24,Serie A,Bologna,Monza,0,0,10,0,10,football-data-csv,I1_2324.csv,https://www.football-data.co.uk/mmz4281/202324/I1.csv,2026-08-05 07:40:26,311,9ce538d1ba7005f8c529aabd16b80803dd4b6b25615dae462aad7a8c99ea4d4d
2024-04-13,2023/24,Serie A,Lecce,Empoli,1,0,10,3,13,football-data-csv,I1_2324.csv,https://www.football-data.co.uk/mmz4281/202324/I1.csv,2026-08-05 07:40:26,312,09d0b91f234eae0e2d5ffe13a554a9cf49fbb110300310bf30e675ad32327c71
2024-04-13,2023/24,Serie A,Torino,Juventus,0,0,6,2,8,football-data-csv,I1_2324.csv,https://www.football-data.co.uk/mmz4281/202324/I1.csv,2026-08-05 07:40:26,313,ce4da9b77ff2d446da7e8d5fb64dfc62a5774d8c6cf374eedb4bc2383ed35842
2024-04-14,2023/24,Serie A,Inter,Cagliari,2,2,7,0,7,football-data-csv,I1_2324.csv,https://www.football-data.co.uk/mmz4281/202324/I1.csv,2026-08-05 07:40:26,314,a48b8d10963a799101a1d3f258d18c39eab50fac2de1962ee2e0cdf700246080
2024-04-14,2023/24,Serie A,Napoli,Frosinone,2,2,6,2,8,football-data-csv,I1_2324.csv,https://www.football-data.co.uk/mmz4281/202324/I1.csv,2026-08-05 07:40:26,315,1b82b5d90e90d8373eb377f622730c74d1dda52af0e6b4922dd9270a3a78dffb
2024-04-14,2023/24,Serie A,Sassuolo,Milan,3,3,2,6,8,football-data-csv,I1_2324.csv,https://www.football-data.co.uk/mmz4281/202324/I1.csv,2026-08-05 07:40:26,316,4341b99288b6f1f5314d80b48d05f043e9359aae03604229a2d48715103a988b
2024-04-15,2023/24,Serie A,Atalanta,Verona,2,2,5,4,9,football-data-csv,I1_2324.csv,https://www.football-data.co.uk/mmz4281/202324/I1.csv,2026-08-05 07:40:26,317,9495b74891de3867abde571bd0abf15f028cca8f529b5f85296679145c74f48d
2024-04-15,2023/24,Serie A,Fiorentina,Genoa,1,1,6,2,8,football-data-csv,I1_2324.csv,https://www.football-data.co.uk/mmz4281/202324/I1.csv,2026-08-05 07:40:26,318,c89fcc8c11feae90865376d1c4dbb1137b6b043013eb3a0baf35a5fa30698edf
2024-04-19,2023/24,Serie A,Cagliari,Juventus,2,2,4,3,7,football-data-csv,I1_2324.csv,https://www.football-data.co.uk/mmz4281/202324/I1.csv,2026-08-05 07:40:26,319,d4bbd93140bf0aa40e641af22c31148090006ce8ed260b2cba3ce1a81f1182c9
2024-04-19,2023/24,Serie A,Genoa,Lazio,0,1,2,9,11,football-data-csv,I1_2324.csv,https://www.football-data.co.uk/mmz4281/202324/I1.csv,2026-08-05 07:40:26,320,78c43be8e3581573b1ab491d6872e9f9d49a01dc01421b9e967f78d796e6e2e1
2024-04-20,2023/24,Serie A,Empoli,Napoli,1,0,2,8,10,football-data-csv,I1_2324.csv,https://www.football-data.co.uk/mmz4281/202324/I1.csv,2026-08-05 07:40:26,321,b0329ad857d89dea2ec482ba8b27f6d49f4bebf7e1209f992b046c7f4ef5b344
2024-04-20,2023/24,Serie A,Verona,Udinese,1,0,10,6,16,football-data-csv,I1_2324.csv,https://www.football-data.co.uk/mmz4281/202324/I1.csv,2026-08-05 07:40:26,322,f1a2f5b43833ede2cea14904017256084012425f7270e5b7947bd055e564be6c
2024-04-21,2023/24,Serie A,Monza,Atalanta,1,2,2,8,10,football-data-csv,I1_2324.csv,https://www.football-data.co.uk/mmz4281/202324/I1.csv,2026-08-05 07:40:26,323,499f915e86a5630fd5231ab9ac8bf4c8f4f7d82f7be76f8aa941c27871767fc9
2024-04-21,2023/24,Serie A,Salernitana,Fiorentina,0,2,2,5,7,football-data-csv,I1_2324.csv,https://www.football-data.co.uk/mmz4281/202324/I1.csv,2026-08-05 07:40:26,324,871fbceecdd0f505f3ea62f1dce28588275f1b408397915aa75307017db10914
2024-04-21,2023/24,Serie A,Sassuolo,Lecce,0,3,9,4,13,football-data-csv,I1_2324.csv,https://www.football-data.co.uk/mmz4281/202324/I1.csv,2026-08-05 07:40:26,325,c5f1c80e7564211595e6bf7a2612f2019afd1150387b848605c622322353bd23
2024-04-21,2023/24,Serie A,Torino,Frosinone,0,0,6,4,10,football-data-csv,I1_2324.csv,https://www.football-data.co.uk/mmz4281/202324/I1.csv,2026-08-05 07:40:26,326,0dd0280e7a684f95b529693d99c483f7a1ab7522563897548a8aae050c47b9f4
2024-04-22,2023/24,Serie A,Milan,Inter,1,2,5,3,8,football-data-csv,I1_2324.csv,https://www.football-data.co.uk/mmz4281/202324/I1.csv,2026-08-05 07:40:26,327,91a50e25d8b6a988c003a453ac2056407feb982e0d4d5d94b98b387e9722c7c2
2024-04-22,2023/24,Serie A,Roma,Bologna,1,3,8,2,10,football-data-csv,I1_2324.csv,https://www.football-data.co.uk/mmz4281/202324/I1.csv,2026-08-05 07:40:26,328,c6214838a8e72a2a3c0daeb457d73e0b00f97e8b32737618f237ae04f5f858fe
2024-04-25,2023/24,Serie A,Udinese,Roma,1,2,5,8,13,football-data-csv,I1_2324.csv,https://www.football-data.co.uk/mmz4281/202324/I1.csv,2026-08-05 07:40:26,329,ced9a2285e2d4d4cd383a9b46e767f05c9c65576b89c4695adbbdda51d10cddc
2024-04-26,2023/24,Serie A,Frosinone,Salernitana,3,0,7,3,10,football-data-csv,I1_2324.csv,https://www.football-data.co.uk/mmz4281/202324/I1.csv,2026-08-05 07:40:26,330,f1d4c6f804ae358fa1aadc5cf550602f98e78df510314d8b0881585242742882
2024-04-27,2023/24,Serie A,Juventus,Milan,0,0,9,4,13,football-data-csv,I1_2324.csv,https://www.football-data.co.uk/mmz4281/202324/I1.csv,2026-08-05 07:40:26,331,4af5dfee136ab4b01181c8f8988d2c7bba3c053ca7dd9c42be62951e21b3a423
2024-04-27,2023/24,Serie A,Lazio,Verona,1,0,4,2,6,football-data-csv,I1_2324.csv,https://www.football-data.co.uk/mmz4281/202324/I1.csv,2026-08-05 07:40:26,332,61c6f04eb2ccc691826e2f927b24b446c70bba1995cb94010c2ea46b3858b342
2024-04-27,2023/24,Serie A,Lecce,Monza,1,1,0,5,5,football-data-csv,I1_2324.csv,https://www.football-data.co.uk/mmz4281/202324/I1.csv,2026-08-05 07:40:26,333,4e511e471f57a569b1162dc7b21871e368bafdf992e7a56f012b3d377a6d5f24
2024-04-28,2023/24,Serie A,Atalanta,Empoli,2,0,8,1,9,football-data-csv,I1_2324.csv,https://www.football-data.co.uk/mmz4281/202324/I1.csv,2026-08-05 07:40:26,334,f2c4e8dfcc74ed37d7031e700dc530953ea0c5174eaa49fba599e0827fbc137d
2024-04-28,2023/24,Serie A,Bologna,Udinese,1,1,10,3,13,football-data-csv,I1_2324.csv,https://www.football-data.co.uk/mmz4281/202324/I1.csv,2026-08-05 07:40:26,335,13fcf5b664bd8c320be769fc30729196099d4b6fbb0766a8679509b73ec09da8
2024-04-28,2023/24,Serie A,Fiorentina,Sassuolo,5,1,10,2,12,football-data-csv,I1_2324.csv,https://www.football-data.co.uk/mmz4281/202324/I1.csv,2026-08-05 07:40:26,336,b987cd86e6660abf778481ba66ecc8878f3995eff67e0d8f15d0360e452fee61
2024-04-28,2023/24,Serie A,Inter,Torino,2,0,5,4,9,football-data-csv,I1_2324.csv,https://www.football-data.co.uk/mmz4281/202324/I1.csv,2026-08-05 07:40:26,337,ab6b207d301cc77c199413896f6fdca5f4d836dcef3786b69e1055cc2313ae27
2024-04-28,2023/24,Serie A,Napoli,Roma,2,2,9,2,11,football-data-csv,I1_2324.csv,https://www.football-data.co.uk/mmz4281/202324/I1.csv,2026-08-05 07:40:26,338,e08ad4e76b172038debd5cb815a72cc17c2ca309e9046de35fb95e02d75ce392
2024-04-29,2023/24,Serie A,Genoa,Cagliari,3,0,2,4,6,football-data-csv,I1_2324.csv,https://www.football-data.co.uk/mmz4281/202324/I1.csv,2026-08-05 07:40:26,339,c8ad578fcd888ec2f75b1bc2fd17ae7758aeac17fd6d6da916edc35cbba89b1a
2024-05-03,2023/24,Serie A,Torino,Bologna,0,0,2,4,6,football-data-csv,I1_2324.csv,https://www.football-data.co.uk/mmz4281/202324/I1.csv,2026-08-05 07:40:26,340,b23261ac312ddd00e62d757abb78b4437edfe6851e452edf47f0c56b22660282
2024-05-04,2023/24,Serie A,Monza,Lazio,2,2,5,4,9,football-data-csv,I1_2324.csv,https://www.football-data.co.uk/mmz4281/202324/I1.csv,2026-08-05 07:40:26,341,2a1ec88933e282b9f11a90782b5cb013d04a7346c53c4b82ae45b8cf2da3ff84
2024-05-04,2023/24,Serie A,Sassuolo,Inter,1,0,2,5,7,football-data-csv,I1_2324.csv,https://www.football-data.co.uk/mmz4281/202324/I1.csv,2026-08-05 07:40:26,342,af17a3455d6d0e96dda20061a16d1337362eac69a1609ea16bd034d9d22f7dba
2024-05-05,2023/24,Serie A,Cagliari,Lecce,1,1,3,10,13,football-data-csv,I1_2324.csv,https://www.football-data.co.uk/mmz4281/202324/I1.csv,2026-08-05 07:40:26,343,a1e5ca9a3b37fdd747f9a0526dbb6ab97653fc1f253311ea666faf7c1487ecd5
2024-05-05,2023/24,Serie A,Empoli,Frosinone,0,0,3,8,11,football-data-csv,I1_2324.csv,https://www.football-data.co.uk/mmz4281/202324/I1.csv,2026-08-05 07:40:26,344,08dbc94b5fe0d7e0cc50d42c9e9fccfdb0ffc72f0ef030ab326fccced48e0c2b
2024-05-05,2023/24,Serie A,Milan,Genoa,3,3,7,1,8,football-data-csv,I1_2324.csv,https://www.football-data.co.uk/mmz4281/202324/I1.csv,2026-08-05 07:40:26,345,0a9cfa4c33786ef7acbd0db51cb3dd12be98fc28c6eaf40a96b22e1749f90436
2024-05-05,2023/24,Serie A,Roma,Juventus,1,1,9,6,15,football-data-csv,I1_2324.csv,https://www.football-data.co.uk/mmz4281/202324/I1.csv,2026-08-05 07:40:26,346,28c348e4bf9047dc6672a3b7da0ea378ba8dfbc03001fb0dda4ad81b11a89f9e
2024-05-05,2023/24,Serie A,Verona,Fiorentina,2,1,1,2,3,football-data-csv,I1_2324.csv,https://www.football-data.co.uk/mmz4281/202324/I1.csv,2026-08-05 07:40:26,347,071fdd141df4c55cc410ba8299522fde87685189bb42018517487ac21b15157a
2024-05-06,2023/24,Serie A,Salernitana,Atalanta,1,2,1,7,8,football-data-csv,I1_2324.csv,https://www.football-data.co.uk/mmz4281/202324/I1.csv,2026-08-05 07:40:26,348,b653c0462dcbd2139c0c99f76d7375d3d6ff35afcaa4ac53eeff8a99fd7a02e8
2024-05-06,2023/24,Serie A,Udinese,Napoli,1,1,7,5,12,football-data-csv,I1_2324.csv,https://www.football-data.co.uk/mmz4281/202324/I1.csv,2026-08-05 07:40:26,349,2e89a8cb064fd4f81dda339cd6224c9b0febdd080890aaf72082415bece7bb18
2024-05-10,2023/24,Serie A,Frosinone,Inter,0,5,8,4,12,football-data-csv,I1_2324.csv,https://www.football-data.co.uk/mmz4281/202324/I1.csv,2026-08-05 07:40:26,350,15f3343a73d182918223aebdff9148311a2d23bf370370e7a8e9d2fe1524e4f5
2024-05-11,2023/24,Serie A,Milan,Cagliari,5,1,6,3,9,football-data-csv,I1_2324.csv,https://www.football-data.co.uk/mmz4281/202324/I1.csv,2026-08-05 07:40:26,351,d34c62983a7f0436980b7edd236ee54535e8800fba162fb54770beecec356d32
2024-05-11,2023/24,Serie A,Napoli,Bologna,0,2,9,3,12,football-data-csv,I1_2324.csv,https://www.football-data.co.uk/mmz4281/202324/I1.csv,2026-08-05 07:40:26,352,80ced91ecced7595693de76152cd2e41960bf8f856586f5826442d8f4f08ad67
2024-05-12,2023/24,Serie A,Atalanta,Roma,2,1,6,1,7,football-data-csv,I1_2324.csv,https://www.football-data.co.uk/mmz4281/202324/I1.csv,2026-08-05 07:40:26,353,516303c2958d4ae633a86422fdea012e3f22adc46deb2c5f90dc188d760cf3ba
2024-05-12,2023/24,Serie A,Genoa,Sassuolo,2,1,3,7,10,football-data-csv,I1_2324.csv,https://www.football-data.co.uk/mmz4281/202324/I1.csv,2026-08-05 07:40:26,354,29c7a4f2533480de37f81b4996b2a403bdd74e45b67396b4353dace309be354c
2024-05-12,2023/24,Serie A,Juventus,Salernitana,1,1,9,4,13,football-data-csv,I1_2324.csv,https://www.football-data.co.uk/mmz4281/202324/I1.csv,2026-08-05 07:40:26,355,d2278cf8125c06b8fc22d7118efbc2c531441aa4dc0593fc8a6ebde1bf3f08ce
2024-05-12,2023/24,Serie A,Lazio,Empoli,2,0,7,7,14,football-data-csv,I1_2324.csv,https://www.football-data.co.uk/mmz4281/202324/I1.csv,2026-08-05 07:40:26,356,76dd77a328eac8ba4882b229756e478a4a5f70281a40e5e1e71c6eff2756b62c
2024-05-12,2023/24,Serie A,Verona,Torino,1,2,7,4,11,football-data-csv,I1_2324.csv,https://www.football-data.co.uk/mmz4281/202324/I1.csv,2026-08-05 07:40:26,357,6ee023eedc0859131620ff0cb8f14f402a04be03fb76e3e2a545322f812eafb2
2024-05-13,2023/24,Serie A,Fiorentina,Monza,2,1,6,1,7,football-data-csv,I1_2324.csv,https://www.football-data.co.uk/mmz4281/202324/I1.csv,2026-08-05 07:40:26,358,4612966141fde514952efa7433b70bf106bc28cfa860f419ad853b01d6b1866c
2024-05-13,2023/24,Serie A,Lecce,Udinese,0,2,8,2,10,football-data-csv,I1_2324.csv,https://www.football-data.co.uk/mmz4281/202324/I1.csv,2026-08-05 07:40:26,359,3bed0690759a4d2dc0bd6649bf64243f34aa1c7a494ebdd2448a21d38986469f
2024-05-17,2023/24,Serie A,Fiorentina,Napoli,2,2,5,3,8,football-data-csv,I1_2324.csv,https://www.football-data.co.uk/mmz4281/202324/I1.csv,2026-08-05 07:40:26,360,eb79469e3a25dee871def247e4cc1eb067cd7fe96e102e170c255c6bce852d1a
2024-05-18,2023/24,Serie A,Lecce,Atalanta,0,2,2,5,7,football-data-csv,I1_2324.csv,https://www.football-data.co.uk/mmz4281/202324/I1.csv,2026-08-05 07:40:26,361,11094c52dbe504edb27ffe3c6aa76bd673a5fbfab5b8134cac1d398183d74302
2024-05-18,2023/24,Serie A,Torino,Milan,3,1,3,8,11,football-data-csv,I1_2324.csv,https://www.football-data.co.uk/mmz4281/202324/I1.csv,2026-08-05 07:40:26,362,7294dee9f6d407597a4b19db1b268da48d689bbfdb7cbbc93d0a5d9e97666109
2024-05-19,2023/24,Serie A,Inter,Lazio,1,1,8,0,8,football-data-csv,I1_2324.csv,https://www.football-data.co.uk/mmz4281/202324/I1.csv,2026-08-05 07:40:26,363,d76d5d6a2430d6458cd0d59f72e560998d3b928cdf9a56bedc5a590d2cfdd569
2024-05-19,2023/24,Serie A,Monza,Frosinone,0,1,3,4,7,football-data-csv,I1_2324.csv,https://www.football-data.co.uk/mmz4281/202324/I1.csv,2026-08-05 07:40:26,364,517709df313d09c84dc1926105194f96b88813239e0edeb9ab9ba19b34ad1992
2024-05-19,2023/24,Serie A,Roma,Genoa,1,0,6,3,9,football-data-csv,I1_2324.csv,https://www.football-data.co.uk/mmz4281/202324/I1.csv,2026-08-05 07:40:26,365,7a671e4e4b196ecfeceb89e0fd237415d6096a24122eb959d2a2e9e79980d51a
2024-05-19,2023/24,Serie A,Sassuolo,Cagliari,0,2,5,6,11,football-data-csv,I1_2324.csv,https://www.football-data.co.uk/mmz4281/202324/I1.csv,2026-08-05 07:40:26,366,479795a537935165653be60f46a25cd23f616b532db445f87dcaace4762176d9
2024-05-19,2023/24,Serie A,Udinese,Empoli,1,1,5,5,10,football-data-csv,I1_2324.csv,https://www.football-data.co.uk/mmz4281/202324/I1.csv,2026-08-05 07:40:26,367,b519f1e01af08adf5835e4d237a94588956deb1cd56d8e8012ff101dc0c96d38
2024-05-20,2023/24,Serie A,Bologna,Juventus,3,3,3,2,5,football-data-csv,I1_2324.csv,https://www.football-data.co.uk/mmz4281/202324/I1.csv,2026-08-05 07:40:26,368,f96f0a7fff272ed65a0f47d5ddc890b57d123ac1e8762044b118f97be8ccd3ec
2024-05-20,2023/24,Serie A,Salernitana,Verona,1,2,4,6,10,football-data-csv,I1_2324.csv,https://www.football-data.co.uk/mmz4281/202324/I1.csv,2026-08-05 07:40:26,369,f7642ac3fc1843c710f584ac42c4fd2b3ea82fcbd38c89113b8a15b717b82b30
2024-05-23,2023/24,Serie A,Cagliari,Fiorentina,2,3,4,5,9,football-data-csv,I1_2324.csv,https://www.football-data.co.uk/mmz4281/202324/I1.csv,2026-08-05 07:40:26,370,130e25c92bd4d2559fb42ffec6309e0ca33a0eae64d520c32313300b9f2255b1
2024-05-24,2023/24,Serie A,Genoa,Bologna,2,0,3,6,9,football-data-csv,I1_2324.csv,https://www.football-data.co.uk/mmz4281/202324/I1.csv,2026-08-05 07:40:26,371,433268387d67360a50c30100ff743f567fd879f4d4863d7d41b3c0e3765a8c28
2024-05-25,2023/24,Serie A,Juventus,Monza,2,0,3,4,7,football-data-csv,I1_2324.csv,https://www.football-data.co.uk/mmz4281/202324/I1.csv,2026-08-05 07:40:26,372,2a44474c83476605a57562949486b991993b2c0e9dc3938118829a24532b108b
2024-05-25,2023/24,Serie A,Milan,Salernitana,3,3,13,3,16,football-data-csv,I1_2324.csv,https://www.football-data.co.uk/mmz4281/202324/I1.csv,2026-08-05 07:40:26,373,ca1492831d71b5b98f992ee5f3b3cca574438c4098f3f36e4a7d1ec470bd154b
2024-05-26,2023/24,Serie A,Atalanta,Torino,3,0,2,5,7,football-data-csv,I1_2324.csv,https://www.football-data.co.uk/mmz4281/202324/I1.csv,2026-08-05 07:40:26,374,4bca8eb16dee363b798602a9d4162eb012d85f3e0b27ad109719109d67c10975
2024-05-26,2023/24,Serie A,Empoli,Roma,2,1,4,5,9,football-data-csv,I1_2324.csv,https://www.football-data.co.uk/mmz4281/202324/I1.csv,2026-08-05 07:40:26,375,a8e943138cc3523a7c8028c6de16f9d37020807c16942e743b5f4d0491503fe4
2024-05-26,2023/24,Serie A,Frosinone,Udinese,0,1,11,1,12,football-data-csv,I1_2324.csv,https://www.football-data.co.uk/mmz4281/202324/I1.csv,2026-08-05 07:40:26,376,22dc0a88f6ac4e0ad83561f4781442877c9f07c4b13c6eaba0ac57af1165d084
2024-05-26,2023/24,Serie A,Lazio,Sassuolo,1,1,5,3,8,football-data-csv,I1_2324.csv,https://www.football-data.co.uk/mmz4281/202324/I1.csv,2026-08-05 07:40:26,377,48688f279576251349586caaced8c23746617c8c0ce17ac9578a3d8a161b22cb
2024-05-26,2023/24,Serie A,Napoli,Lecce,0,0,4,1,5,football-data-csv,I1_2324.csv,https://www.football-data.co.uk/mmz4281/202324/I1.csv,2026-08-05 07:40:26,378,05d01c49bf216548a96d518fe1b5ca0ad77b712ce154a65207612fecbc0f09db
2024-05-26,2023/24,Serie A,Verona,Inter,2,2,9,3,12,football-data-csv,I1_2324.csv,https://www.football-data.co.uk/mmz4281/202324/I1.csv,2026-08-05 07:40:26,379,bbcccf2139c5817d96b0c7fab4bc157309719d74d50cfe422b7b423225fc8c91
2024-06-02,2023/24,Serie A,Atalanta,Fiorentina,2,3,4,4,8,football-data-csv,I1_2324.csv,https://www.football-data.co.uk/mmz4281/202324/I1.csv,2026-08-05 07:40:26,380,0dcaf1f245ae066b21ce3ea83da21c7ff7284bd30e82dd61576060e746bc6a82
2024-08-17,2024/25,Serie A,Empoli,Monza,0,0,7,3,10,football-data-csv,I1_2425.csv,https://www.football-data.co.uk/mmz4281/202425/I1.csv,2026-08-05 07:40:26,381,072c75017cc8d09729c1425e5d8910f4bc73a3e39ebc6447300fd931e1f039ae
2024-08-17,2024/25,Serie A,Genoa,Inter,2,2,1,4,5,football-data-csv,I1_2425.csv,https://www.football-data.co.uk/mmz4281/202425/I1.csv,2026-08-05 07:40:26,382,0954f462a693ab423e37a2ef33ff69c8a97342b9ae9086e83b9677005deb8059
2024-08-17,2024/25,Serie A,Milan,Torino,2,2,9,2,11,football-data-csv,I1_2425.csv,https://www.football-data.co.uk/mmz4281/202425/I1.csv,2026-08-05 07:40:26,383,668d317f9c180c78e70f0f40f0178e88d0e3fba3136f02b6742790b4bc8e14b7
2024-08-17,2024/25,Serie A,Parma,Fiorentina,1,1,4,9,13,football-data-csv,I1_2425.csv,https://www.football-data.co.uk/mmz4281/202425/I1.csv,2026-08-05 07:40:26,384,a91f2bec0f0a234b82ecd0cc0cccb4f62ec8b9dfece0be0f714a81c94681759a
2024-08-18,2024/25,Serie A,Bologna,Udinese,1,1,7,5,12,football-data-csv,I1_2425.csv,https://www.football-data.co.uk/mmz4281/202425/I1.csv,2026-08-05 07:40:26,385,593189d8f607f5199f7dba41962852ada30a31563f85dbd1eaca5cf9b485789e
2024-08-18,2024/25,Serie A,Cagliari,Roma,0,0,5,3,8,football-data-csv,I1_2425.csv,https://www.football-data.co.uk/mmz4281/202425/I1.csv,2026-08-05 07:40:26,386,5d1ed91d2df942fcac26c4692685cf2ae2a9786ba8ba958883e8f740ccf8b8d1
2024-08-18,2024/25,Serie A,Lazio,Venezia,3,1,6,3,9,football-data-csv,I1_2425.csv,https://www.football-data.co.uk/mmz4281/202425/I1.csv,2026-08-05 07:40:26,387,82150adcd905587b416c725b8f4cc54fa4f6e806e91e2050589748381d64608d
2024-08-18,2024/25,Serie A,Verona,Napoli,3,0,1,5,6,football-data-csv,I1_2425.csv,https://www.football-data.co.uk/mmz4281/202425/I1.csv,2026-08-05 07:40:26,388,19bf6693c28eb0ecca6ca530d05af7feed412e1da1a4413eca95ee0f4b1bb326
2024-08-19,2024/25,Serie A,Juventus,Como,3,0,3,0,3,football-data-csv,I1_2425.csv,https://www.football-data.co.uk/mmz4281/202425/I1.csv,2026-08-05 07:40:26,389,cad2ba977ff9030c6c9c3ae56cf45c9baac99c1b688b511e139a79194cc53578
2024-08-19,2024/25,Serie A,Lecce,Atalanta,0,4,5,3,8,football-data-csv,I1_2425.csv,https://www.football-data.co.uk/mmz4281/202425/I1.csv,2026-08-05 07:40:26,390,37cc54365961f3c9151af2c7ca275c5e22bb404a108a08cab4d732b8e0173332
2024-08-24,2024/25,Serie A,Inter,Lecce,2,0,10,6,16,football-data-csv,I1_2425.csv,https://www.football-data.co.uk/mmz4281/202425/I1.csv,2026-08-05 07:40:26,391,7427a6bf5fdda2666cf529baa98ba17b69b6a5f52d12fc3fd27fe162781bcb4f
2024-08-24,2024/25,Serie A,Monza,Genoa,0,1,8,3,11,football-data-csv,I1_2425.csv,https://www.football-data.co.uk/mmz4281/202425/I1.csv,2026-08-05 07:40:26,392,2a701b777c261711b0d0023719691e659dfcb83a13074eecc9f163ad5fa16b23
2024-08-24,2024/25,Serie A,Parma,Milan,2,1,3,9,12,football-data-csv,I1_2425.csv,https://www.football-data.co.uk/mmz4281/202425/I1.csv,2026-08-05 07:40:26,393,93b8903a0d1eb1abdf2d907b82f5eb70ca6e236626e21a566684b9789997cb11
2024-08-24,2024/25,Serie A,Udinese,Lazio,2,1,4,13,17,football-data-csv,I1_2425.csv,https://www.football-data.co.uk/mmz4281/202425/I1.csv,2026-08-05 07:40:26,394,adce204e14a2e3dcb1f02c3ee9e419d8449a911e70216bfebf2d9bc3a81c282e
2024-08-25,2024/25,Serie A,Fiorentina,Venezia,0,0,7,3,10,football-data-csv,I1_2425.csv,https://www.football-data.co.uk/mmz4281/202425/I1.csv,2026-08-05 07:40:26,395,5fc3ad1a363b3ffdf4cf8b61b384697ac62c80240a9a66ccab55497a48465057
2024-08-25,2024/25,Serie A,Napoli,Bologna,3,0,7,5,12,football-data-csv,I1_2425.csv,https://www.football-data.co.uk/mmz4281/202425/I1.csv,2026-08-05 07:40:26,396,dda4d0fbf53d612e75e0b9788ef8208843f978276f9e0eeab4a3fb9a0f0494a6
2024-08-25,2024/25,Serie A,Roma,Empoli,1,2,8,5,13,football-data-csv,I1_2425.csv,https://www.football-data.co.uk/mmz4281/202425/I1.csv,2026-08-05 07:40:26,397,ce1c6042e9c3471379837ec700d2be33845a5cdff973a06655b4134c55b4f400
2024-08-25,2024/25,Serie A,Torino,Atalanta,2,1,4,6,10,football-data-csv,I1_2425.csv,https://www.football-data.co.uk/mmz4281/202425/I1.csv,2026-08-05 07:40:26,398,785b8f26e085d9e13c151a2cf0969212f3f66a3a77f1d1ddc54ff762b5ce33aa
2024-08-26,2024/25,Serie A,Cagliari,Como,1,1,5,6,11,football-data-csv,I1_2425.csv,https://www.football-data.co.uk/mmz4281/202425/I1.csv,2026-08-05 07:40:26,399,3dc898e1c18538ef43e0de889d23989f1fd62693ebf3ad833acbe09d059cc868
2024-08-26,2024/25,Serie A,Verona,Juventus,0,3,4,1,5,football-data-csv,I1_2425.csv,https://www.football-data.co.uk/mmz4281/202425/I1.csv,2026-08-05 07:40:26,400,b961650f3cd6c975a1f206e10b1fd7bafb2fa286a3fab303a0024177f6d136c6
2024-08-30,2024/25,Serie A,Inter,Atalanta,4,0,3,4,7,football-data-csv,I1_2425.csv,https://www.football-data.co.uk/mmz4281/202425/I1.csv,2026-08-05 07:40:26,401,611baaffcd3506315642755ea57b6c7603030342bc50c6e1ed59428460653a8e
2024-08-30,2024/25,Serie A,Venezia,Torino,0,1,3,3,6,football-data-csv,I1_2425.csv,https://www.football-data.co.uk/mmz4281/202425/I1.csv,2026-08-05 07:40:26,402,1b8c3ce26f1aa1922c263cd164e811b868bab30801b89556da2d5e6160b94d7e
2024-08-31,2024/25,Serie A,Bologna,Empoli,1,1,6,3,9,football-data-csv,I1_2425.csv,https://www.football-data.co.uk/mmz4281/202425/I1.csv,2026-08-05 07:40:26,403,a51b8e27dc03e372cf9e01377f77b060484541e3f9627905a9f1f9d0d1a0c960
2024-08-31,2024/25,Serie A,Lazio,Milan,2,2,5,7,12,football-data-csv,I1_2425.csv,https://www.football-data.co.uk/mmz4281/202425/I1.csv,2026-08-05 07:40:26,404,bd42aafbd1df41e5947fcfa3cb1d750e60b64fcc684c0df14f8ddfb2690dcb43
2024-08-31,2024/25,Serie A,Lecce,Cagliari,1,0,7,10,17,football-data-csv,I1_2425.csv,https://www.football-data.co.uk/mmz4281/202425/I1.csv,2026-08-05 07:40:26,405,4275c6ba974185cda7e8b8ef35308c2fe8889fb539aba262c128970ab62a3d21
2024-08-31,2024/25,Serie A,Napoli,Parma,2,1,6,4,10,football-data-csv,I1_2425.csv,https://www.football-data.co.uk/mmz4281/202425/I1.csv,2026-08-05 07:40:26,406,729f2c03cc0b5e6de3fc704d5ab0414e372377f3ce97842f427641ee4bfe8025
2024-09-01,2024/25,Serie A,Fiorentina,Monza,2,2,6,0,6,football-data-csv,I1_2425.csv,https://www.football-data.co.uk/mmz4281/202425/I1.csv,2026-08-05 07:40:26,407,edf433732823443b490ed97853bef41286b75642c832a80a9d5c613afcca1c35
2024-09-01,2024/25,Serie A,Genoa,Verona,0,2,3,1,4,football-data-csv,I1_2425.csv,https://www.football-data.co.uk/mmz4281/202425/I1.csv,2026-08-05 07:40:26,408,60064125e9ea64081e2defc3bdbeed9ff80a6af03af28950371532f8c65b644e
2024-09-01,2024/25,Serie A,Juventus,Roma,0,0,6,4,10,football-data-csv,I1_2425.csv,https://www.football-data.co.uk/mmz4281/202425/I1.csv,2026-08-05 07:40:26,409,c1c88d953c2ad278da69cdd43359009f5d81dd5a09b1fee29ce2ac51716c0379
2024-09-01,2024/25,Serie A,Udinese,Como,1,0,4,6,10,football-data-csv,I1_2425.csv,https://www.football-data.co.uk/mmz4281/202425/I1.csv,2026-08-05 07:40:26,410,ba57194853d519137f95bc5cd75d0fdd78bdc93e9bd6b724a89b877b3b995fb4
2024-09-14,2024/25,Serie A,Como,Bologna,2,2,4,3,7,football-data-csv,I1_2425.csv,https://www.football-data.co.uk/mmz4281/202425/I1.csv,2026-08-05 07:40:26,411,3272a787de96522f469d54323b948a62f38ecd8573804ae09c4b2e5cafad2193
2024-09-14,2024/25,Serie A,Empoli,Juventus,0,0,4,8,12,football-data-csv,I1_2425.csv,https://www.football-data.co.uk/mmz4281/202425/I1.csv,2026-08-05 07:40:26,412,4d3a7cde82c09f3378d67049d611e09300cb87674c0ebf6967e56e83dfbc8500
2024-09-14,2024/25,Serie A,Milan,Venezia,4,0,6,1,7,football-data-csv,I1_2425.csv,https://www.football-data.co.uk/mmz4281/202425/I1.csv,2026-08-05 07:40:26,413,cf30066133deb78627d5d4a2b1f5f81ae356a9f00458ff00e950986f68b94262
2024-09-15,2024/25,Serie A,Atalanta,Fiorentina,3,2,4,2,6,football-data-csv,I1_2425.csv,https://www.football-data.co.uk/mmz4281/202425/I1.csv,2026-08-05 07:40:26,414,30ddc7d6d37813900f62bf1ec385029a0b935fbee6f8e55c0c7d48674c00caed
2024-09-15,2024/25,Serie A,Cagliari,Napoli,0,4,7,4,11,football-data-csv,I1_2425.csv,https://www.football-data.co.uk/mmz4281/202425/I1.csv,2026-08-05 07:40:26,415,4fa53ee9e12fb060ae53f07c0bf89dbb332a239e21dbe2b9e9eba9adfde2de40
2024-09-15,2024/25,Serie A,Genoa,Roma,1,1,4,5,9,football-data-csv,I1_2425.csv,https://www.football-data.co.uk/mmz4281/202425/I1.csv,2026-08-05 07:40:26,416,c610c0ef8558313e94bdcf0da3f1525d9c29606eed1e7d67bf73551414add537
2024-09-15,2024/25,Serie A,Monza,Inter,1,1,1,8,9,football-data-csv,I1_2425.csv,https://www.football-data.co.uk/mmz4281/202425/I1.csv,2026-08-05 07:40:26,417,26bf65e832587db83b871a5246285d491e3c21cd634fe0f82a590a19bcfe925f
2024-09-15,2024/25,Serie A,Torino,Lecce,0,0,2,7,9,football-data-csv,I1_2425.csv,https://www.football-data.co.uk/mmz4281/202425/I1.csv,2026-08-05 07:40:26,418,0090d9600d43d8acc6bea2d3b4c71def186c5a3467cd74ecb7ae55d6ccf30a3e
2024-09-16,2024/25,Serie A,Lazio,Verona,2,1,9,6,15,football-data-csv,I1_2425.csv,https://www.football-data.co.uk/mmz4281/202425/I1.csv,2026-08-05 07:40:26,419,4b471ffdb4201b06e13cf38fc922e9461ec1e0bd6c963262ebe3160498b91787
2024-09-16,2024/25,Serie A,Parma,Udinese,2,3,5,6,11,football-data-csv,I1_2425.csv,https://www.football-data.co.uk/mmz4281/202425/I1.csv,2026-08-05 07:40:26,420,cfccb0a6b14595ae6bf1f20ca33f830e5727f891191d8805bc5c6027e963ceda
2024-09-20,2024/25,Serie A,Cagliari,Empoli,0,2,10,4,14,football-data-csv,I1_2425.csv,https://www.football-data.co.uk/mmz4281/202425/I1.csv,2026-08-05 07:40:26,421,b3a48d60d1368db96a346952334ab322747f4e73a39caa545220c730626de5e4
2024-09-20,2024/25,Serie A,Verona,Torino,2,3,5,6,11,football-data-csv,I1_2425.csv,https://www.football-data.co.uk/mmz4281/202425/I1.csv,2026-08-05 07:40:26,422,96226e4a58ffe83d2b20491e3b38734346f369ac9d57aaf94cd1c5fd0e0778f8
2024-09-21,2024/25,Serie A,Juventus,Napoli,0,0,4,3,7,football-data-csv,I1_2425.csv,https://www.football-data.co.uk/mmz4281/202425/I1.csv,2026-08-05 07:40:26,423,490e7a2c9c4845396afdc4c6cc60d39fe89077d85dd698c5e7a173592831e514
2024-09-21,2024/25,Serie A,Lecce,Parma,2,2,2,12,14,football-data-csv,I1_2425.csv,https://www.football-data.co.uk/mmz4281/202425/I1.csv,2026-08-05 07:40:26,424,72381dc0f19a9d43aee4d7d3469cb71cd45eb524f57639370fc06e11f60734e7
2024-09-21,2024/25,Serie A,Venezia,Genoa,2,0,3,4,7,football-data-csv,I1_2425.csv,https://www.football-data.co.uk/mmz4281/202425/I1.csv,2026-08-05 07:40:26,425,cfd738f5747b508ff13640c2d06649da17eaab8bb2c49ba787370bb063ff75ff
2024-09-22,2024/25,Serie A,Fiorentina,Lazio,2,1,3,10,13,football-data-csv,I1_2425.csv,https://www.football-data.co.uk/mmz4281/202425/I1.csv,2026-08-05 07:40:26,426,6702574dc79595a2c9e40692bfe757f87215115ea8073b33a68514072bf42cbf
2024-09-22,2024/25,Serie A,Inter,Milan,1,2,6,2,8,football-data-csv,I1_2425.csv,https://www.football-data.co.uk/mmz4281/202425/I1.csv,2026-08-05 07:40:26,427,bd7a7517d3fdbfebd0401c0e0d87ffe25148fbe04f871cb34079b3ae603c03b1
2024-09-22,2024/25,Serie A,Monza,Bologna,1,2,2,2,4,football-data-csv,I1_2425.csv,https://www.football-data.co.uk/mmz4281/202425/I1.csv,2026-08-05 07:40:26,428,33ac18c6675f60a58e46b59f3de398cc96736357ca4aa5dc1ff335fe309b2263
2024-09-22,2024/25,Serie A,Roma,Udinese,3,0,2,1,3,football-data-csv,I1_2425.csv,https://www.football-data.co.uk/mmz4281/202425/I1.csv,2026-08-05 07:40:26,429,ab345ca45c4d1424a19b4523dbbf48f9cbdb273e0c9b3a8c0aa78fb1273b512b
2024-09-24,2024/25,Serie A,Atalanta,Como,2,3,6,2,8,football-data-csv,I1_2425.csv,https://www.football-data.co.uk/mmz4281/202425/I1.csv,2026-08-05 07:40:26,430,d58c8ca285a4b2e8993083a24d2d4e66735e27bc33cbde6aeb006219d3504879
2024-09-27,2024/25,Serie A,Milan,Lecce,3,0,4,7,11,football-data-csv,I1_2425.csv,https://www.football-data.co.uk/mmz4281/202425/I1.csv,2026-08-05 07:40:26,431,59dcbdc07d5acf9c57c65dd1fcc920021c58004ab4f45889fa75468a6f933fbf
2024-09-28,2024/25,Serie A,Bologna,Atalanta,1,1,2,9,11,football-data-csv,I1_2425.csv,https://www.football-data.co.uk/mmz4281/202425/I1.csv,2026-08-05 07:40:26,432,fa05dfd9aecf30d9921906e9cdfcfe2d0878fb57920dce427139dc08eb0a84f9
2024-09-28,2024/25,Serie A,Genoa,Juventus,0,3,5,3,8,football-data-csv,I1_2425.csv,https://www.football-data.co.uk/mmz4281/202425/I1.csv,2026-08-05 07:40:26,433,59eb79fd395cac7fdc52d72c9e1b6883a0ba532207ca2fde7336d8e41a12ab0f
2024-09-28,2024/25,Serie A,Udinese,Inter,2,3,7,3,10,football-data-csv,I1_2425.csv,https://www.football-data.co.uk/mmz4281/202425/I1.csv,2026-08-05 07:40:26,434,5a11dbf2d4277f2d13db1f763e67eb6ab8eced057adc09a76927665dc9bc6970
2024-09-29,2024/25,Serie A,Como,Verona,3,2,9,1,10,football-data-csv,I1_2425.csv,https://www.football-data.co.uk/mmz4281/202425/I1.csv,2026-08-05 07:40:26,435,ab274dbfe19ae0ffc36a66da455f41e04e831190419ac894e3014b9bae23f68e
2024-09-29,2024/25,Serie A,Empoli,Fiorentina,0,0,2,4,6,football-data-csv,I1_2425.csv,https://www.football-data.co.uk/mmz4281/202425/I1.csv,2026-08-05 07:40:26,436,c63a3f8e377ef18bd89b543d3cbf4c136b0d8cb8e307e8183570c4daea54a1c8
2024-09-29,2024/25,Serie A,Napoli,Monza,2,0,1,3,4,football-data-csv,I1_2425.csv,https://www.football-data.co.uk/mmz4281/202425/I1.csv,2026-08-05 07:40:26,437,221f98fc7a35daf64f87ea2afc5750a6bd4a68afc02fb96ab46696db68d5fc3b
2024-09-29,2024/25,Serie A,Roma,Venezia,2,1,6,3,9,football-data-csv,I1_2425.csv,https://www.football-data.co.uk/mmz4281/202425/I1.csv,2026-08-05 07:40:26,438,69f02adda11876a2a7eeffdffef1468f8a98edcc20a0c70146025b8c8ef975e8
2024-09-29,2024/25,Serie A,Torino,Lazio,2,3,3,1,4,football-data-csv,I1_2425.csv,https://www.football-data.co.uk/mmz4281/202425/I1.csv,2026-08-05 07:40:26,439,45cc549aeeaa2ea5da64dea29b416f7423b3e3b4cd1b6aecc27ddd9483036030
2024-09-30,2024/25,Serie A,Parma,Cagliari,2,3,5,3,8,football-data-csv,I1_2425.csv,https://www.football-data.co.uk/mmz4281/202425/I1.csv,2026-08-05 07:40:26,440,121de719975348fde20f9e8a64814b5014ffa47890e8e325d1299918ad387464
2024-10-04,2024/25,Serie A,Napoli,Como,3,1,4,1,5,football-data-csv,I1_2425.csv,https://www.football-data.co.uk/mmz4281/202425/I1.csv,2026-08-05 07:40:26,441,13fd9c844b9e61d3b8f8e18657dbd11465d1e2cc1faf67f6ed7efd4286aa8bd1
2024-10-04,2024/25,Serie A,Verona,Venezia,2,1,13,6,19,football-data-csv,I1_2425.csv,https://www.football-data.co.uk/mmz4281/202425/I1.csv,2026-08-05 07:40:26,442,282916b0300e30b6e0ea96521af183ee1e1f0bebbd32fc91050e6f7398f4f6c3
2024-10-05,2024/25,Serie A,Atalanta,Genoa,5,1,4,2,6,football-data-csv,I1_2425.csv,https://www.football-data.co.uk/mmz4281/202425/I1.csv,2026-08-05 07:40:26,443,3b03ec43c302d426034cd569f2ac51a0e0b4713cc23616ff16bee42225159464
2024-10-05,2024/25,Serie A,Inter,Torino,3,2,14,0,14,football-data-csv,I1_2425.csv,https://www.football-data.co.uk/mmz4281/202425/I1.csv,2026-08-05 07:40:26,444,0bb46831384e9f821ca7303059d64726fb731d9651fdec6dcd4716223344140e
2024-10-05,2024/25,Serie A,Udinese,Lecce,1,0,5,0,5,football-data-csv,I1_2425.csv,https://www.football-data.co.uk/mmz4281/202425/I1.csv,2026-08-05 07:40:26,445,ef37504d34f46ca2ed8d4379d2f1bcd263bc6bcdef5408df9f9e73bafe2369a0
2024-10-06,2024/25,Serie A,Bologna,Parma,0,0,13,6,19,football-data-csv,I1_2425.csv,https://www.football-data.co.uk/mmz4281/202425/I1.csv,2026-08-05 07:40:26,446,f4d21185520a25c49737127b5fafc757127dc39b71842decb9309944352ffc86
2024-10-06,2024/25,Serie A,Fiorentina,Milan,2,1,0,7,7,football-data-csv,I1_2425.csv,https://www.football-data.co.uk/mmz4281/202425/I1.csv,2026-08-05 07:40:26,447,e2e867076e0dce5dd0e21e60bab65586e24ad352f5ccd0a01b4bc614ea5446ed
2024-10-06,2024/25,Serie A,Juventus,Cagliari,1,1,8,3,11,football-data-csv,I1_2425.csv,https://www.football-data.co.uk/mmz4281/202425/I1.csv,2026-08-05 07:40:26,448,526e034c740a8a89c8ab87e23abcd2e8d70d1e6e6c5d6068ce9d409412b79dae
2024-10-06,2024/25,Serie A,Lazio,Empoli,2,1,5,3,8,football-data-csv,I1_2425.csv,https://www.football-data.co.uk/mmz4281/202425/I1.csv,2026-08-05 07:40:26,449,1fcbeee97aa55b1074ff861d90c027344eaf0ebd732246cdd858445be3586986
2024-10-06,2024/25,Serie A,Monza,Roma,1,1,1,3,4,football-data-csv,I1_2425.csv,https://www.football-data.co.uk/mmz4281/202425/I1.csv,2026-08-05 07:40:26,450,16b4b600f49117a894b964a53acb7b71b44db75dfe6d862ef708070829615c1a
2024-10-19,2024/25,Serie A,Como,Parma,1,1,7,4,11,football-data-csv,I1_2425.csv,https://www.football-data.co.uk/mmz4281/202425/I1.csv,2026-08-05 07:40:26,451,f368312e8294c087cfebfba947e94dfd600486f62a7cafa77663525478907e0e
2024-10-19,2024/25,Serie A,Genoa,Bologna,2,2,1,7,8,football-data-csv,I1_2425.csv,https://www.football-data.co.uk/mmz4281/202425/I1.csv,2026-08-05 07:40:26,452,4e2f2c5fa8dd5094c48c7e232ddf1a59fedc9e4efeca3c05688bca06b3b3a085
2024-10-19,2024/25,Serie A,Juventus,Lazio,1,0,7,1,8,football-data-csv,I1_2425.csv,https://www.football-data.co.uk/mmz4281/202425/I1.csv,2026-08-05 07:40:26,453,ddbfe7d98be3a2b8bc17d2fe215a1e32ab316e247430e8fb232e4d796ed98342
2024-10-19,2024/25,Serie A,Milan,Udinese,1,0,8,4,12,football-data-csv,I1_2425.csv,https://www.football-data.co.uk/mmz4281/202425/I1.csv,2026-08-05 07:40:26,454,92ccf974c1720f9935a817475dcd9e23f0a0d78cad7eccf16aa23fc06b75b33e
2024-10-20,2024/25,Serie A,Cagliari,Torino,3,2,9,12,21,football-data-csv,I1_2425.csv,https://www.football-data.co.uk/mmz4281/202425/I1.csv,2026-08-05 07:40:26,455,7358a88a02b33a885e67894e4127b8caaf3964a7612188707a6d3e435093c486
2024-10-20,2024/25,Serie A,Empoli,Napoli,0,1,7,7,14,football-data-csv,I1_2425.csv,https://www.football-data.co.uk/mmz4281/202425/I1.csv,2026-08-05 07:40:26,456,efcc14057222f5474cadf59e20f63af27d519bf5543ba14f72feb5ad519752e6
2024-10-20,2024/25,Serie A,Lecce,Fiorentina,0,6,1,3,4,football-data-csv,I1_2425.csv,https://www.football-data.co.uk/mmz4281/202425/I1.csv,2026-08-05 07:40:26,457,fc55e2b7c628666d9930a30048329afc8ffd13a81ab6e4fed00f655c89feb602
2024-10-20,2024/25,Serie A,Roma,Inter,0,1,3,3,6,football-data-csv,I1_2425.csv,https://www.football-data.co.uk/mmz4281/202425/I1.csv,2026-08-05 07:40:26,458,8e2cb6dd3b90fb53d2aaea7fc0e05889b93dbbe6790978534ae049382f213a18
2024-10-20,2024/25,Serie A,Venezia,Atalanta,0,2,2,5,7,football-data-csv,I1_2425.csv,https://www.football-data.co.uk/mmz4281/202425/I1.csv,2026-08-05 07:40:26,459,08329bed210b7bba31996a579013d5bff73ae18ece192a4adab5622d97113d2e
2024-10-21,2024/25,Serie A,Verona,Monza,0,3,9,6,15,football-data-csv,I1_2425.csv,https://www.football-data.co.uk/mmz4281/202425/I1.csv,2026-08-05 07:40:26,460,96aec64d909b61c8e9e0e529fe09a037fdd5ddfded7b236120771b2f37cb461c
2024-10-25,2024/25,Serie A,Torino,Como,1,0,1,3,4,football-data-csv,I1_2425.csv,https://www.football-data.co.uk/mmz4281/202425/I1.csv,2026-08-05 07:40:26,461,5fbc75a3dba19d4c13572d970e7b1d3c02e488bed9fc7723e597e279d27a786e
2024-10-25,2024/25,Serie A,Udinese,Cagliari,2,0,2,4,6,football-data-csv,I1_2425.csv,https://www.football-data.co.uk/mmz4281/202425/I1.csv,2026-08-05 07:40:26,462,fdbbffe17feeb527e13a6511c5caba47bceca880743868adcb478bfe832e3950
2024-10-26,2024/25,Serie A,Atalanta,Verona,6,1,4,2,6,football-data-csv,I1_2425.csv,https://www.football-data.co.uk/mmz4281/202425/I1.csv,2026-08-05 07:40:26,463,90ab92ccb5b69d185584b8fc5966e0586eeddc0566131d980992c4db53ec0d17
2024-10-26,2024/25,Serie A,Napoli,Lecce,1,0,16,5,21,football-data-csv,I1_2425.csv,https://www.football-data.co.uk/mmz4281/202425/I1.csv,2026-08-05 07:40:26,464,909a2c8d13f9715b57153b524348b4791458ead192aae04e9c7d72c4fb230117
2024-10-27,2024/25,Serie A,Fiorentina,Roma,5,1,6,2,8,football-data-csv,I1_2425.csv,https://www.football-data.co.uk/mmz4281/202425/I1.csv,2026-08-05 07:40:26,465,ae6131caab019d1ffd2eb0c2c92924df92e5b32648d7c469202f3ebd96d8e7ea
2024-10-27,2024/25,Serie A,Inter,Juventus,4,4,13,5,18,football-data-csv,I1_2425.csv,https://www.football-data.co.uk/mmz4281/202425/I1.csv,2026-08-05 07:40:26,466,3b2ed7be0d59e5338df58782c14a45a2536e9b355d6d187b477deaac2678d462
2024-10-27,2024/25,Serie A,Lazio,Genoa,3,0,7,4,11,football-data-csv,I1_2425.csv,https://www.football-data.co.uk/mmz4281/202425/I1.csv,2026-08-05 07:40:26,467,474b06100e80db424177ae2ccee69f7a3449cffa32ed1c0f585ed89dcfba3459
2024-10-27,2024/25,Serie A,Monza,Venezia,2,2,4,3,7,football-data-csv,I1_2425.csv,https://www.football-data.co.uk/mmz4281/202425/I1.csv,2026-08-05 07:40:26,468,4503ba18f1abc1fb53e27b4a0cc6c257b3b62cdac2d8adca5771bb8816a76cee
2024-10-27,2024/25,Serie A,Parma,Empoli,1,1,9,3,12,football-data-csv,I1_2425.csv,https://www.football-data.co.uk/mmz4281/202425/I1.csv,2026-08-05 07:40:26,469,05b3c0a616f0faa6cb07ffce83064cd7a0d014a731692be9c4ac8685ddff95b4
2024-10-29,2024/25,Serie A,Cagliari,Bologna,0,2,7,2,9,football-data-csv,I1_2425.csv,https://www.football-data.co.uk/mmz4281/202425/I1.csv,2026-08-05 07:40:26,470,19ab7d5de9135f43cb7ab31590e7ed81534ff7122bd8c4aa7203a800150abd60
2024-10-29,2024/25,Serie A,Lecce,Verona,1,0,3,4,7,football-data-csv,I1_2425.csv,https://www.football-data.co.uk/mmz4281/202425/I1.csv,2026-08-05 07:40:26,471,987e55630110857be94e6a02e303fde3389f455ce9cc9f7bf28162af531abebf
2024-10-29,2024/25,Serie A,Milan,Napoli,0,2,5,1,6,football-data-csv,I1_2425.csv,https://www.football-data.co.uk/mmz4281/202425/I1.csv,2026-08-05 07:40:26,472,4562fdf5e66334f4a4c6a0cca48ef98d7e07cdd343224d44d86cb0165e356d49
2024-10-30,2024/25,Serie A,Atalanta,Monza,2,0,5,1,6,football-data-csv,I1_2425.csv,https://www.football-data.co.uk/mmz4281/202425/I1.csv,2026-08-05 07:40:26,473,65fdf83afa7cce4486f7b81d516ee0e05b400943ab91c3104ed87e9860f4ad82
2024-10-30,2024/25,Serie A,Empoli,Inter,0,3,1,4,5,football-data-csv,I1_2425.csv,https://www.football-data.co.uk/mmz4281/202425/I1.csv,2026-08-05 07:40:26,474,9d28d3a6387111b7a9f3702f08c073e424e659899104f25bddb874af1a4b2829
2024-10-30,2024/25,Serie A,Juventus,Parma,2,2,10,6,16,football-data-csv,I1_2425.csv,https://www.football-data.co.uk/mmz4281/202425/I1.csv,2026-08-05 07:40:26,475,be6b4d1468ecdf7412f04075e51045dae818a08e81fbf3289f4a16bf567a3a60
2024-10-30,2024/25,Serie A,Venezia,Udinese,3,2,2,6,8,football-data-csv,I1_2425.csv,https://www.football-data.co.uk/mmz4281/202425/I1.csv,2026-08-05 07:40:26,476,5241a99f2b9577ab819c1a2f01a121ef1abd4da1f54748a87cc400502555be8f
2024-10-31,2024/25,Serie A,Como,Lazio,1,5,3,5,8,football-data-csv,I1_2425.csv,https://www.football-data.co.uk/mmz4281/202425/I1.csv,2026-08-05 07:40:26,477,692587c6539f4c9d8bb5a266c8d499a363bad75ce2be6a6c0a1cd7d7765a7f82
2024-10-31,2024/25,Serie A,Genoa,Fiorentina,0,1,4,4,8,football-data-csv,I1_2425.csv,https://www.football-data.co.uk/mmz4281/202425/I1.csv,2026-08-05 07:40:26,478,e738e7d861504f79a6f23823c15999f5e3c2ffff43cc43e4c7b530d53d6d0379
2024-10-31,2024/25,Serie A,Roma,Torino,1,0,3,5,8,football-data-csv,I1_2425.csv,https://www.football-data.co.uk/mmz4281/202425/I1.csv,2026-08-05 07:40:26,479,841039f705bb2db3767c8dba4181d23212fe88550d3085fa540bfe2bc889cc0a
2024-11-02,2024/25,Serie A,Bologna,Lecce,1,0,9,1,10,football-data-csv,I1_2425.csv,https://www.football-data.co.uk/mmz4281/202425/I1.csv,2026-08-05 07:40:26,480,691314be2890c3bdae0f5ef5c407975cff756e9c154ce0491e63bc6321ae4688
2024-11-02,2024/25,Serie A,Monza,Milan,0,1,3,5,8,football-data-csv,I1_2425.csv,https://www.football-data.co.uk/mmz4281/202425/I1.csv,2026-08-05 07:40:26,481,59089b1c170cb5154b8e6b7487a62e6ef772249d410bbab1304957e29e485665
2024-11-02,2024/25,Serie A,Udinese,Juventus,0,2,10,3,13,football-data-csv,I1_2425.csv,https://www.football-data.co.uk/mmz4281/202425/I1.csv,2026-08-05 07:40:26,482,5632ec92bcc1551f61293c34e21485a4c9502bed975b0dd66823817b45e58bdf
2024-11-03,2024/25,Serie A,Inter,Venezia,1,0,9,3,12,football-data-csv,I1_2425.csv,https://www.football-data.co.uk/mmz4281/202425/I1.csv,2026-08-05 07:40:26,483,f510d946ecfd5c2f78802226d99fada249feb97090e50702e08ba2470e15913c
2024-11-03,2024/25,Serie A,Napoli,Atalanta,0,3,4,3,7,football-data-csv,I1_2425.csv,https://www.football-data.co.uk/mmz4281/202425/I1.csv,2026-08-05 07:40:26,484,aac0ebc94ad91afd82c116fdb59417eddbc697de456d739519515bf85ea43942
2024-11-03,2024/25,Serie A,Torino,Fiorentina,0,1,1,3,4,football-data-csv,I1_2425.csv,https://www.football-data.co.uk/mmz4281/202425/I1.csv,2026-08-05 07:40:26,485,2487b8d6d0be9d53fe0c36ddc0618c91d500a4e6c6f9781a98743e437b21bb9e
2024-11-03,2024/25,Serie A,Verona,Roma,3,2,2,2,4,football-data-csv,I1_2425.csv,https://www.football-data.co.uk/mmz4281/202425/I1.csv,2026-08-05 07:40:26,486,def376b27c1eef918a9ce25b821bfa8cf0283bd62a5ef4b8c9083d8910c882a7
2024-11-04,2024/25,Serie A,Empoli,Como,1,0,3,6,9,football-data-csv,I1_2425.csv,https://www.football-data.co.uk/mmz4281/202425/I1.csv,2026-08-05 07:40:26,487,1765b84c8fcf670800465b6d06f6e9133afc6921ad1fe72bc4d3796ff605bb9c
2024-11-04,2024/25,Serie A,Lazio,Cagliari,2,1,2,3,5,football-data-csv,I1_2425.csv,https://www.football-data.co.uk/mmz4281/202425/I1.csv,2026-08-05 07:40:26,488,54ac7b1000f0f4d2d41158cb4235a54771210f9c18bfad9cef9bb05e0d1b4953
2024-11-04,2024/25,Serie A,Parma,Genoa,0,1,3,7,10,football-data-csv,I1_2425.csv,https://www.football-data.co.uk/mmz4281/202425/I1.csv,2026-08-05 07:40:26,489,3635ca877a1ddd3ec8f2f86c1a45c312cbd7cd9add4fc997cf8d64370db97605
2024-11-07,2024/25,Serie A,Genoa,Como,1,1,8,5,13,football-data-csv,I1_2425.csv,https://www.football-data.co.uk/mmz4281/202425/I1.csv,2026-08-05 07:40:26,490,5da90a218dfdf03d384f7c3106161162e4bfae43cf565a291ad5dcf95ae75e34
2024-11-08,2024/25,Serie A,Lecce,Empoli,1,1,4,3,7,football-data-csv,I1_2425.csv,https://www.football-data.co.uk/mmz4281/202425/I1.csv,2026-08-05 07:40:26,491,c761d3c2bca161899b8e241df08d19da32cc1376627adbdbe22972bacb269608
2024-11-09,2024/25,Serie A,Cagliari,Milan,3,3,6,3,9,football-data-csv,I1_2425.csv,https://www.football-data.co.uk/mmz4281/202425/I1.csv,2026-08-05 07:40:26,492,3ace284c0a951b257ef19d28939c5b2f2db3f8017d5f81abfa246cbf78820764
2024-11-09,2024/25,Serie A,Juventus,Torino,2,0,5,5,10,football-data-csv,I1_2425.csv,https://www.football-data.co.uk/mmz4281/202425/I1.csv,2026-08-05 07:40:26,493,2cc6060361cb3ccd42d0aad01a1082031364c7241cb11dd8bd70cf1d7bdeb47f
2024-11-09,2024/25,Serie A,Venezia,Parma,1,2,6,6,12,football-data-csv,I1_2425.csv,https://www.football-data.co.uk/mmz4281/202425/I1.csv,2026-08-05 07:40:26,494,f3bdcc61976fd9a415244f054cfc22ca62839234b7af26ad26815eca1debe283
2024-11-10,2024/25,Serie A,Atalanta,Udinese,2,1,4,5,9,football-data-csv,I1_2425.csv,https://www.football-data.co.uk/mmz4281/202425/I1.csv,2026-08-05 07:40:26,495,df9f1cc76ff2c2169abf074c4315f4a5118f33cdb44f8f76192424605672a3db
2024-11-10,2024/25,Serie A,Fiorentina,Verona,3,1,8,3,11,football-data-csv,I1_2425.csv,https://www.football-data.co.uk/mmz4281/202425/I1.csv,2026-08-05 07:40:26,496,77407e127876930cb536cf26fb2abb4b4d127b511155c9f2b356c4675e25a9c8
2024-11-10,2024/25,Serie A,Inter,Napoli,1,1,4,2,6,football-data-csv,I1_2425.csv,https://www.football-data.co.uk/mmz4281/202425/I1.csv,2026-08-05 07:40:26,497,c621037c548bd468eca7a462dbd4416e65314cfdb220de793007b531e990746a
2024-11-10,2024/25,Serie A,Monza,Lazio,0,1,6,6,12,football-data-csv,I1_2425.csv,https://www.football-data.co.uk/mmz4281/202425/I1.csv,2026-08-05 07:40:26,498,58fd62a9c7d5c13b5e2582c809a3c1482533958bbc1d20f68cd095a3e1988013
2024-11-10,2024/25,Serie A,Roma,Bologna,2,3,4,3,7,football-data-csv,I1_2425.csv,https://www.football-data.co.uk/mmz4281/202425/I1.csv,2026-08-05 07:40:26,499,421f6c16758ae7c280f65f9d3279c2bff4053401a883e3693020112dc539100e
2024-11-23,2024/25,Serie A,Milan,Juventus,0,0,2,4,6,football-data-csv,I1_2425.csv,https://www.football-data.co.uk/mmz4281/202425/I1.csv,2026-08-05 07:40:26,500,2ea714f64f0ba451ebf09f53f0ef8707ea2fd2ac1f133221bac7b5443f3de857
2024-11-23,2024/25,Serie A,Parma,Atalanta,1,3,2,5,7,football-data-csv,I1_2425.csv,https://www.football-data.co.uk/mmz4281/202425/I1.csv,2026-08-05 07:40:26,501,a77a58995b9942178745139d58e0d9b4f16dc2433165234060f13839736da42e
2024-11-23,2024/25,Serie A,Verona,Inter,0,5,4,2,6,football-data-csv,I1_2425.csv,https://www.football-data.co.uk/mmz4281/202425/I1.csv,2026-08-05 07:40:26,502,bcec83466d959707e8911104b8c1986ff2205fb7676821782335b79e15584bd8
2024-11-24,2024/25,Serie A,Como,Fiorentina,0,2,3,4,7,football-data-csv,I1_2425.csv,https://www.football-data.co.uk/mmz4281/202425/I1.csv,2026-08-05 07:40:26,503,d5c5d217bf9f8609b95c79485b6cb7511a21f59510871b09ad22301173737647
2024-11-24,2024/25,Serie A,Genoa,Cagliari,2,2,6,8,14,football-data-csv,I1_2425.csv,https://www.football-data.co.uk/mmz4281/202425/I1.csv,2026-08-05 07:40:26,504,8bec17971ff68c8028d1c6898c2abf544de31ac91db722fc629d47e8d5de052b
2024-11-24,2024/25,Serie A,Lazio,Bologna,3,0,3,0,3,football-data-csv,I1_2425.csv,https://www.football-data.co.uk/mmz4281/202425/I1.csv,2026-08-05 07:40:26,505,38fdf3677bc770c7d41211e538ce3d6d3d039dcfd97e2d9882bb759ecbfaae1c
2024-11-24,2024/25,Serie A,Napoli,Roma,1,0,8,2,10,football-data-csv,I1_2425.csv,https://www.football-data.co.uk/mmz4281/202425/I1.csv,2026-08-05 07:40:26,506,01237d6781c6d785bd49ca35b7cc663bf19f9ee3503a9cbdbe715c736dd89f2a
2024-11-24,2024/25,Serie A,Torino,Monza,1,1,7,3,10,football-data-csv,I1_2425.csv,https://www.football-data.co.uk/mmz4281/202425/I1.csv,2026-08-05 07:40:26,507,3aa33fdeb61542bd3d5cdfe3973abdc2e1b10910bbc35d2798adc8dc3db70d04
2024-11-25,2024/25,Serie A,Empoli,Udinese,1,1,1,8,9,football-data-csv,I1_2425.csv,https://www.football-data.co.uk/mmz4281/202425/I1.csv,2026-08-05 07:40:26,508,afc57b9cc1292ab963b3c7f8241bfdab6e8d1ba637faba112abf670027e6837c
2024-11-25,2024/25,Serie A,Venezia,Lecce,0,1,6,2,8,football-data-csv,I1_2425.csv,https://www.football-data.co.uk/mmz4281/202425/I1.csv,2026-08-05 07:40:26,509,15f3bd3a2a480a9cb83fe0cb81a3df3f5d57725ca9acce1f9467f6129a213c54
2024-11-29,2024/25,Serie A,Cagliari,Verona,1,0,7,1,8,football-data-csv,I1_2425.csv,https://www.football-data.co.uk/mmz4281/202425/I1.csv,2026-08-05 07:40:26,510,ef9c9e5622fbe61e6e25c2a70ffc90c615a08f4bcaac23339cfd4e6f7b08435f
2024-11-30,2024/25,Serie A,Bologna,Venezia,3,0,1,0,1,football-data-csv,I1_2425.csv,https://www.football-data.co.uk/mmz4281/202425/I1.csv,2026-08-05 07:40:26,511,30d40d65826a169fc97fe7d6fee66028e54bc9515a446a7504559174dbce7f0c
2024-11-30,2024/25,Serie A,Como,Monza,1,1,11,4,15,football-data-csv,I1_2425.csv,https://www.football-data.co.uk/mmz4281/202425/I1.csv,2026-08-05 07:40:26,512,e32d40046176ea297d64701c3fff53d1b7ae7b2c7d945e13637190093cb5b7d8
2024-11-30,2024/25,Serie A,Milan,Empoli,3,0,7,3,10,football-data-csv,I1_2425.csv,https://www.football-data.co.uk/mmz4281/202425/I1.csv,2026-08-05 07:40:26,513,7f9e358195f25f14eba5518c8bff64b726967cf0cbf47abf814317c5d5d0395a
2024-12-01,2024/25,Serie A,Lecce,Juventus,1,1,2,7,9,football-data-csv,I1_2425.csv,https://www.football-data.co.uk/mmz4281/202425/I1.csv,2026-08-05 07:40:26,514,96233daf8dc4e3ab1889f8c5817da3fac7930599533c25ea3e6835de813660f8
2024-12-01,2024/25,Serie A,Parma,Lazio,3,1,4,10,14,football-data-csv,I1_2425.csv,https://www.football-data.co.uk/mmz4281/202425/I1.csv,2026-08-05 07:40:26,515,1f5eb469d64d2894c2562da15fc19358422586294df97a122ad46e5d3be2bd8b
2024-12-01,2024/25,Serie A,Torino,Napoli,0,1,4,7,11,football-data-csv,I1_2425.csv,https://www.football-data.co.uk/mmz4281/202425/I1.csv,2026-08-05 07:40:26,516,f4d709a44b507961b5e849a793a482a460ebe70a6725247601e469a4e66594ae
2024-12-01,2024/25,Serie A,Udinese,Genoa,0,2,6,4,10,football-data-csv,I1_2425.csv,https://www.football-data.co.uk/mmz4281/202425/I1.csv,2026-08-05 07:40:26,517,29f8d2c4e7fa9118452d6b98ada63eb4a2e69da757f93f5ea350c08d6f0a86f2
2024-12-02,2024/25,Serie A,Roma,Atalanta,0,2,2,4,6,football-data-csv,I1_2425.csv,https://www.football-data.co.uk/mmz4281/202425/I1.csv,2026-08-05 07:40:26,518,17fb464d1f838f4ba5ea0ca0e8911ca5b05bc540b264983c6e70bbcb840c8d48
2024-12-06,2024/25,Serie A,Atalanta,Milan,2,1,7,0,7,football-data-csv,I1_2425.csv,https://www.football-data.co.uk/mmz4281/202425/I1.csv,2026-08-05 07:40:26,519,ff1bd0d53da8f380ade043536067cf9d9886d34cdefbe0ffcd58d998ce4820bf
2024-12-06,2024/25,Serie A,Inter,Parma,3,1,10,1,11,football-data-csv,I1_2425.csv,https://www.football-data.co.uk/mmz4281/202425/I1.csv,2026-08-05 07:40:26,520,7b4147380d3d27cf648f930f6324a23594c59c8f32524bf371be870d3a671e00
2024-12-07,2024/25,Serie A,Genoa,Torino,0,0,4,4,8,football-data-csv,I1_2425.csv,https://www.football-data.co.uk/mmz4281/202425/I1.csv,2026-08-05 07:40:26,521,7f86f658e01da0ce08c86d907c1893148c53452e79281845ffdd053be7896980
2024-12-07,2024/25,Serie A,Juventus,Bologna,2,2,1,4,5,football-data-csv,I1_2425.csv,https://www.football-data.co.uk/mmz4281/202425/I1.csv,2026-08-05 07:40:26,522,9990eb662d360f26b6f555c958c45224dedfd14f009c12dcc5176be8c9d913a2
2024-12-07,2024/25,Serie A,Roma,Lecce,4,1,8,1,9,football-data-csv,I1_2425.csv,https://www.football-data.co.uk/mmz4281/202425/I1.csv,2026-08-05 07:40:26,523,ba8a595cfb7dabdd045812670861c7ed5445eff2394149d08806da1b357d9a3f
2024-12-08,2024/25,Serie A,Fiorentina,Cagliari,1,0,6,4,10,football-data-csv,I1_2425.csv,https://www.football-data.co.uk/mmz4281/202425/I1.csv,2026-08-05 07:40:26,524,236b03d1baba880f6330aa647f16852af0fb68ecbccf1833716cebb6e405275e
2024-12-08,2024/25,Serie A,Napoli,Lazio,0,1,6,2,8,football-data-csv,I1_2425.csv,https://www.football-data.co.uk/mmz4281/202425/I1.csv,2026-08-05 07:40:26,525,ebd3059ec7972950dbf5de8d8edd6cde76fd586df7619e54eb0f33195aca0502
2024-12-08,2024/25,Serie A,Venezia,Como,2,2,5,9,14,football-data-csv,I1_2425.csv,https://www.football-data.co.uk/mmz4281/202425/I1.csv,2026-08-05 07:40:26,526,2fa889b27272eb258510889ee2bad724aa35b8819fb40b39b191baad08902303
2024-12-08,2024/25,Serie A,Verona,Empoli,1,4,5,8,13,football-data-csv,I1_2425.csv,https://www.football-data.co.uk/mmz4281/202425/I1.csv,2026-08-05 07:40:26,527,48e97ffdeb470714039e36a96aee8ab76f28d12f76e031d64f4ce147f46eec2e
2024-12-09,2024/25,Serie A,Monza,Udinese,1,2,10,1,11,football-data-csv,I1_2425.csv,https://www.football-data.co.uk/mmz4281/202425/I1.csv,2026-08-05 07:40:26,528,6f1a37268db6140aae25514ab0726b01c1d6373ccf1475433114c00521c33bf9
2024-12-13,2024/25,Serie A,Empoli,Torino,0,1,12,3,15,football-data-csv,I1_2425.csv,https://www.football-data.co.uk/mmz4281/202425/I1.csv,2026-08-05 07:40:26,529,89d8685704e2af181643a3b324103acc8def6c2ff4f15525649be067e1cfd9e7
2024-12-14,2024/25,Serie A,Cagliari,Atalanta,0,1,2,5,7,football-data-csv,I1_2425.csv,https://www.football-data.co.uk/mmz4281/202425/I1.csv,2026-08-05 07:40:26,530,b38348d1542f35fdd5186d4975eda0973e5c2866ab4fa539879029574fea4d8c
2024-12-14,2024/25,Serie A,Juventus,Venezia,2,2,7,4,11,football-data-csv,I1_2425.csv,https://www.football-data.co.uk/mmz4281/202425/I1.csv,2026-08-05 07:40:26,531,ccb3df4dca7da2241ad96d061ac608c4b7b37bbf51fd2e661b23bafe3774119b
2024-12-14,2024/25,Serie A,Udinese,Napoli,1,3,3,9,12,football-data-csv,I1_2425.csv,https://www.football-data.co.uk/mmz4281/202425/I1.csv,2026-08-05 07:40:26,532,9ceb56eee88643967ed5049bc10b97d8c5aa71445eb6046df79ab46db4f5bc53
2024-12-15,2024/25,Serie A,Bologna,Fiorentina,1,0,1,3,4,football-data-csv,I1_2425.csv,https://www.football-data.co.uk/mmz4281/202425/I1.csv,2026-08-05 07:40:26,533,6eca8c6011567122ef26bfb64e59366ab89e70dd918402a7839df311bcaa2594
2024-12-15,2024/25,Serie A,Como,Roma,2,0,6,5,11,football-data-csv,I1_2425.csv,https://www.football-data.co.uk/mmz4281/202425/I1.csv,2026-08-05 07:40:26,534,984f2bf0743e9e3ca2f2e56aa1a527c7bdbe5b332a92bd857f3c289df6c1cef4
2024-12-15,2024/25,Serie A,Lecce,Monza,2,1,2,7,9,football-data-csv,I1_2425.csv,https://www.football-data.co.uk/mmz4281/202425/I1.csv,2026-08-05 07:40:26,535,3df863de4997ad7489c934a6a229d4bbbcbe6ca42247ef3b275ead07655fbdb6
2024-12-15,2024/25,Serie A,Milan,Genoa,0,0,9,2,11,football-data-csv,I1_2425.csv,https://www.football-data.co.uk/mmz4281/202425/I1.csv,2026-08-05 07:40:26,536,a57a8a14ef4f8e0e987429ff17d27f8aef96e4427ffa935e41cace34654fa278
2024-12-15,2024/25,Serie A,Parma,Verona,2,3,5,2,7,football-data-csv,I1_2425.csv,https://www.football-data.co.uk/mmz4281/202425/I1.csv,2026-08-05 07:40:26,537,c2a1b1e431774ef8d621dd37d68a7b605b2ee1b108e7abc6236afc0b245d5cb3
2024-12-16,2024/25,Serie A,Lazio,Inter,0,6,4,2,6,football-data-csv,I1_2425.csv,https://www.football-data.co.uk/mmz4281/202425/I1.csv,2026-08-05 07:40:26,538,5fe56ef74a0b41735c2b50f949f67203c4d428d615017dee9a24324fcf11b553
2024-12-20,2024/25,Serie A,Verona,Milan,0,1,3,8,11,football-data-csv,I1_2425.csv,https://www.football-data.co.uk/mmz4281/202425/I1.csv,2026-08-05 07:40:26,539,8832b232abb166d8e8dca2863bb7aace8269312f465d7806305f692184f7bec1
2024-12-21,2024/25,Serie A,Genoa,Napoli,1,2,5,6,11,football-data-csv,I1_2425.csv,https://www.football-data.co.uk/mmz4281/202425/I1.csv,2026-08-05 07:40:26,540,deb6803d8ef82e956a3893d229b39fc2f572ac56f6fce67f0297cbd34527f4d3
2024-12-21,2024/25,Serie A,Lecce,Lazio,1,2,6,6,12,football-data-csv,I1_2425.csv,https://www.football-data.co.uk/mmz4281/202425/I1.csv,2026-08-05 07:40:26,541,51129403f2cd2dbfe704567e26a1f8ddd607841bf13b5041e6599ae17249e9b1
2024-12-21,2024/25,Serie A,Torino,Bologna,0,2,4,0,4,football-data-csv,I1_2425.csv,https://www.football-data.co.uk/mmz4281/202425/I1.csv,2026-08-05 07:40:26,542,e8eeb5714f0a1e15344954aef05bf1430f76047673a79686332819b389ba35c7
2024-12-22,2024/25,Serie A,Atalanta,Empoli,3,2,6,3,9,football-data-csv,I1_2425.csv,https://www.football-data.co.uk/mmz4281/202425/I1.csv,2026-08-05 07:40:26,543,ac59c9e92975c26b20dd51660c792632b4983b82336075c6765ae5aaf1595ee8
2024-12-22,2024/25,Serie A,Monza,Juventus,1,2,3,7,10,football-data-csv,I1_2425.csv,https://www.football-data.co.uk/mmz4281/202425/I1.csv,2026-08-05 07:40:26,544,f83118fdd45bb011ea32b1a6771f8e59b7546a5fcae7d175a34c78d0c4276b04
2024-12-22,2024/25,Serie A,Roma,Parma,5,0,5,2,7,football-data-csv,I1_2425.csv,https://www.football-data.co.uk/mmz4281/202425/I1.csv,2026-08-05 07:40:26,545,2170c6271e46774f8761a5ab93703c5176f17cd3a934546d607611e70504e4c3
2024-12-22,2024/25,Serie A,Venezia,Cagliari,2,1,4,8,12,football-data-csv,I1_2425.csv,https://www.football-data.co.uk/mmz4281/202425/I1.csv,2026-08-05 07:40:26,546,5022b4b8c3e0b35ddc95e1d178932720bb432928a7b58698d1459c3cfa3c100b
2024-12-23,2024/25,Serie A,Fiorentina,Udinese,1,2,10,2,12,football-data-csv,I1_2425.csv,https://www.football-data.co.uk/mmz4281/202425/I1.csv,2026-08-05 07:40:26,547,60e4aee9f0a41a5173487ad3001c78db14440051630cae9e45c9763488379771
2024-12-23,2024/25,Serie A,Inter,Como,2,0,7,1,8,football-data-csv,I1_2425.csv,https://www.football-data.co.uk/mmz4281/202425/I1.csv,2026-08-05 07:40:26,548,c594e92a884983cd3c30b7e30381379c2e7bcc78cabd5daca0898e7de3761013
2024-12-28,2024/25,Serie A,Cagliari,Inter,0,3,5,7,12,football-data-csv,I1_2425.csv,https://www.football-data.co.uk/mmz4281/202425/I1.csv,2026-08-05 07:40:26,549,e8acf4f381f2de74ad81fa5d4d010ceea169c0d2bb8e71bedc26475694151054
2024-12-28,2024/25,Serie A,Empoli,Genoa,1,2,7,4,11,football-data-csv,I1_2425.csv,https://www.football-data.co.uk/mmz4281/202425/I1.csv,2026-08-05 07:40:26,550,4185fcbb9805ef8d889463491dfc56c146fa5aaae6da333e9189669a66b63079
2024-12-28,2024/25,Serie A,Lazio,Atalanta,1,1,2,7,9,football-data-csv,I1_2425.csv,https://www.football-data.co.uk/mmz4281/202425/I1.csv,2026-08-05 07:40:26,551,852c1ec2dde492a881eb22dfe445f4ebba3d3ff69b9e4d15463a75bc5b6d6ab0
2024-12-28,2024/25,Serie A,Parma,Monza,2,1,4,6,10,football-data-csv,I1_2425.csv,https://www.football-data.co.uk/mmz4281/202425/I1.csv,2026-08-05 07:40:26,552,4c5745e431dd5fd647c69da81b38e30e7f03f64ec3a458956772a4304c1f29ca
2024-12-29,2024/25,Serie A,Juventus,Fiorentina,2,2,7,2,9,football-data-csv,I1_2425.csv,https://www.football-data.co.uk/mmz4281/202425/I1.csv,2026-08-05 07:40:26,553,a3eda16d1d83b04840c584a1487b7184e8dd22139cf254a9402084d007c0f142
2024-12-29,2024/25,Serie A,Milan,Roma,1,1,6,5,11,football-data-csv,I1_2425.csv,https://www.football-data.co.uk/mmz4281/202425/I1.csv,2026-08-05 07:40:26,554,bb4be58e0849a22d8cd87f0fcb1f5afd84e2d44f8c5204b31848cfcf372d554d
2024-12-29,2024/25,Serie A,Napoli,Venezia,1,0,14,4,18,football-data-csv,I1_2425.csv,https://www.football-data.co.uk/mmz4281/202425/I1.csv,2026-08-05 07:40:26,555,bf84bc4ae5acb2a11b99f912b0c73a84fa5e704dbdc9febd4ba6811244480d24
2024-12-29,2024/25,Serie A,Udinese,Torino,2,2,4,3,7,football-data-csv,I1_2425.csv,https://www.football-data.co.uk/mmz4281/202425/I1.csv,2026-08-05 07:40:26,556,f8a605f5812dc55ba1ca574b7f5e8ea9caddb4e2a2099371b60a2eb5accbd0b3
2024-12-30,2024/25,Serie A,Bologna,Verona,2,3,11,5,16,football-data-csv,I1_2425.csv,https://www.football-data.co.uk/mmz4281/202425/I1.csv,2026-08-05 07:40:26,557,803d9b759a20d6d15aeca7aacb7bb495dfdbe86cc82df62e0cc267b5d937b94b
2024-12-30,2024/25,Serie A,Como,Lecce,2,0,4,4,8,football-data-csv,I1_2425.csv,https://www.football-data.co.uk/mmz4281/202425/I1.csv,2026-08-05 07:40:26,558,f42960c3592333d48cd24b969fc3fd60c208e12b4450d4d176a7094b95f0e3b3
2025-01-04,2024/25,Serie A,Fiorentina,Napoli,0,3,4,2,6,football-data-csv,I1_2425.csv,https://www.football-data.co.uk/mmz4281/202425/I1.csv,2026-08-05 07:40:26,559,d007999e7cae948945d4f803174a889bf65fd21db4c30b9b92958ee7f2724170
2025-01-04,2024/25,Serie A,Venezia,Empoli,1,1,2,8,10,football-data-csv,I1_2425.csv,https://www.football-data.co.uk/mmz4281/202425/I1.csv,2026-08-05 07:40:26,560,aa7c3d2fed74e7f69aec0f09598d06feb84b8e86d480520d401b472949aeb220
2025-01-04,2024/25,Serie A,Verona,Udinese,0,0,7,3,10,football-data-csv,I1_2425.csv,https://www.football-data.co.uk/mmz4281/202425/I1.csv,2026-08-05 07:40:26,561,5f0d10630572f880639ebfc8cf20aaad447ca34712576af5e5a1dbbd7642c352
2025-01-05,2024/25,Serie A,Lecce,Genoa,0,0,9,4,13,football-data-csv,I1_2425.csv,https://www.football-data.co.uk/mmz4281/202425/I1.csv,2026-08-05 07:40:26,562,6d74453ced671e58926d84fe8b6484e332ee854ee531104929b5a44c29c3b939
2025-01-05,2024/25,Serie A,Monza,Cagliari,1,2,1,3,4,football-data-csv,I1_2425.csv,https://www.football-data.co.uk/mmz4281/202425/I1.csv,2026-08-05 07:40:26,563,e275625e35e66885cc748cbb53dcc48b74d3803badd8e3386fc6ebbe0a099cc2
2025-01-05,2024/25,Serie A,Roma,Lazio,2,0,3,10,13,football-data-csv,I1_2425.csv,https://www.football-data.co.uk/mmz4281/202425/I1.csv,2026-08-05 07:40:26,564,cad36c177d6af908335ddff3bc56b269f8a740df4d4714e3220a7a1107f36163
2025-01-05,2024/25,Serie A,Torino,Parma,0,0,8,7,15,football-data-csv,I1_2425.csv,https://www.football-data.co.uk/mmz4281/202425/I1.csv,2026-08-05 07:40:26,565,8102d23c2ae9d308edfb2f6b0c780a04ea9d75a3bde3afacea3c634ccf10f96a
2025-01-10,2024/25,Serie A,Lazio,Como,1,1,7,7,14,football-data-csv,I1_2425.csv,https://www.football-data.co.uk/mmz4281/202425/I1.csv,2026-08-05 07:40:26,566,876c342e0974d638ce33cabcc3bb74b33e4ab6f1ed2db24c6182d849b97794cb
2025-01-11,2024/25,Serie A,Empoli,Lecce,1,3,9,2,11,football-data-csv,I1_2425.csv,https://www.football-data.co.uk/mmz4281/202425/I1.csv,2026-08-05 07:40:26,567,312d07a465963677fe2797ebbbea9e5b42a47b7eacc8991d35e8207ebb74f93a
2025-01-11,2024/25,Serie A,Milan,Cagliari,1,1,9,1,10,football-data-csv,I1_2425.csv,https://www.football-data.co.uk/mmz4281/202425/I1.csv,2026-08-05 07:40:26,568,a6e890b0096ad2885d1e5c5781773209fc8a8f971a6da5f5baee157aed990d5e
2025-01-11,2024/25,Serie A,Torino,Juventus,1,1,9,1,10,football-data-csv,I1_2425.csv,https://www.football-data.co.uk/mmz4281/202425/I1.csv,2026-08-05 07:40:26,569,a86b3a3a102d1c4fc3213da5ee19a7f20a7b982841c7284a593c1ffa06ba3f6d
2025-01-11,2024/25,Serie A,Udinese,Atalanta,0,0,5,3,8,football-data-csv,I1_2425.csv,https://www.football-data.co.uk/mmz4281/202425/I1.csv,2026-08-05 07:40:26,570,4732f039fc931ad15e51fad20e7e90374b1bc22700e6dca5d7e5d91b09e46ea4
2025-01-12,2024/25,Serie A,Bologna,Roma,2,2,5,4,9,football-data-csv,I1_2425.csv,https://www.football-data.co.uk/mmz4281/202425/I1.csv,2026-08-05 07:40:26,571,b2621a7163818f217d2e4d5e6353588a1196353b52c43a25459ecf2f91089390
2025-01-12,2024/25,Serie A,Genoa,Parma,1,0,6,9,15,football-data-csv,I1_2425.csv,https://www.football-data.co.uk/mmz4281/202425/I1.csv,2026-08-05 07:40:26,572,dc254574508f9ebc1a0f7041980ecef5235601262845890f21174ba281b479cf
2025-01-12,2024/25,Serie A,Napoli,Verona,2,0,8,1,9,football-data-csv,I1_2425.csv,https://www.football-data.co.uk/mmz4281/202425/I1.csv,2026-08-05 07:40:26,573,f7c12d50bfdd195e0d52d6934fcbe20458f3c14810523d289adbdf309a0e0b04
2025-01-12,2024/25,Serie A,Venezia,Inter,0,1,4,5,9,football-data-csv,I1_2425.csv,https://www.football-data.co.uk/mmz4281/202425/I1.csv,2026-08-05 07:40:26,574,d14d645c4b59a74aa829cb73d18073489af14710ec6c7db89909a8fdb25869aa
2025-01-13,2024/25,Serie A,Monza,Fiorentina,2,1,2,4,6,football-data-csv,I1_2425.csv,https://www.football-data.co.uk/mmz4281/202425/I1.csv,2026-08-05 07:40:26,575,47fbf5d72936f8eb285b133e900cc73692ebb794f4a27b39a2aef8547eb87449
2025-01-14,2024/25,Serie A,Atalanta,Juventus,1,1,3,3,6,football-data-csv,I1_2425.csv,https://www.football-data.co.uk/mmz4281/202425/I1.csv,2026-08-05 07:40:26,576,a347e2d417e250a680b5ba4df6032d0326ec476ca2c5051c62dcbc9b22e71405
2025-01-14,2024/25,Serie A,Como,Milan,1,2,2,4,6,football-data-csv,I1_2425.csv,https://www.football-data.co.uk/mmz4281/202425/I1.csv,2026-08-05 07:40:26,577,e409a8d9548be8a2ad97ec15d4655f87df31cf5f20b9d0f44fc07961b02328f3
2025-01-15,2024/25,Serie A,Inter,Bologna,2,2,3,3,6,football-data-csv,I1_2425.csv,https://www.football-data.co.uk/mmz4281/202425/I1.csv,2026-08-05 07:40:26,578,4760c636612451611d3d240a4df7cab4a82db41c4ee4b6e04e777d4654da4226
2025-01-17,2024/25,Serie A,Roma,Genoa,3,1,3,2,5,football-data-csv,I1_2425.csv,https://www.football-data.co.uk/mmz4281/202425/I1.csv,2026-08-05 07:40:26,579,9366f9e80eca5a75a3686e32f977f8cb13c2e78d5a93a486d7d8dfd82a11a00d
2025-01-18,2024/25,Serie A,Atalanta,Napoli,2,3,3,1,4,football-data-csv,I1_2425.csv,https://www.football-data.co.uk/mmz4281/202425/I1.csv,2026-08-05 07:40:26,580,e027fe7655a140678ae5e96fc8bac1cd59c9913bce8eff3aea5deb983bb167c4
2025-01-18,2024/25,Serie A,Bologna,Monza,3,1,4,0,4,football-data-csv,I1_2425.csv,https://www.football-data.co.uk/mmz4281/202425/I1.csv,2026-08-05 07:40:26,581,47288c2772345ba313ef433741c9dc717faf746bdfd4b67a05a207aa109ed97e
2025-01-18,2024/25,Serie A,Juventus,Milan,2,0,5,5,10,football-data-csv,I1_2425.csv,https://www.football-data.co.uk/mmz4281/202425/I1.csv,2026-08-05 07:40:26,582,b37628dd8b37934df7277f68c4392dbdaf2e3626b153ae847290747af3b92ac9
2025-01-19,2024/25,Serie A,Cagliari,Lecce,4,1,6,1,7,football-data-csv,I1_2425.csv,https://www.football-data.co.uk/mmz4281/202425/I1.csv,2026-08-05 07:40:26,583,3ab897972ae8329e0285835d8438bcc1f8de9160bb3f3ef56828a80c0f5041ff
2025-01-19,2024/25,Serie A,Fiorentina,Torino,1,1,9,2,11,football-data-csv,I1_2425.csv,https://www.football-data.co.uk/mmz4281/202425/I1.csv,2026-08-05 07:40:26,584,f75ebd5aa9b9e4806fb2537b7869c78e0faccef8dc7e25cf605e3b79a738a250
2025-01-19,2024/25,Serie A,Inter,Empoli,3,1,7,3,10,football-data-csv,I1_2425.csv,https://www.football-data.co.uk/mmz4281/202425/I1.csv,2026-08-05 07:40:26,585,62f417d7e96d5924999dc9b06a5b46362311892559ccae7ec131f8b2b26744de
2025-01-19,2024/25,Serie A,Parma,Venezia,1,1,8,2,10,football-data-csv,I1_2425.csv,https://www.football-data.co.uk/mmz4281/202425/I1.csv,2026-08-05 07:40:26,586,2b98286455beb12437b6196e7bf33dcc4b163ac3b3ac5e8fc97ebf052208b66b
2025-01-19,2024/25,Serie A,Verona,Lazio,0,3,5,6,11,football-data-csv,I1_2425.csv,https://www.football-data.co.uk/mmz4281/202425/I1.csv,2026-08-05 07:40:26,587,8ba2aff5bebffef716a6fc4748a927226310fa9d029e1521aea267518b95f1f7
2025-01-20,2024/25,Serie A,Como,Udinese,4,1,3,2,5,football-data-csv,I1_2425.csv,https://www.football-data.co.uk/mmz4281/202425/I1.csv,2026-08-05 07:40:26,588,2ab98eb6c1d6b903a272d171276655ddb3d436cf890c425dbd65730547df65ac
2025-01-24,2024/25,Serie A,Torino,Cagliari,2,0,6,3,9,football-data-csv,I1_2425.csv,https://www.football-data.co.uk/mmz4281/202425/I1.csv,2026-08-05 07:40:26,589,be1c90e1935c8c1656490e6112c07d48f3a684996701255b4a0e907a1e50e040
2025-01-25,2024/25,Serie A,Como,Atalanta,1,2,4,5,9,football-data-csv,I1_2425.csv,https://www.football-data.co.uk/mmz4281/202425/I1.csv,2026-08-05 07:40:26,590,debe10200b21fcd7316a8bdbe656fd9f5d3d40c0c2714b637b71dba23c08066e
2025-01-25,2024/25,Serie A,Empoli,Bologna,1,1,2,4,6,football-data-csv,I1_2425.csv,https://www.football-data.co.uk/mmz4281/202425/I1.csv,2026-08-05 07:40:26,591,bec2c3f9f0abb9b6275d9ed67182e7a174747683fc09190cc7f35521af47b63a
2025-01-25,2024/25,Serie A,Napoli,Juventus,2,1,9,1,10,football-data-csv,I1_2425.csv,https://www.football-data.co.uk/mmz4281/202425/I1.csv,2026-08-05 07:40:26,592,9897b58789c771b50deec907505fc25afc92e3a586be84010d757e1616af668c
2025-01-26,2024/25,Serie A,Lazio,Fiorentina,1,2,14,2,16,football-data-csv,I1_2425.csv,https://www.football-data.co.uk/mmz4281/202425/I1.csv,2026-08-05 07:40:26,593,a9b8e7382f40810be07fa87baa79defd4ee6b8f78f9678c19ee98b479fd2818e
2025-01-26,2024/25,Serie A,Lecce,Inter,0,4,7,0,7,football-data-csv,I1_2425.csv,https://www.football-data.co.uk/mmz4281/202425/I1.csv,2026-08-05 07:40:26,594,39ea6079251cd8ca6c9d131ca58b75e01511ed55fea8b71fbcdc1241fb40b21d
2025-01-26,2024/25,Serie A,Milan,Parma,3,2,7,4,11,football-data-csv,I1_2425.csv,https://www.football-data.co.uk/mmz4281/202425/I1.csv,2026-08-05 07:40:26,595,67e97fd69d36986e4ed2107570a8b675b44aaecbd5c3fffc58626a623230cfc2
2025-01-26,2024/25,Serie A,Udinese,Roma,1,2,1,5,6,football-data-csv,I1_2425.csv,https://www.football-data.co.uk/mmz4281/202425/I1.csv,2026-08-05 07:40:26,596,8296171bad862edb520053afaca1d479c38544a25a60577f30c9711f17b28c24
2025-01-27,2024/25,Serie A,Genoa,Monza,2,0,9,6,15,football-data-csv,I1_2425.csv,https://www.football-data.co.uk/mmz4281/202425/I1.csv,2026-08-05 07:40:26,597,b6dd94f9357b09cedc5a834395313388e13b7f3df2589b0bbd002c14dc5596d0
2025-01-27,2024/25,Serie A,Venezia,Verona,1,1,7,9,16,football-data-csv,I1_2425.csv,https://www.football-data.co.uk/mmz4281/202425/I1.csv,2026-08-05 07:40:26,598,6e434999a9e084d53bd9e508ddcfc33e88a39285b38f84f888b5386e43ea7e53
2025-01-31,2024/25,Serie A,Parma,Lecce,1,3,3,2,5,football-data-csv,I1_2425.csv,https://www.football-data.co.uk/mmz4281/202425/I1.csv,2026-08-05 07:40:26,599,611daead10a5bec5111b0eb14c5f205af1ff2e432fffed29a7cd6d65b62fe9bf
2025-02-01,2024/25,Serie A,Atalanta,Torino,1,1,8,0,8,football-data-csv,I1_2425.csv,https://www.football-data.co.uk/mmz4281/202425/I1.csv,2026-08-05 07:40:26,600,27ff1f999bdec065187c3753441c544fdafb2051b7b453fb0f7966abdf56d8af
2025-02-01,2024/25,Serie A,Bologna,Como,2,0,4,2,6,football-data-csv,I1_2425.csv,https://www.football-data.co.uk/mmz4281/202425/I1.csv,2026-08-05 07:40:26,601,48225c715e1a6533104d8fcf7035193b3da7b4425d98fcf9356d14a9ec840f51
2025-02-01,2024/25,Serie A,Monza,Verona,0,1,7,3,10,football-data-csv,I1_2425.csv,https://www.football-data.co.uk/mmz4281/202425/I1.csv,2026-08-05 07:40:26,602,eb64964633eeeadca1411f48e97f7b4f4d890095c4e6ef8dec2c6da0dd9b35b4
2025-02-01,2024/25,Serie A,Udinese,Venezia,3,2,4,6,10,football-data-csv,I1_2425.csv,https://www.football-data.co.uk/mmz4281/202425/I1.csv,2026-08-05 07:40:26,603,94f84189a0d9532bb0a79cd0e54a5f0b51a0e34ecb802e75623ce427e8d4e4be
2025-02-02,2024/25,Serie A,Fiorentina,Genoa,2,1,1,8,9,football-data-csv,I1_2425.csv,https://www.football-data.co.uk/mmz4281/202425/I1.csv,2026-08-05 07:40:26,604,fc5ca41b02c432f0a41f6f865229cd03dd5c58febc5e17ef462cc2c6ad809eed
2025-02-02,2024/25,Serie A,Juventus,Empoli,4,1,8,6,14,football-data-csv,I1_2425.csv,https://www.football-data.co.uk/mmz4281/202425/I1.csv,2026-08-05 07:40:26,605,4cb74ecadb56d62abc34138ae8ed23dfa2b202e5421805cbfb3c4106204b60b8
2025-02-02,2024/25,Serie A,Milan,Inter,1,1,8,11,19,football-data-csv,I1_2425.csv,https://www.football-data.co.uk/mmz4281/202425/I1.csv,2026-08-05 07:40:26,606,c4f532a0ac3fc47bc3c12266ead2b7eae6693d11bc9ec9dd5c889c8530bcbe7a
2025-02-02,2024/25,Serie A,Roma,Napoli,1,1,2,3,5,football-data-csv,I1_2425.csv,https://www.football-data.co.uk/mmz4281/202425/I1.csv,2026-08-05 07:40:26,607,809ece9e7fff7e3efb068ac9e8af81f644cf623db62eb98fb84be203f420bded
2025-02-03,2024/25,Serie A,Cagliari,Lazio,1,2,7,7,14,football-data-csv,I1_2425.csv,https://www.football-data.co.uk/mmz4281/202425/I1.csv,2026-08-05 07:40:26,608,a7f547ff4194d6477df60b861d81bf4f67f7a3f3b5c3a7ccda06b57119bc2741
2025-02-06,2024/25,Serie A,Fiorentina,Inter,3,0,1,8,9,football-data-csv,I1_2425.csv,https://www.football-data.co.uk/mmz4281/202425/I1.csv,2026-08-05 07:40:26,609,aaa5b4ec9f5cbee2a4c819bb1ef80548d5104ec5c2ee726b9ef6edd788cafbc5
2025-02-07,2024/25,Serie A,Como,Juventus,1,2,9,1,10,football-data-csv,I1_2425.csv,https://www.football-data.co.uk/mmz4281/202425/I1.csv,2026-08-05 07:40:26,610,1b49a2957886d3592a215e596014b0f9ec58adaa4ee347a776a10f63647e6919
2025-02-08,2024/25,Serie A,Empoli,Milan,0,2,2,6,8,football-data-csv,I1_2425.csv,https://www.football-data.co.uk/mmz4281/202425/I1.csv,2026-08-05 07:40:26,611,219d935e9521732e2b2dbcb22b7f86a5082dac6f11f6029722b538f5bfb5eb2a
2025-02-08,2024/25,Serie A,Torino,Genoa,1,1,4,2,6,football-data-csv,I1_2425.csv,https://www.football-data.co.uk/mmz4281/202425/I1.csv,2026-08-05 07:40:26,612,42c54fc20155c3bbadc5b0662c613884a8b6be34dafe06520502334b0faf812f
2025-02-08,2024/25,Serie A,Verona,Atalanta,0,5,7,2,9,football-data-csv,I1_2425.csv,https://www.football-data.co.uk/mmz4281/202425/I1.csv,2026-08-05 07:40:26,613,3d0d0fc2b752867ad2ebf2346662a402b6d4175c28cbfb38a7e983413de4bd27
2025-02-09,2024/25,Serie A,Cagliari,Parma,2,1,7,6,13,football-data-csv,I1_2425.csv,https://www.football-data.co.uk/mmz4281/202425/I1.csv,2026-08-05 07:40:26,614,eb4a109d69d2237236c8803800ab8b134b2c445f883e35894f3bf21453589cdd
2025-02-09,2024/25,Serie A,Lazio,Monza,5,1,8,1,9,football-data-csv,I1_2425.csv,https://www.football-data.co.uk/mmz4281/202425/I1.csv,2026-08-05 07:40:26,615,8a5c0ffadc4df0897a2f545cba615a3239738e8b9989857b64f6336712a6cf36
2025-02-09,2024/25,Serie A,Lecce,Bologna,0,0,6,5,11,football-data-csv,I1_2425.csv,https://www.football-data.co.uk/mmz4281/202425/I1.csv,2026-08-05 07:40:26,616,5e3212e3533c6c1d462fa878124a0dfaeedf7a18778c5f4dbe4320147e37392d
2025-02-09,2024/25,Serie A,Napoli,Udinese,1,1,6,6,12,football-data-csv,I1_2425.csv,https://www.football-data.co.uk/mmz4281/202425/I1.csv,2026-08-05 07:40:26,617,82486f92bb55a9ecf14bb797debb1284b561b1e5ce376d56819c6726468b9e99
2025-02-09,2024/25,Serie A,Venezia,Roma,0,1,4,6,10,football-data-csv,I1_2425.csv,https://www.football-data.co.uk/mmz4281/202425/I1.csv,2026-08-05 07:40:26,618,4df707d99e9fd9f2eb6c6f92fb3b539febb59a7505a4e290881534ee54ce7950
2025-02-10,2024/25,Serie A,Inter,Fiorentina,2,1,8,1,9,football-data-csv,I1_2425.csv,https://www.football-data.co.uk/mmz4281/202425/I1.csv,2026-08-05 07:40:26,619,154d361c67dd53d5b9ea0a4eb36d7d6f9d8cb4ccc64c8eaff93826decaebcd80
2025-02-14,2024/25,Serie A,Bologna,Torino,3,2,8,2,10,football-data-csv,I1_2425.csv,https://www.football-data.co.uk/mmz4281/202425/I1.csv,2026-08-05 07:40:26,620,cf4e146fc4507b057e446a3448ae9841c4694906ab82aa96514f24f044754dcd
2025-02-15,2024/25,Serie A,Atalanta,Cagliari,0,0,8,2,10,football-data-csv,I1_2425.csv,https://www.football-data.co.uk/mmz4281/202425/I1.csv,2026-08-05 07:40:26,621,48dcbdf13f462c7bcc9ee8c3dae5a2cbd810c0e7ff38ac868d2b3b8e04fca683
2025-02-15,2024/25,Serie A,Lazio,Napoli,2,2,7,1,8,football-data-csv,I1_2425.csv,https://www.football-data.co.uk/mmz4281/202425/I1.csv,2026-08-05 07:40:26,622,a0d64106d7e983394b1798f35b218bdb1ab2ef2f1f9568b9b72e8ab664ac7510
2025-02-15,2024/25,Serie A,Milan,Verona,1,0,10,7,17,football-data-csv,I1_2425.csv,https://www.football-data.co.uk/mmz4281/202425/I1.csv,2026-08-05 07:40:26,623,9a591828fca6289f8396729c6e7e9f6725482c4ffdb6060116224ef6e2677963
2025-02-16,2024/25,Serie A,Fiorentina,Como,0,2,2,1,3,football-data-csv,I1_2425.csv,https://www.football-data.co.uk/mmz4281/202425/I1.csv,2026-08-05 07:40:26,624,40368984f2cd52a9ee17537395b55b1954bea6b528ade7d94347a5672e56ef5b
2025-02-16,2024/25,Serie A,Juventus,Inter,1,0,7,5,12,football-data-csv,I1_2425.csv,https://www.football-data.co.uk/mmz4281/202425/I1.csv,2026-08-05 07:40:26,625,a56fcdf4ab658befa2f3ae5bbb6d426926889994c3112fc627164c7af1459693
2025-02-16,2024/25,Serie A,Monza,Lecce,0,0,3,7,10,football-data-csv,I1_2425.csv,https://www.football-data.co.uk/mmz4281/202425/I1.csv,2026-08-05 07:40:26,626,e0cdc64641aaf8c79443a81a6258fb24b83777dbe5bc2644ad4b23fe71d10b0d
2025-02-16,2024/25,Serie A,Parma,Roma,0,1,1,10,11,football-data-csv,I1_2425.csv,https://www.football-data.co.uk/mmz4281/202425/I1.csv,2026-08-05 07:40:26,627,fbe4f531129435a80505f88cd7059990dd47aa552301f8a3a2388e2acf0a223e
2025-02-16,2024/25,Serie A,Udinese,Empoli,3,0,9,5,14,football-data-csv,I1_2425.csv,https://www.football-data.co.uk/mmz4281/202425/I1.csv,2026-08-05 07:40:26,628,ce4c4c69a471b52bcadb5895152f23e9dffb02a0c585981660266a01b310bf84
2025-02-17,2024/25,Serie A,Genoa,Venezia,2,0,4,5,9,football-data-csv,I1_2425.csv,https://www.football-data.co.uk/mmz4281/202425/I1.csv,2026-08-05 07:40:26,629,df3acf38c8e602f536b2fe8de5c40ac0836db7fd2d99d879c85f90c54aa414ec
2025-02-21,2024/25,Serie A,Lecce,Udinese,0,1,11,8,19,football-data-csv,I1_2425.csv,https://www.football-data.co.uk/mmz4281/202425/I1.csv,2026-08-05 07:40:26,630,361a180538ca4ddf2266d8042ae24625564601c5050790737a19538b2a7a1541
2025-02-22,2024/25,Serie A,Inter,Genoa,1,0,6,7,13,football-data-csv,I1_2425.csv,https://www.football-data.co.uk/mmz4281/202425/I1.csv,2026-08-05 07:40:26,631,e7f2222aa47f1cbfc308d89228b67b9b3ee4b3b018ae84fc86b08c30cc3cd1d7
2025-02-22,2024/25,Serie A,Parma,Bologna,2,0,0,4,4,football-data-csv,I1_2425.csv,https://www.football-data.co.uk/mmz4281/202425/I1.csv,2026-08-05 07:40:26,632,56991400d68b494b973c7ff00860bd6053d2edf6f5ebb9994012203cf50f6c75
2025-02-22,2024/25,Serie A,Torino,Milan,2,1,4,11,15,football-data-csv,I1_2425.csv,https://www.football-data.co.uk/mmz4281/202425/I1.csv,2026-08-05 07:40:26,633,0352620a33c320cecc4e47a0be56827b368a84f9392d058cc77375aee016661b
2025-02-22,2024/25,Serie A,Venezia,Lazio,0,0,6,6,12,football-data-csv,I1_2425.csv,https://www.football-data.co.uk/mmz4281/202425/I1.csv,2026-08-05 07:40:26,634,5b00900e21937281d5b031db4fa6ab72e4be6942990ff09bee956f82474b8396
2025-02-23,2024/25,Serie A,Cagliari,Juventus,0,1,3,4,7,football-data-csv,I1_2425.csv,https://www.football-data.co.uk/mmz4281/202425/I1.csv,2026-08-05 07:40:26,635,23c37013e54aea477ce8f7d577e80fa2f2c8398566f0e1a547da795c6babea57
2025-02-23,2024/25,Serie A,Como,Napoli,2,1,4,6,10,football-data-csv,I1_2425.csv,https://www.football-data.co.uk/mmz4281/202425/I1.csv,2026-08-05 07:40:26,636,e63d57f0b0cf4511454848fa602da166af69413b625ee5f837be60b23b787075
2025-02-23,2024/25,Serie A,Empoli,Atalanta,0,5,3,4,7,football-data-csv,I1_2425.csv,https://www.football-data.co.uk/mmz4281/202425/I1.csv,2026-08-05 07:40:26,637,7a1094f405b55efad73bcf97dc09ee04717dda82cb745358dea5b94937e82caf
2025-02-23,2024/25,Serie A,Verona,Fiorentina,1,0,4,1,5,football-data-csv,I1_2425.csv,https://www.football-data.co.uk/mmz4281/202425/I1.csv,2026-08-05 07:40:26,638,c0ddcec4e29d808b4d263651b9b4caf78c79886f5a8f1792c366ebe96b1c7e78
2025-02-24,2024/25,Serie A,Roma,Monza,4,0,6,3,9,football-data-csv,I1_2425.csv,https://www.football-data.co.uk/mmz4281/202425/I1.csv,2026-08-05 07:40:26,639,92ad14422b7cbf5456a9e74df2e7b0d9c1f5d557f18c57ff4a92751c864bc807
2025-02-27,2024/25,Serie A,Bologna,Milan,2,1,4,5,9,football-data-csv,I1_2425.csv,https://www.football-data.co.uk/mmz4281/202425/I1.csv,2026-08-05 07:40:26,640,608e6555dc81a011adcb8f6ff6552ddf084867283c387de38a3d5411a59e6104
2025-02-28,2024/25,Serie A,Fiorentina,Lecce,1,0,5,2,7,football-data-csv,I1_2425.csv,https://www.football-data.co.uk/mmz4281/202425/I1.csv,2026-08-05 07:40:26,641,6e43f4a39a0d75796a796668be7f9c28160a0fefcf4dcad5a5dafe1402e2f0e4
2025-03-01,2024/25,Serie A,Atalanta,Venezia,0,0,3,2,5,football-data-csv,I1_2425.csv,https://www.football-data.co.uk/mmz4281/202425/I1.csv,2026-08-05 07:40:26,642,d653e9cfe62a3b9de3c231ac7f9f2326243e71f327da07e614042f2785b7077a
2025-03-01,2024/25,Serie A,Napoli,Inter,1,1,12,3,15,football-data-csv,I1_2425.csv,https://www.football-data.co.uk/mmz4281/202425/I1.csv,2026-08-05 07:40:26,643,817010c0885bc20744b293ccbfd3f8bd81907cf907ce6c5e168c0689e031ec65
2025-03-01,2024/25,Serie A,Udinese,Parma,1,0,7,7,14,football-data-csv,I1_2425.csv,https://www.football-data.co.uk/mmz4281/202425/I1.csv,2026-08-05 07:40:26,644,53a2fe8b30226b536c073690ea42dd65e5f027efc04e71e2c32d81e17f6b1968
2025-03-02,2024/25,Serie A,Bologna,Cagliari,2,1,4,1,5,football-data-csv,I1_2425.csv,https://www.football-data.co.uk/mmz4281/202425/I1.csv,2026-08-05 07:40:26,645,a5d7f3aca47f38d0b204724c14161b6615593659637113cb047ed8136c36e11a
2025-03-02,2024/25,Serie A,Genoa,Empoli,1,1,3,6,9,football-data-csv,I1_2425.csv,https://www.football-data.co.uk/mmz4281/202425/I1.csv,2026-08-05 07:40:26,646,0afe7ce85219e3925eb080c10e9710d7447ec3947db9fc38c830adad20982a54
2025-03-02,2024/25,Serie A,Milan,Lazio,1,2,3,5,8,football-data-csv,I1_2425.csv,https://www.football-data.co.uk/mmz4281/202425/I1.csv,2026-08-05 07:40:26,647,79a0dcef54390db0d4558e092acf81fbbd54e348ee205d73a627610187458347
2025-03-02,2024/25,Serie A,Monza,Torino,0,2,1,4,5,football-data-csv,I1_2425.csv,https://www.football-data.co.uk/mmz4281/202425/I1.csv,2026-08-05 07:40:26,648,12fac5e1715476fcb1e34c7cc6388128cf3a8f4e7c60c09b17ac292102ee464c
2025-03-02,2024/25,Serie A,Roma,Como,2,1,1,2,3,football-data-csv,I1_2425.csv,https://www.football-data.co.uk/mmz4281/202425/I1.csv,2026-08-05 07:40:26,649,95bd351a58b577357f97c5f4718b5f08bee1c2cfe2785f73c624346cb5f9c9e3
2025-03-03,2024/25,Serie A,Juventus,Verona,2,0,6,0,6,football-data-csv,I1_2425.csv,https://www.football-data.co.uk/mmz4281/202425/I1.csv,2026-08-05 07:40:26,650,aacc8a5daf5b1ecaf0cc4c842d03eaf27ed1a750218db0c8e74b4d953c79f0c1
2025-03-07,2024/25,Serie A,Cagliari,Genoa,1,1,2,5,7,football-data-csv,I1_2425.csv,https://www.football-data.co.uk/mmz4281/202425/I1.csv,2026-08-05 07:40:26,651,f5a2a6b6aca05cbebd47b816042d6ee12f56d9cecbc258d8bc2b7cf0a32dba28
2025-03-08,2024/25,Serie A,Como,Venezia,1,1,3,5,8,football-data-csv,I1_2425.csv,https://www.football-data.co.uk/mmz4281/202425/I1.csv,2026-08-05 07:40:26,652,a27b0b7440acf2394c162ed2e59e7caffbf686155a3146014730c71863ca6629
2025-03-08,2024/25,Serie A,Inter,Monza,3,2,13,1,14,football-data-csv,I1_2425.csv,https://www.football-data.co.uk/mmz4281/202425/I1.csv,2026-08-05 07:40:26,653,4ed92edde9f7979ad5eb20f7408a01e5b9e5bf09546f14669141963ab93a7755
2025-03-08,2024/25,Serie A,Lecce,Milan,2,3,2,7,9,football-data-csv,I1_2425.csv,https://www.football-data.co.uk/mmz4281/202425/I1.csv,2026-08-05 07:40:26,654,f9ae751387a25fe5c91448a7514562fa730ae9208663b6ea08fb363b2d1a6f1c
2025-03-08,2024/25,Serie A,Parma,Torino,2,2,7,4,11,football-data-csv,I1_2425.csv,https://www.football-data.co.uk/mmz4281/202425/I1.csv,2026-08-05 07:40:26,655,1e4250fb7656e375fe1e789a2e8571c03938c321269efb50fbdc75ec6cf0599c
2025-03-09,2024/25,Serie A,Empoli,Roma,0,1,1,9,10,football-data-csv,I1_2425.csv,https://www.football-data.co.uk/mmz4281/202425/I1.csv,2026-08-05 07:40:26,656,6e0863a559ea03752b3ccc371d50adf89a49f5573c374b319c7014e1100fa940
2025-03-09,2024/25,Serie A,Juventus,Atalanta,0,4,2,5,7,football-data-csv,I1_2425.csv,https://www.football-data.co.uk/mmz4281/202425/I1.csv,2026-08-05 07:40:26,657,d12bd4bd4db54fd8cdc066272c7f3786f8e59eb4d6cde0749efa4965f2d090fa
2025-03-09,2024/25,Serie A,Napoli,Fiorentina,2,1,4,4,8,football-data-csv,I1_2425.csv,https://www.football-data.co.uk/mmz4281/202425/I1.csv,2026-08-05 07:40:26,658,a96aa5cebce89ab9885114823fd3e2c994b9f77fef36d820abb2646acd693837
2025-03-09,2024/25,Serie A,Verona,Bologna,1,2,1,3,4,football-data-csv,I1_2425.csv,https://www.football-data.co.uk/mmz4281/202425/I1.csv,2026-08-05 07:40:26,659,fb053021e0981179c0574da254b42e2f11cc4de034e8bfe7c823367aa7ef8865
2025-03-10,2024/25,Serie A,Lazio,Udinese,1,1,4,9,13,football-data-csv,I1_2425.csv,https://www.football-data.co.uk/mmz4281/202425/I1.csv,2026-08-05 07:40:26,660,c47ea03a23ce2f21e0444500c391491a731c437477b6d4313a7b8d7dd63324fc
2025-03-14,2024/25,Serie A,Genoa,Lecce,2,1,3,3,6,football-data-csv,I1_2425.csv,https://www.football-data.co.uk/mmz4281/202425/I1.csv,2026-08-05 07:40:26,661,a806422945202864ce1d4d92e784a9ef13d1dfb612b711680e7769925f1ce3f7
2025-03-15,2024/25,Serie A,Milan,Como,2,1,0,5,5,football-data-csv,I1_2425.csv,https://www.football-data.co.uk/mmz4281/202425/I1.csv,2026-08-05 07:40:26,662,a7f52e5edc0f47fe07835bc5bdc56e965131119a11c20d58c8cc4be204a64c43
2025-03-15,2024/25,Serie A,Monza,Parma,1,1,6,3,9,football-data-csv,I1_2425.csv,https://www.football-data.co.uk/mmz4281/202425/I1.csv,2026-08-05 07:40:26,663,f8e48ce5fab1ef0d19e5c70c63bc29a104becfecbcb9d2331dcca58d1a81eda4
2025-03-15,2024/25,Serie A,Torino,Empoli,1,0,5,5,10,football-data-csv,I1_2425.csv,https://www.football-data.co.uk/mmz4281/202425/I1.csv,2026-08-05 07:40:26,664,90022c3222d7f88216028bec9b1ed0f55f87d357d94050f517f58faa1f0848da
2025-03-15,2024/25,Serie A,Udinese,Verona,0,1,2,1,3,football-data-csv,I1_2425.csv,https://www.football-data.co.uk/mmz4281/202425/I1.csv,2026-08-05 07:40:26,665,f33743bdb2729562e11aa580e6b413d7e89953c9eb03f39702368662ccd7875d
2025-03-16,2024/25,Serie A,Atalanta,Inter,0,2,2,6,8,football-data-csv,I1_2425.csv,https://www.football-data.co.uk/mmz4281/202425/I1.csv,2026-08-05 07:40:26,666,981a450d66df63ebf0f4c40f21b0da4f3d7a5962fb446ff757e6e5e565bc4d40
2025-03-16,2024/25,Serie A,Bologna,Lazio,5,0,7,1,8,football-data-csv,I1_2425.csv,https://www.football-data.co.uk/mmz4281/202425/I1.csv,2026-08-05 07:40:26,667,f0ced1b72edc55f103b5931cd36c3b0eb6f63393eb75d1403704d1456b3de8ef
2025-03-16,2024/25,Serie A,Fiorentina,Juventus,3,0,1,6,7,football-data-csv,I1_2425.csv,https://www.football-data.co.uk/mmz4281/202425/I1.csv,2026-08-05 07:40:26,668,839bf079458780a4fd37807fc381f72498e353d294578f855652433c608a5662
2025-03-16,2024/25,Serie A,Roma,Cagliari,1,0,8,3,11,football-data-csv,I1_2425.csv,https://www.football-data.co.uk/mmz4281/202425/I1.csv,2026-08-05 07:40:26,669,7738f558fbb9862148d7a3079f437d675ba4a068da4931a7cea662e08447c770
2025-03-16,2024/25,Serie A,Venezia,Napoli,0,0,3,8,11,football-data-csv,I1_2425.csv,https://www.football-data.co.uk/mmz4281/202425/I1.csv,2026-08-05 07:40:26,670,28b53725a5c0c96fd2c0def6fb449435caa7366fcc928c49fb9e32761a2f7f84
2025-03-29,2024/25,Serie A,Como,Empoli,1,1,4,1,5,football-data-csv,I1_2425.csv,https://www.football-data.co.uk/mmz4281/202425/I1.csv,2026-08-05 07:40:26,671,2a9eaeea395cef053f914af306b9e8890b5c2a489a1591f2c9333914ba886bf3
2025-03-29,2024/25,Serie A,Juventus,Genoa,1,0,4,3,7,football-data-csv,I1_2425.csv,https://www.football-data.co.uk/mmz4281/202425/I1.csv,2026-08-05 07:40:26,672,e9bb9fda132371140579193f4b66d8083263519c850a77c835867c01b89ddc96
2025-03-29,2024/25,Serie A,Lecce,Roma,0,1,6,6,12,football-data-csv,I1_2425.csv,https://www.football-data.co.uk/mmz4281/202425/I1.csv,2026-08-05 07:40:26,673,e0eda540e9532dfa3a4797b78772d2a3021672abdba1ec7e0fe27a8ed5229a49
2025-03-29,2024/25,Serie A,Venezia,Bologna,0,1,2,3,5,football-data-csv,I1_2425.csv,https://www.football-data.co.uk/mmz4281/202425/I1.csv,2026-08-05 07:40:26,674,bf98f22616638e2f905e8f97919cd68a118f028b60ed326dad886ddf429894e2
2025-03-30,2024/25,Serie A,Cagliari,Monza,3,0,4,6,10,football-data-csv,I1_2425.csv,https://www.football-data.co.uk/mmz4281/202425/I1.csv,2026-08-05 07:40:26,675,adc7ca8763576892ac18fbec6a200cd8e0019d8c04307d6f5cc9a585d45dc907
2025-03-30,2024/25,Serie A,Fiorentina,Atalanta,1,0,2,4,6,football-data-csv,I1_2425.csv,https://www.football-data.co.uk/mmz4281/202425/I1.csv,2026-08-05 07:40:26,676,4acd60fd32a3edefbbf3ef3543139370a356bc227eb3e498213b49f494cfe08f
2025-03-30,2024/25,Serie A,Inter,Udinese,2,1,2,4,6,football-data-csv,I1_2425.csv,https://www.football-data.co.uk/mmz4281/202425/I1.csv,2026-08-05 07:40:26,677,4d1eaa0be0a391fba08697689a7c08d718862880f9c16253cc1ff9d4d4751e93
2025-03-30,2024/25,Serie A,Napoli,Milan,2,1,2,6,8,football-data-csv,I1_2425.csv,https://www.football-data.co.uk/mmz4281/202425/I1.csv,2026-08-05 07:40:26,678,224399afe1dbc3928b6b68a25088073733f53ee2603e04c9e69595d523e7f2e7
2025-03-31,2024/25,Serie A,Lazio,Torino,1,1,5,3,8,football-data-csv,I1_2425.csv,https://www.football-data.co.uk/mmz4281/202425/I1.csv,2026-08-05 07:40:26,679,777f4b2b93dde18183bfd657871eb3835bbe8ddae10229ff1ac161d685fc9316
2025-03-31,2024/25,Serie A,Verona,Parma,0,0,5,5,10,football-data-csv,I1_2425.csv,https://www.football-data.co.uk/mmz4281/202425/I1.csv,2026-08-05 07:40:26,680,849ec78133dd58d9d15019fa056f906a665e7069b7ccd286a131f14fbd45d460
2025-04-04,2024/25,Serie A,Genoa,Udinese,1,0,1,2,3,football-data-csv,I1_2425.csv,https://www.football-data.co.uk/mmz4281/202425/I1.csv,2026-08-05 07:40:26,681,729c595d9290c03cc90c6fd18f67968347dc73bb9e084214f5325bc197d00126
2025-04-05,2024/25,Serie A,Milan,Fiorentina,2,2,7,4,11,football-data-csv,I1_2425.csv,https://www.football-data.co.uk/mmz4281/202425/I1.csv,2026-08-05 07:40:26,682,d228a9c6843e6a44b3c0785fcfc75eadc553a1bd7194898109604b07efd9a121
2025-04-05,2024/25,Serie A,Monza,Como,1,3,2,2,4,football-data-csv,I1_2425.csv,https://www.football-data.co.uk/mmz4281/202425/I1.csv,2026-08-05 07:40:26,683,6a3138783e443d760266b24b0e85946283da3f7b801d57c04de8a9381eb93db6
2025-04-05,2024/25,Serie A,Parma,Inter,2,2,2,4,6,football-data-csv,I1_2425.csv,https://www.football-data.co.uk/mmz4281/202425/I1.csv,2026-08-05 07:40:26,684,ca5f6e314902dab19a3452f462f55fc873f8e5b66480f9480d5789efd64259f4
2025-04-06,2024/25,Serie A,Atalanta,Lazio,0,1,11,4,15,football-data-csv,I1_2425.csv,https://www.football-data.co.uk/mmz4281/202425/I1.csv,2026-08-05 07:40:26,685,a2c476843d64f137aaee31786c520a6d5625598fad689ffd3baeb0a938c79a40
2025-04-06,2024/25,Serie A,Empoli,Cagliari,0,0,2,3,5,football-data-csv,I1_2425.csv,https://www.football-data.co.uk/mmz4281/202425/I1.csv,2026-08-05 07:40:26,686,428a15b528f1d201bdf48612aba333e58324e541ab75223ece9bb1507d3032b2
2025-04-06,2024/25,Serie A,Lecce,Venezia,1,1,8,3,11,football-data-csv,I1_2425.csv,https://www.football-data.co.uk/mmz4281/202425/I1.csv,2026-08-05 07:40:26,687,ec25aff87499d908f249574ab98d2d75a94d16e07e714f5b904806776d949c71
2025-04-06,2024/25,Serie A,Roma,Juventus,1,1,4,4,8,football-data-csv,I1_2425.csv,https://www.football-data.co.uk/mmz4281/202425/I1.csv,2026-08-05 07:40:26,688,6a6746aa6f2c72fba22073a19715bf5f53337256a31049618228492421382bc8
2025-04-06,2024/25,Serie A,Torino,Verona,1,1,1,5,6,football-data-csv,I1_2425.csv,https://www.football-data.co.uk/mmz4281/202425/I1.csv,2026-08-05 07:40:26,689,9551bfd750e6a3e0f150a4d7c7c2e57f86dc80f2fd257d0136638dfb700b4db3
2025-04-07,2024/25,Serie A,Bologna,Napoli,1,1,8,3,11,football-data-csv,I1_2425.csv,https://www.football-data.co.uk/mmz4281/202425/I1.csv,2026-08-05 07:40:26,690,028a08a6979b3b0c6e371f40e88ef54a91a31a143d300f65e72a0e35390f2e19
2025-04-11,2024/25,Serie A,Udinese,Milan,0,4,5,7,12,football-data-csv,I1_2425.csv,https://www.football-data.co.uk/mmz4281/202425/I1.csv,2026-08-05 07:40:26,691,a41fb8ffd84284148428ea964dd203315e0ff38cc09acbf0cb43321488e88d13
2025-04-12,2024/25,Serie A,Inter,Cagliari,3,1,5,6,11,football-data-csv,I1_2425.csv,https://www.football-data.co.uk/mmz4281/202425/I1.csv,2026-08-05 07:40:26,692,c63f465e8341075493e33c95e8b16fb4a5b462752df05ed25e61ce259260178a
2025-04-12,2024/25,Serie A,Juventus,Lecce,2,1,9,4,13,football-data-csv,I1_2425.csv,https://www.football-data.co.uk/mmz4281/202425/I1.csv,2026-08-05 07:40:26,693,1f8c773ba110f006d09d3420351a997b51a509bc2a0d605b03f349c3294c6f3e
2025-04-12,2024/25,Serie A,Venezia,Monza,1,0,3,4,7,football-data-csv,I1_2425.csv,https://www.football-data.co.uk/mmz4281/202425/I1.csv,2026-08-05 07:40:26,694,381cd6b785a4b1855fa379ae0e3f7f7ada98b5162849084f86ea6b2cea4f23f1
2025-04-13,2024/25,Serie A,Atalanta,Bologna,2,0,4,5,9,football-data-csv,I1_2425.csv,https://www.football-data.co.uk/mmz4281/202425/I1.csv,2026-08-05 07:40:26,695,dfdf023d5d074c952049ec0275652b3ba4aaac52f53b1d99fadde2e59dcd819d
2025-04-13,2024/25,Serie A,Como,Torino,1,0,7,4,11,football-data-csv,I1_2425.csv,https://www.football-data.co.uk/mmz4281/202425/I1.csv,2026-08-05 07:40:26,696,401d0adb1554d4ffae6052353d9c284cb4cd74d94a3dfa7d2aedff9dd3ce33c1
2025-04-13,2024/25,Serie A,Fiorentina,Parma,0,0,2,2,4,football-data-csv,I1_2425.csv,https://www.football-data.co.uk/mmz4281/202425/I1.csv,2026-08-05 07:40:26,697,1b8e62e8a843744faaadbd3b5f5b7da67ca2dd6a4c45fea8363c5ba391245af5
2025-04-13,2024/25,Serie A,Lazio,Roma,1,1,10,5,15,football-data-csv,I1_2425.csv,https://www.football-data.co.uk/mmz4281/202425/I1.csv,2026-08-05 07:40:26,698,a1cd2810c5d588068ab47a478df1c343b61fd8369959d03c126e5d446a2388c4
2025-04-13,2024/25,Serie A,Verona,Genoa,0,0,6,2,8,football-data-csv,I1_2425.csv,https://www.football-data.co.uk/mmz4281/202425/I1.csv,2026-08-05 07:40:26,699,3dcaf45a8c97a133e4897e0d4387f3b3163e48f28e9b979a6f80c18aee59c039
2025-04-14,2024/25,Serie A,Napoli,Empoli,3,0,5,5,10,football-data-csv,I1_2425.csv,https://www.football-data.co.uk/mmz4281/202425/I1.csv,2026-08-05 07:40:26,700,ef2e5f87bf44cafa2343975bbbf4ff39f2a227ba590fecdc1c30cd337d7e3a87
2025-04-19,2024/25,Serie A,Lecce,Como,0,3,9,4,13,football-data-csv,I1_2425.csv,https://www.football-data.co.uk/mmz4281/202425/I1.csv,2026-08-05 07:40:26,701,6719539c50570e62181a3f69f2fb24c3dada37b8db077a6cef352572d1dc1ff9
2025-04-19,2024/25,Serie A,Monza,Napoli,0,1,6,7,13,football-data-csv,I1_2425.csv,https://www.football-data.co.uk/mmz4281/202425/I1.csv,2026-08-05 07:40:26,702,9bc88af980de738e2a70e82efc103a65b999fe676694df802e61ecd49377a0e4
2025-04-19,2024/25,Serie A,Roma,Verona,1,0,4,6,10,football-data-csv,I1_2425.csv,https://www.football-data.co.uk/mmz4281/202425/I1.csv,2026-08-05 07:40:26,703,2c0e4ac44cec9f9b0003f03ed6428c9784149f8c21b823b10edc9084b5b03907
2025-04-20,2024/25,Serie A,Bologna,Inter,1,0,5,6,11,football-data-csv,I1_2425.csv,https://www.football-data.co.uk/mmz4281/202425/I1.csv,2026-08-05 07:40:26,704,47b4af8beebf0c3bddc2861f1d9ada7634e55534c5220fb70046aabc781837db
2025-04-20,2024/25,Serie A,Empoli,Venezia,2,2,2,5,7,football-data-csv,I1_2425.csv,https://www.football-data.co.uk/mmz4281/202425/I1.csv,2026-08-05 07:40:26,705,76c47156077d484cae526173091b5e302dbfdd7a291c1d6d1839c2d479e7c50b
2025-04-20,2024/25,Serie A,Milan,Atalanta,0,1,7,5,12,football-data-csv,I1_2425.csv,https://www.football-data.co.uk/mmz4281/202425/I1.csv,2026-08-05 07:40:26,706,fb23eddb57850afe513e10aa6a381fc7eab6107e0136af6dd24ce24cf43699a2
2025-04-23,2024/25,Serie A,Cagliari,Fiorentina,1,2,4,4,8,football-data-csv,I1_2425.csv,https://www.football-data.co.uk/mmz4281/202425/I1.csv,2026-08-05 07:40:26,707,e79bc0bcb240ba07d0fa2ae79e18294b4aec7eb19af4c68fb5deb4462113f6c9
2025-04-23,2024/25,Serie A,Genoa,Lazio,0,2,6,8,14,football-data-csv,I1_2425.csv,https://www.football-data.co.uk/mmz4281/202425/I1.csv,2026-08-05 07:40:26,708,31228391ac86b588927dd63d26c594a5690eb91e11d68eb443e4b13db99b41e9
2025-04-23,2024/25,Serie A,Parma,Juventus,1,0,4,9,13,football-data-csv,I1_2425.csv,https://www.football-data.co.uk/mmz4281/202425/I1.csv,2026-08-05 07:40:26,709,10c5be5b5a53055603c5559ff52a2878a0480baad8a602773ce45fc65d5ea714
2025-04-23,2024/25,Serie A,Torino,Udinese,2,0,8,7,15,football-data-csv,I1_2425.csv,https://www.football-data.co.uk/mmz4281/202425/I1.csv,2026-08-05 07:40:26,710,03e40bda850a6d68279bf544bba383fdac294b445c990490b30eefa1238d17ea
2025-04-27,2024/25,Serie A,Atalanta,Lecce,1,1,12,3,15,football-data-csv,I1_2425.csv,https://www.football-data.co.uk/mmz4281/202425/I1.csv,2026-08-05 07:40:26,711,9aa57c7fec1153587008225098a79db67595d2e1be6360a97af570057c948c23
2025-04-27,2024/25,Serie A,Como,Genoa,1,0,6,3,9,football-data-csv,I1_2425.csv,https://www.football-data.co.uk/mmz4281/202425/I1.csv,2026-08-05 07:40:26,712,be0a850b8870fe61baa85b9541e9fa36921dc8840b5bb74f40e6afb9ba4cae4c
2025-04-27,2024/25,Serie A,Fiorentina,Empoli,2,1,1,6,7,football-data-csv,I1_2425.csv,https://www.football-data.co.uk/mmz4281/202425/I1.csv,2026-08-05 07:40:26,713,b4185a225bca8272ef92da4cfdccb4d5e963ac5109443674064767b8560af951
2025-04-27,2024/25,Serie A,Inter,Roma,0,1,4,3,7,football-data-csv,I1_2425.csv,https://www.football-data.co.uk/mmz4281/202425/I1.csv,2026-08-05 07:40:26,714,d22426d2e57e823898f96894236f62cbb7f615a2191600eb0caee67a798de15c
2025-04-27,2024/25,Serie A,Juventus,Monza,2,0,0,5,5,football-data-csv,I1_2425.csv,https://www.football-data.co.uk/mmz4281/202425/I1.csv,2026-08-05 07:40:26,715,1235176778dbbe86f7a3d718186cebd3b1491a89b7450daffb0b4c21fc309a36
2025-04-27,2024/25,Serie A,Napoli,Torino,2,0,2,5,7,football-data-csv,I1_2425.csv,https://www.football-data.co.uk/mmz4281/202425/I1.csv,2026-08-05 07:40:26,716,04884776072936e36abfaff077b4afcc032fd478bc9a0fc1d85df3b108a49837
2025-04-27,2024/25,Serie A,Venezia,Milan,0,2,7,2,9,football-data-csv,I1_2425.csv,https://www.football-data.co.uk/mmz4281/202425/I1.csv,2026-08-05 07:40:26,717,2ec6774989550bf202e6c7de2f7e3a359973e2390f1ea369a9e7ffb25b26ddb6
2025-04-28,2024/25,Serie A,Lazio,Parma,2,2,5,1,6,football-data-csv,I1_2425.csv,https://www.football-data.co.uk/mmz4281/202425/I1.csv,2026-08-05 07:40:26,718,2cf47f2ab51902bf254bd16bc779125aaed7a39c15b01af87422cb2daebc3700
2025-04-28,2024/25,Serie A,Udinese,Bologna,0,0,5,6,11,football-data-csv,I1_2425.csv,https://www.football-data.co.uk/mmz4281/202425/I1.csv,2026-08-05 07:40:26,719,113290d8e64e28b4c0c6095123338859e11df1ae995eaddc51b9cb828471cd94
2025-04-28,2024/25,Serie A,Verona,Cagliari,0,2,2,3,5,football-data-csv,I1_2425.csv,https://www.football-data.co.uk/mmz4281/202425/I1.csv,2026-08-05 07:40:26,720,7549846fa54dd1d2dd2a91654bf3ce258e9ba460741bf6132e51d85fa3743c22
2025-05-02,2024/25,Serie A,Torino,Venezia,1,1,5,1,6,football-data-csv,I1_2425.csv,https://www.football-data.co.uk/mmz4281/202425/I1.csv,2026-08-05 07:40:26,721,385e03cd9c8e14718d9ad749a418bf9ebd086c0f795c2ff56cfe130d92623511
2025-05-03,2024/25,Serie A,Cagliari,Udinese,1,2,5,4,9,football-data-csv,I1_2425.csv,https://www.football-data.co.uk/mmz4281/202425/I1.csv,2026-08-05 07:40:26,722,f76592c69d7a71119308ee16cfa3a7e53621633ba26f455db1a3f16db6dfbda1
2025-05-03,2024/25,Serie A,Inter,Verona,1,0,4,3,7,football-data-csv,I1_2425.csv,https://www.football-data.co.uk/mmz4281/202425/I1.csv,2026-08-05 07:40:26,723,ab593124a8e3a53a6e632157ce4a4c8cb72442f0d7330984c74df40de291aa66
2025-05-03,2024/25,Serie A,Lecce,Napoli,0,1,5,2,7,football-data-csv,I1_2425.csv,https://www.football-data.co.uk/mmz4281/202425/I1.csv,2026-08-05 07:40:26,724,d3e6c08d44e933f0ba2100017ca741a04488cb9d7538f9d01dfc51aed7b5285e
2025-05-03,2024/25,Serie A,Parma,Como,0,1,5,5,10,football-data-csv,I1_2425.csv,https://www.football-data.co.uk/mmz4281/202425/I1.csv,2026-08-05 07:40:26,725,41133d32b169417d2e34d7739c450d611a17e048a001ff5d56015dc2133ba666
2025-05-04,2024/25,Serie A,Bologna,Juventus,1,1,10,3,13,football-data-csv,I1_2425.csv,https://www.football-data.co.uk/mmz4281/202425/I1.csv,2026-08-05 07:40:26,726,31bd99bf107f7134fe28ed594c247c5ba03484370885e4d214f41b2651361b53
2025-05-04,2024/25,Serie A,Empoli,Lazio,0,1,2,7,9,football-data-csv,I1_2425.csv,https://www.football-data.co.uk/mmz4281/202425/I1.csv,2026-08-05 07:40:26,727,69560fa45c06c5c7c85fb003c53f5e9efc322d2c3f9d3e5022b5c3c46286af50
2025-05-04,2024/25,Serie A,Monza,Atalanta,0,4,3,7,10,football-data-csv,I1_2425.csv,https://www.football-data.co.uk/mmz4281/202425/I1.csv,2026-08-05 07:40:26,728,5fe36afbaf0a24e18348ec2c8f41f0f81b4c2e64ca99f7782fb40b2a982d5168
2025-05-04,2024/25,Serie A,Roma,Fiorentina,1,0,7,4,11,football-data-csv,I1_2425.csv,https://www.football-data.co.uk/mmz4281/202425/I1.csv,2026-08-05 07:40:26,729,747340956903d134693c3741e42b8a27792bfee36972821bae64b697eb812c26
2025-05-05,2024/25,Serie A,Genoa,Milan,1,2,8,7,15,football-data-csv,I1_2425.csv,https://www.football-data.co.uk/mmz4281/202425/I1.csv,2026-08-05 07:40:26,730,ed8c55085282164b8213f570ec3b95708fe659c0b406e492f877fe9502dd72db
2025-05-09,2024/25,Serie A,Milan,Bologna,3,1,3,4,7,football-data-csv,I1_2425.csv,https://www.football-data.co.uk/mmz4281/202425/I1.csv,2026-08-05 07:40:26,731,5fce8a458b26147955db791b35bb2109e2e8380ed9159736a7793aaee57d89cb
2025-05-10,2024/25,Serie A,Como,Cagliari,3,1,5,1,6,football-data-csv,I1_2425.csv,https://www.football-data.co.uk/mmz4281/202425/I1.csv,2026-08-05 07:40:26,732,186a3c380a053d2cf5755e0425ba14f122097271b1a3ac1e778a29ed4da8ee49
2025-05-10,2024/25,Serie A,Empoli,Parma,2,1,4,0,4,football-data-csv,I1_2425.csv,https://www.football-data.co.uk/mmz4281/202425/I1.csv,2026-08-05 07:40:26,733,a718bd73ca10416faa30407e36115b23521585b655aa06f252cb88f0ee393836
2025-05-10,2024/25,Serie A,Lazio,Juventus,1,1,3,3,6,football-data-csv,I1_2425.csv,https://www.football-data.co.uk/mmz4281/202425/I1.csv,2026-08-05 07:40:26,734,e4a4d1f5b07aeb628c2e1db1ba2b5ce8ff09ef4533ee58dab42686046d83e152
2025-05-11,2024/25,Serie A,Napoli,Genoa,2,2,8,0,8,football-data-csv,I1_2425.csv,https://www.football-data.co.uk/mmz4281/202425/I1.csv,2026-08-05 07:40:26,735,3ebb376f11304c06b9c4282b472c6932109368a65d6324e2b55019438f7936be
2025-05-11,2024/25,Serie A,Torino,Inter,0,2,9,3,12,football-data-csv,I1_2425.csv,https://www.football-data.co.uk/mmz4281/202425/I1.csv,2026-08-05 07:40:26,736,f47ba1b560c9a7322815e3863d4331f3a31b8c3ee91fabe9cc4a10396bbde9a4
2025-05-11,2024/25,Serie A,Udinese,Monza,1,2,7,0,7,football-data-csv,I1_2425.csv,https://www.football-data.co.uk/mmz4281/202425/I1.csv,2026-08-05 07:40:26,737,8dde030338aab244c8fada690fc9da0f2dde8faeaa7c86be43dfda923a96577d
2025-05-11,2024/25,Serie A,Verona,Lecce,1,1,3,6,9,football-data-csv,I1_2425.csv,https://www.football-data.co.uk/mmz4281/202425/I1.csv,2026-08-05 07:40:26,738,2d5f5f9489232cad1080654a0dddfd5b39e181204a64ebc5698cc910532794b6
2025-05-12,2024/25,Serie A,Atalanta,Roma,2,1,8,7,15,football-data-csv,I1_2425.csv,https://www.football-data.co.uk/mmz4281/202425/I1.csv,2026-08-05 07:40:26,739,0aad5de2a5acb6819394e90633372443f6ccb4bb55345b014a33957f9555f8ef
2025-05-12,2024/25,Serie A,Venezia,Fiorentina,2,1,1,5,6,football-data-csv,I1_2425.csv,https://www.football-data.co.uk/mmz4281/202425/I1.csv,2026-08-05 07:40:26,740,a850c7c6e27107d2538ab19221f5c185ba1a3fab2510b32381346704d2e6fe05
2025-05-17,2024/25,Serie A,Genoa,Atalanta,2,3,7,0,7,football-data-csv,I1_2425.csv,https://www.football-data.co.uk/mmz4281/202425/I1.csv,2026-08-05 07:40:26,741,e1d6f1aef47ecf869ef75c6ea827d5477d7653c020728b42f8ffc7991d082a04
2025-05-18,2024/25,Serie A,Cagliari,Venezia,3,0,8,8,16,football-data-csv,I1_2425.csv,https://www.football-data.co.uk/mmz4281/202425/I1.csv,2026-08-05 07:40:26,742,df834bbbc517171a5ca59e5c477f3d9501041c24e895fff86a266eb9d80e9eda
2025-05-18,2024/25,Serie A,Fiorentina,Bologna,3,2,2,4,6,football-data-csv,I1_2425.csv,https://www.football-data.co.uk/mmz4281/202425/I1.csv,2026-08-05 07:40:26,743,1a4522faf8f210484b1e8d37d5d2522dc76b4b5d1e517ed0919d03e2c71c3d54
2025-05-18,2024/25,Serie A,Inter,Lazio,2,2,5,1,6,football-data-csv,I1_2425.csv,https://www.football-data.co.uk/mmz4281/202425/I1.csv,2026-08-05 07:40:26,744,34e4b1ea835c8beb2f7f9f65c18b7a8504a59271ebf04dd6423f6d812c7a2939
2025-05-18,2024/25,Serie A,Juventus,Udinese,2,0,12,3,15,football-data-csv,I1_2425.csv,https://www.football-data.co.uk/mmz4281/202425/I1.csv,2026-08-05 07:40:26,745,d0504e3c6ad007c9fffb0df77f719d2d91d36091441b2f01dff0411d98c5aff2
2025-05-18,2024/25,Serie A,Lecce,Torino,1,0,3,4,7,football-data-csv,I1_2425.csv,https://www.football-data.co.uk/mmz4281/202425/I1.csv,2026-08-05 07:40:26,746,da9285c1fa9bad04d3a0c406623c8568aab95ee97f579ac5725db28cdfe708a3
2025-05-18,2024/25,Serie A,Monza,Empoli,1,3,2,6,8,football-data-csv,I1_2425.csv,https://www.football-data.co.uk/mmz4281/202425/I1.csv,2026-08-05 07:40:26,747,46bf2b98203cfb6d49a108e9c92823d892d43233c07a393656d5b31ad6d457a1
2025-05-18,2024/25,Serie A,Parma,Napoli,0,0,3,2,5,football-data-csv,I1_2425.csv,https://www.football-data.co.uk/mmz4281/202425/I1.csv,2026-08-05 07:40:26,748,79dbc3c442bcc7966a6991fb9dd71cfaf82060957eee93a9ee859ec3e7f57953
2025-05-18,2024/25,Serie A,Roma,Milan,3,1,4,2,6,football-data-csv,I1_2425.csv,https://www.football-data.co.uk/mmz4281/202425/I1.csv,2026-08-05 07:40:26,749,ea7e899c7d023570087ffd701850598cadda23c2abc226eb21b52c882897a5b7
2025-05-18,2024/25,Serie A,Verona,Como,1,1,5,5,10,football-data-csv,I1_2425.csv,https://www.football-data.co.uk/mmz4281/202425/I1.csv,2026-08-05 07:40:26,750,995b10520f6a0be545a44a666108d02e7309156fd6ca97893e5ceb06388bab5a
2025-05-23,2024/25,Serie A,Como,Inter,0,2,1,4,5,football-data-csv,I1_2425.csv,https://www.football-data.co.uk/mmz4281/202425/I1.csv,2026-08-05 07:40:26,751,24a962a70d6618a294bfff0543735b9ec247b4a226f5bf4f803a94414ac2aa7f
2025-05-23,2024/25,Serie A,Napoli,Cagliari,2,0,8,3,11,football-data-csv,I1_2425.csv,https://www.football-data.co.uk/mmz4281/202425/I1.csv,2026-08-05 07:40:26,752,72ddd5f4809eb172f1b7c6f952778cb4e434965c8bf605ea6f8bb51cbc7eb437
2025-05-24,2024/25,Serie A,Bologna,Genoa,1,3,13,1,14,football-data-csv,I1_2425.csv,https://www.football-data.co.uk/mmz4281/202425/I1.csv,2026-08-05 07:40:26,753,705d60b5c236fd65a1243bb6276899f0691d1b2a65b65a1b2e7af93143f63b60
2025-05-24,2024/25,Serie A,Milan,Monza,2,0,4,6,10,football-data-csv,I1_2425.csv,https://www.football-data.co.uk/mmz4281/202425/I1.csv,2026-08-05 07:40:26,754,9e8178b62754f0dda92507b4cbb5aafeeb0c749cc07ec9bd03353b561ca8c617
2025-05-25,2024/25,Serie A,Atalanta,Parma,2,3,5,6,11,football-data-csv,I1_2425.csv,https://www.football-data.co.uk/mmz4281/202425/I1.csv,2026-08-05 07:40:26,755,0778bca2aca768a0c7ea8a72b98b939bbdd3defbe4ff8bd7d77fd8ebd3acad50
2025-05-25,2024/25,Serie A,Empoli,Verona,1,2,13,1,14,football-data-csv,I1_2425.csv,https://www.football-data.co.uk/mmz4281/202425/I1.csv,2026-08-05 07:40:26,756,4c59d67d116ff2bb7f0ebfa9bdcded5d9b8958d5c2759028fd7fe6ec1c7a4e2a
2025-05-25,2024/25,Serie A,Lazio,Lecce,0,1,14,4,18,football-data-csv,I1_2425.csv,https://www.football-data.co.uk/mmz4281/202425/I1.csv,2026-08-05 07:40:26,757,a782d5f11382f803908647333dcfbf0de4feea8b76724aff461c0986ffa85bec
2025-05-25,2024/25,Serie A,Torino,Roma,0,2,2,1,3,football-data-csv,I1_2425.csv,https://www.football-data.co.uk/mmz4281/202425/I1.csv,2026-08-05 07:40:26,758,cfb915a79126341d58472cb7a1bd47de36553c5e376fc7aa37e6a520eddf93bf
2025-05-25,2024/25,Serie A,Udinese,Fiorentina,2,3,2,8,10,football-data-csv,I1_2425.csv,https://www.football-data.co.uk/mmz4281/202425/I1.csv,2026-08-05 07:40:26,759,3a882a7662091fe317b102296b53fa8aa3cb1491ee4423feeb5b433fe30c6154
2025-05-25,2024/25,Serie A,Venezia,Juventus,2,3,6,6,12,football-data-csv,I1_2425.csv,https://www.football-data.co.uk/mmz4281/202425/I1.csv,2026-08-05 07:40:26,760,546548dfa843f2f60031483107258dcd508ec9a483b9407e11740ee96b0adc90
2025-08-23,2025/26,Serie A,Genoa,Lecce,0,0,3,7,10,football-data-csv,I1_2526.csv,https://www.football-data.co.uk/mmz4281/202526/I1.csv,2026-08-05 07:40:26,761,f8fb419ab5f192c33b85c71a912a869515c1c76b19c0199ac48dd06a5df846d4
2025-08-23,2025/26,Serie A,Milan,Cremonese,1,2,9,2,11,football-data-csv,I1_2526.csv,https://www.football-data.co.uk/mmz4281/202526/I1.csv,2026-08-05 07:40:26,762,bb3a1e9ee1d690642fdbce2cf7d10b1831b474841aab5a490561fb0b622d21c5
2025-08-23,2025/26,Serie A,Roma,Bologna,1,0,2,4,6,football-data-csv,I1_2526.csv,https://www.football-data.co.uk/mmz4281/202526/I1.csv,2026-08-05 07:40:26,763,d6884ebfc125e4fe4df119c26f62cd1e56d6cdfd24aad878e4f72e99c069564d
2025-08-23,2025/26,Serie A,Sassuolo,Napoli,0,2,1,2,3,football-data-csv,I1_2526.csv,https://www.football-data.co.uk/mmz4281/202526/I1.csv,2026-08-05 07:40:26,764,f99b333b58ccef26b793d5aa6143cbfcf5bf7514f443c6d5280c9e8752021f2c
2025-08-24,2025/26,Serie A,Atalanta,Pisa,1,1,10,4,14,football-data-csv,I1_2526.csv,https://www.football-data.co.uk/mmz4281/202526/I1.csv,2026-08-05 07:40:26,765,4ef7ee76cea8313a2bc3bf68e256731b0ba94c2c1e74f797f6eb116c851f6684
2025-08-24,2025/26,Serie A,Cagliari,Fiorentina,1,1,3,2,5,football-data-csv,I1_2526.csv,https://www.football-data.co.uk/mmz4281/202526/I1.csv,2026-08-05 07:40:26,766,5d89e49aa4d961cb52b73e1923e8b0200d402c404fa5165272e622da4c93421a
2025-08-24,2025/26,Serie A,Como,Lazio,2,0,6,0,6,football-data-csv,I1_2526.csv,https://www.football-data.co.uk/mmz4281/202526/I1.csv,2026-08-05 07:40:26,767,7f8ec04fdb6b5fe00d53dfb1fc0ef0e484f7fa0fa87bd1367695c4c6e99126c6
2025-08-24,2025/26,Serie A,Juventus,Parma,2,0,6,6,12,football-data-csv,I1_2526.csv,https://www.football-data.co.uk/mmz4281/202526/I1.csv,2026-08-05 07:40:26,768,67eb43078c1d82b8e540f0288e6087c9d05be202bce8d2cb231a82a631ae0b28
2025-08-25,2025/26,Serie A,Inter,Torino,5,0,6,5,11,football-data-csv,I1_2526.csv,https://www.football-data.co.uk/mmz4281/202526/I1.csv,2026-08-05 07:40:26,769,35e3e4131cc541fd282da8e19d5f6d87c820ceea4722dea2797b4b937c6bd611
2025-08-25,2025/26,Serie A,Udinese,Verona,1,1,5,1,6,football-data-csv,I1_2526.csv,https://www.football-data.co.uk/mmz4281/202526/I1.csv,2026-08-05 07:40:26,770,1fd8fb04942ec8bea10e39269c52b54d093e77dc4b0f6872dfaf3ca162a56816
2025-08-29,2025/26,Serie A,Cremonese,Sassuolo,3,2,5,4,9,football-data-csv,I1_2526.csv,https://www.football-data.co.uk/mmz4281/202526/I1.csv,2026-08-05 07:40:26,771,d07ef21eccbc2ff038c704028ace0956c9e98ce52295fb9d4778139b8297ebbd
2025-08-29,2025/26,Serie A,Lecce,Milan,0,2,4,5,9,football-data-csv,I1_2526.csv,https://www.football-data.co.uk/mmz4281/202526/I1.csv,2026-08-05 07:40:26,772,7107524983377be2df509807d3b11175cb9c9cb036042668e3b61c4b6117d938
2025-08-30,2025/26,Serie A,Bologna,Como,1,0,7,4,11,football-data-csv,I1_2526.csv,https://www.football-data.co.uk/mmz4281/202526/I1.csv,2026-08-05 07:40:26,773,64c9f31be474db4b04f36e6989950217c6a297d44107aa3d0edeb12f2f011d7d
2025-08-30,2025/26,Serie A,Napoli,Cagliari,1,0,13,0,13,football-data-csv,I1_2526.csv,https://www.football-data.co.uk/mmz4281/202526/I1.csv,2026-08-05 07:40:26,774,3351af9dd4f2516e37cfc92f3570a5bfafd4c90dd28715f7ba90a1c21ff45ff6
2025-08-30,2025/26,Serie A,Parma,Atalanta,1,1,1,2,3,football-data-csv,I1_2526.csv,https://www.football-data.co.uk/mmz4281/202526/I1.csv,2026-08-05 07:40:26,775,4d2684136fd87da9d3e418a5f8300ee3792ad9e880e9ad3d0911050c28cad460
2025-08-30,2025/26,Serie A,Pisa,Roma,0,1,1,7,8,football-data-csv,I1_2526.csv,https://www.football-data.co.uk/mmz4281/202526/I1.csv,2026-08-05 07:40:26,776,1a449b81e2bf4ba9790384f2650dbd354607667d1b71f52385d8375e2f9bc271
2025-08-31,2025/26,Serie A,Genoa,Juventus,0,1,3,4,7,football-data-csv,I1_2526.csv,https://www.football-data.co.uk/mmz4281/202526/I1.csv,2026-08-05 07:40:26,777,b78a148c30dec87e89f1cc065cb544d28ac4679321172b4a9568a31fe68caf6d
2025-08-31,2025/26,Serie A,Inter,Udinese,1,2,13,2,15,football-data-csv,I1_2526.csv,https://www.football-data.co.uk/mmz4281/202526/I1.csv,2026-08-05 07:40:26,778,179f25012995c0fe7455a32e8eb1f6f88e4e93f99514cb79b3e91b3f2a8bf44b
2025-08-31,2025/26,Serie A,Lazio,Verona,4,0,8,1,9,football-data-csv,I1_2526.csv,https://www.football-data.co.uk/mmz4281/202526/I1.csv,2026-08-05 07:40:26,779,3475a4cd74a510d5afdcd7f268239600329d3dc52558d1188aeb78a24f298a53
2025-08-31,2025/26,Serie A,Torino,Fiorentina,0,0,7,3,10,football-data-csv,I1_2526.csv,https://www.football-data.co.uk/mmz4281/202526/I1.csv,2026-08-05 07:40:26,780,babe24d3e1007eb6c5ae1b1393a026364f541ee65512e707b89ac377828ed915
2025-09-13,2025/26,Serie A,Cagliari,Parma,2,0,4,5,9,football-data-csv,I1_2526.csv,https://www.football-data.co.uk/mmz4281/202526/I1.csv,2026-08-05 07:40:26,781,d4c06528e339e62a1b1a0d3919cad6c4488f5f10c3e1288d5501c19badc5a874
2025-09-13,2025/26,Serie A,Fiorentina,Napoli,1,3,8,5,13,football-data-csv,I1_2526.csv,https://www.football-data.co.uk/mmz4281/202526/I1.csv,2026-08-05 07:40:26,782,f1934eb9719580d6191f280d6459dd1aa33531b5c549d8e0a305de4bc2a23943
2025-09-13,2025/26,Serie A,Juventus,Inter,4,3,5,9,14,football-data-csv,I1_2526.csv,https://www.football-data.co.uk/mmz4281/202526/I1.csv,2026-08-05 07:40:26,783,44d39884d2cfba7e11d678a624eb41dce030a630eea70c62444a6fd4b636832b
2025-09-14,2025/26,Serie A,Atalanta,Lecce,4,1,8,2,10,football-data-csv,I1_2526.csv,https://www.football-data.co.uk/mmz4281/202526/I1.csv,2026-08-05 07:40:26,784,617e14e438109fbd539247a1b1bc24b73ade1ad81dc7771e7e69388182e8bf52
2025-09-14,2025/26,Serie A,Milan,Bologna,1,0,7,4,11,football-data-csv,I1_2526.csv,https://www.football-data.co.uk/mmz4281/202526/I1.csv,2026-08-05 07:40:26,785,7aa03e04dcfb294309f56bc331de40238a3e5e20d4e5ea62c6c512d66c40aab8
2025-09-14,2025/26,Serie A,Pisa,Udinese,0,1,8,6,14,football-data-csv,I1_2526.csv,https://www.football-data.co.uk/mmz4281/202526/I1.csv,2026-08-05 07:40:26,786,4219ae175d1b0c682dfdfbeacbe803fc7010f5e1a981ea0ce7d75f07ac1cd6b8
2025-09-14,2025/26,Serie A,Roma,Torino,0,1,7,4,11,football-data-csv,I1_2526.csv,https://www.football-data.co.uk/mmz4281/202526/I1.csv,2026-08-05 07:40:26,787,f6302473a85796429ba4e98de454b5ffa07ad36cd0ea96c91fa43bd7a292e9c7
2025-09-14,2025/26,Serie A,Sassuolo,Lazio,1,0,3,7,10,football-data-csv,I1_2526.csv,https://www.football-data.co.uk/mmz4281/202526/I1.csv,2026-08-05 07:40:26,788,7483d9e23361d751497e07798259d55c7c648decee5ad98fa294bb0498af4085
2025-09-15,2025/26,Serie A,Como,Genoa,1,1,0,8,8,football-data-csv,I1_2526.csv,https://www.football-data.co.uk/mmz4281/202526/I1.csv,2026-08-05 07:40:26,789,21de7de0983fd2354364d001fca244a19b2c167a358ef00b6f537ade5db97b34
2025-09-15,2025/26,Serie A,Verona,Cremonese,0,0,10,1,11,football-data-csv,I1_2526.csv,https://www.football-data.co.uk/mmz4281/202526/I1.csv,2026-08-05 07:40:26,790,f368d250a21d5c01f12c6d815fcb4be26bcf42def68a6dd1c2ea9dec88cc6ed5
2025-09-19,2025/26,Serie A,Lecce,Cagliari,1,2,4,7,11,football-data-csv,I1_2526.csv,https://www.football-data.co.uk/mmz4281/202526/I1.csv,2026-08-05 07:40:26,791,740ceb17f349d63fb24fc28449d4a4ee8f6fea8906e609e2ea863186b8570cdc
2025-09-20,2025/26,Serie A,Bologna,Genoa,2,1,8,2,10,football-data-csv,I1_2526.csv,https://www.football-data.co.uk/mmz4281/202526/I1.csv,2026-08-05 07:40:26,792,78bbb3b2e8d65d7bceb6b1b117b8c3d91ea9b8a3b2003ef7ca2759164d527ad7
2025-09-20,2025/26,Serie A,Udinese,Milan,0,3,1,4,5,football-data-csv,I1_2526.csv,https://www.football-data.co.uk/mmz4281/202526/I1.csv,2026-08-05 07:40:26,793,c8a838a901f0e4828432f191c6e6a5a4141a5708cfb56154180bfc2051e29eca
2025-09-20,2025/26,Serie A,Verona,Juventus,1,1,5,3,8,football-data-csv,I1_2526.csv,https://www.football-data.co.uk/mmz4281/202526/I1.csv,2026-08-05 07:40:26,794,e11a1bcb6b3a6e6720b90ad865ddce2a1124aaa44a6490b841f983318ebb9877
2025-09-21,2025/26,Serie A,Cremonese,Parma,0,0,3,3,6,football-data-csv,I1_2526.csv,https://www.football-data.co.uk/mmz4281/202526/I1.csv,2026-08-05 07:40:26,795,f1771e02b0b6dec95609996c4815ce5a3b28e7e43a7f32958017144a9776e4c8
2025-09-21,2025/26,Serie A,Fiorentina,Como,1,2,2,6,8,football-data-csv,I1_2526.csv,https://www.football-data.co.uk/mmz4281/202526/I1.csv,2026-08-05 07:40:26,796,3f0654e397d367bd55f8b88de91b8d6d896cdb43c3a084127618498d31d8a47c
2025-09-21,2025/26,Serie A,Inter,Sassuolo,2,1,7,3,10,football-data-csv,I1_2526.csv,https://www.football-data.co.uk/mmz4281/202526/I1.csv,2026-08-05 07:40:26,797,5a77b39fc0cc93333e288d82d9b30aab09df42811586bf3f1e840e289ef246d8
2025-09-21,2025/26,Serie A,Lazio,Roma,0,1,3,6,9,football-data-csv,I1_2526.csv,https://www.football-data.co.uk/mmz4281/202526/I1.csv,2026-08-05 07:40:26,798,0166f418922e59815dfb28445314d8420ee9e27bc1942cea9daa11e65b5fb670
2025-09-21,2025/26,Serie A,Torino,Atalanta,0,3,1,0,1,football-data-csv,I1_2526.csv,https://www.football-data.co.uk/mmz4281/202526/I1.csv,2026-08-05 07:40:26,799,4982acb738a6f6c5f8e95337d9068da4304f8bbf80933d26ee5c2f9362b0b293
2025-09-22,2025/26,Serie A,Napoli,Pisa,3,2,5,3,8,football-data-csv,I1_2526.csv,https://www.football-data.co.uk/mmz4281/202526/I1.csv,2026-08-05 07:40:26,800,eeb072054fd6cc4fbc84de6e849724014f6b25ba6314a9e8589b620e461c5142
2025-09-27,2025/26,Serie A,Cagliari,Inter,0,2,4,4,8,football-data-csv,I1_2526.csv,https://www.football-data.co.uk/mmz4281/202526/I1.csv,2026-08-05 07:40:26,801,eb8875096725149c764b3fa358399531ba3c61ea461cb725014cfb2aa141806b
2025-09-27,2025/26,Serie A,Como,Cremonese,1,1,4,3,7,football-data-csv,I1_2526.csv,https://www.football-data.co.uk/mmz4281/202526/I1.csv,2026-08-05 07:40:26,802,e27cfbc45198c9457f75df59d125b86df5146c4f06589c852e2102ea0957af53
2025-09-27,2025/26,Serie A,Juventus,Atalanta,1,1,14,5,19,football-data-csv,I1_2526.csv,https://www.football-data.co.uk/mmz4281/202526/I1.csv,2026-08-05 07:40:26,803,004b051eaa0b938af29bde62499360502de62ed036529075424a77a83ef91cf2
2025-09-28,2025/26,Serie A,Lecce,Bologna,2,2,3,9,12,football-data-csv,I1_2526.csv,https://www.football-data.co.uk/mmz4281/202526/I1.csv,2026-08-05 07:40:26,804,a90fc7317c982873e0b26ad8c45a5607183fb2870e29f2322238f2b6a2a578dc
2025-09-28,2025/26,Serie A,Milan,Napoli,2,1,1,7,8,football-data-csv,I1_2526.csv,https://www.football-data.co.uk/mmz4281/202526/I1.csv,2026-08-05 07:40:26,805,35e5f1245dc47dadf07e38ee3c2a18f7c745166d1ab4e26e3dbc88f8425f2e89
2025-09-28,2025/26,Serie A,Pisa,Fiorentina,0,0,4,6,10,football-data-csv,I1_2526.csv,https://www.football-data.co.uk/mmz4281/202526/I1.csv,2026-08-05 07:40:26,806,c0b83467329299c161f5f9c1418f714377b087a92ec12a7bc45fceafb0e891b0
2025-09-28,2025/26,Serie A,Roma,Verona,2,0,8,1,9,football-data-csv,I1_2526.csv,https://www.football-data.co.uk/mmz4281/202526/I1.csv,2026-08-05 07:40:26,807,2cca2e8bf4ca236d58a05015caddeb72479129de049bcc7072ffa69378493957
2025-09-28,2025/26,Serie A,Sassuolo,Udinese,3,1,1,5,6,football-data-csv,I1_2526.csv,https://www.football-data.co.uk/mmz4281/202526/I1.csv,2026-08-05 07:40:26,808,555f51ada5b86464b8e7e38a6f74c76194b3cc09061b0ffcf67c800c2501b2c3
2025-09-29,2025/26,Serie A,Genoa,Lazio,0,3,6,0,6,football-data-csv,I1_2526.csv,https://www.football-data.co.uk/mmz4281/202526/I1.csv,2026-08-05 07:40:26,809,55ecf343912a1aa222f02727542316a74d28d2253ef3719c63572f3ed693d80e
2025-09-29,2025/26,Serie A,Parma,Torino,2,1,4,3,7,football-data-csv,I1_2526.csv,https://www.football-data.co.uk/mmz4281/202526/I1.csv,2026-08-05 07:40:26,810,96d89b71f067d9e50277a88924172e47f274cddd13d30be601c9a38548537cb4
2025-10-03,2025/26,Serie A,Verona,Sassuolo,0,1,4,2,6,football-data-csv,I1_2526.csv,https://www.football-data.co.uk/mmz4281/202526/I1.csv,2026-08-05 07:40:26,811,01f78fb1491430d77ce76c498c46ac6374d6c02a9c84a3b884fa38a42572b0e4
2025-10-04,2025/26,Serie A,Atalanta,Como,1,1,8,3,11,football-data-csv,I1_2526.csv,https://www.football-data.co.uk/mmz4281/202526/I1.csv,2026-08-05 07:40:26,812,1a51edf3b7acb83a7c7c8d0c3034f573a9802dd3c97c43b7cb380770be5a6c16
2025-10-04,2025/26,Serie A,Inter,Cremonese,4,1,13,1,14,football-data-csv,I1_2526.csv,https://www.football-data.co.uk/mmz4281/202526/I1.csv,2026-08-05 07:40:26,813,c885e02cd5df96b2385ccc495096bd286db474b37aefcdab91ab00adf8e287ed
2025-10-04,2025/26,Serie A,Lazio,Torino,3,3,3,5,8,football-data-csv,I1_2526.csv,https://www.football-data.co.uk/mmz4281/202526/I1.csv,2026-08-05 07:40:26,814,160bd29b75fbe073cf6f4b00f63066160c134764b485d71fa01e4d8735101a13
2025-10-04,2025/26,Serie A,Parma,Lecce,0,1,4,9,13,football-data-csv,I1_2526.csv,https://www.football-data.co.uk/mmz4281/202526/I1.csv,2026-08-05 07:40:26,815,70f099943bf20ada137d118d7e36934d55a27094224f475b2b2a501eb8c22f1c
2025-10-05,2025/26,Serie A,Bologna,Pisa,4,0,2,2,4,football-data-csv,I1_2526.csv,https://www.football-data.co.uk/mmz4281/202526/I1.csv,2026-08-05 07:40:26,816,dca0980d19bb5875105caecd6dfbd487f7115d9910145f11bf21142f6f98e748
2025-10-05,2025/26,Serie A,Fiorentina,Roma,1,2,3,4,7,football-data-csv,I1_2526.csv,https://www.football-data.co.uk/mmz4281/202526/I1.csv,2026-08-05 07:40:26,817,a8ca4e780e0089b8c2e35ca1b2b6cd3dedf6bfab6c92d07bce03b9df12578588
2025-10-05,2025/26,Serie A,Juventus,Milan,0,0,6,0,6,football-data-csv,I1_2526.csv,https://www.football-data.co.uk/mmz4281/202526/I1.csv,2026-08-05 07:40:26,818,d3effe0d3f38ee646985b62e4c674d9fcefae3971f2592567ee454ec0ad218fc
2025-10-05,2025/26,Serie A,Napoli,Genoa,2,1,7,5,12,football-data-csv,I1_2526.csv,https://www.football-data.co.uk/mmz4281/202526/I1.csv,2026-08-05 07:40:26,819,739b24208e51c3355ada2595091c72cb308dd60b91927e83afb9bb8c52878369
2025-10-05,2025/26,Serie A,Udinese,Cagliari,1,1,7,2,9,football-data-csv,I1_2526.csv,https://www.football-data.co.uk/mmz4281/202526/I1.csv,2026-08-05 07:40:26,820,76ffe778bd3245aa8e2d7760b2559677d6e8a63d110b414f6cbb6ed18169c42e
2025-10-18,2025/26,Serie A,Lecce,Sassuolo,0,0,6,4,10,football-data-csv,I1_2526.csv,https://www.football-data.co.uk/mmz4281/202526/I1.csv,2026-08-05 07:40:26,821,57cafe36d9edc55ad9e8327f6fbedd3a8caacb7ec3897196c9c264cce48c3d7c
2025-10-18,2025/26,Serie A,Pisa,Verona,0,0,3,8,11,football-data-csv,I1_2526.csv,https://www.football-data.co.uk/mmz4281/202526/I1.csv,2026-08-05 07:40:26,822,5d07500069df7c6b4506e6a8b44760f485e704a4e85a7b4537edab809fd00055
2025-10-18,2025/26,Serie A,Roma,Inter,0,1,4,5,9,football-data-csv,I1_2526.csv,https://www.football-data.co.uk/mmz4281/202526/I1.csv,2026-08-05 07:40:26,823,92619aea8b98e2c0799f58860004c5adc83a6906b499a9a70964703f4905d17b
2025-10-18,2025/26,Serie A,Torino,Napoli,1,0,3,11,14,football-data-csv,I1_2526.csv,https://www.football-data.co.uk/mmz4281/202526/I1.csv,2026-08-05 07:40:26,824,6f89933c0e275cc6ba74f36b982c63ebd3e9612015282f3ff0b3e4388cf795a8
2025-10-19,2025/26,Serie A,Atalanta,Lazio,0,0,7,1,8,football-data-csv,I1_2526.csv,https://www.football-data.co.uk/mmz4281/202526/I1.csv,2026-08-05 07:40:26,825,b5d950958f2128243f97085e3c244fae308370ca315157c5066756a37d6fbc89
2025-10-19,2025/26,Serie A,Cagliari,Bologna,0,2,2,7,9,football-data-csv,I1_2526.csv,https://www.football-data.co.uk/mmz4281/202526/I1.csv,2026-08-05 07:40:26,826,036d2b3fe59734c0b82bdb929ac2058b6aa2208e922903af1db8396ebe109786
2025-10-19,2025/26,Serie A,Como,Juventus,2,0,4,1,5,football-data-csv,I1_2526.csv,https://www.football-data.co.uk/mmz4281/202526/I1.csv,2026-08-05 07:40:26,827,a1ebce32315e52d0fe589d6706c520322783c398213d59f88d11ff83543eb96a
2025-10-19,2025/26,Serie A,Genoa,Parma,0,0,3,0,3,football-data-csv,I1_2526.csv,https://www.football-data.co.uk/mmz4281/202526/I1.csv,2026-08-05 07:40:26,828,1170113c37318b410e615da09388a282b543ca2b4609c3307dba88af6a3786bb
2025-10-19,2025/26,Serie A,Milan,Fiorentina,2,1,1,3,4,football-data-csv,I1_2526.csv,https://www.football-data.co.uk/mmz4281/202526/I1.csv,2026-08-05 07:40:26,829,b8b50e94d1efca6af87dd6698afefd849c8b559185531dc1b8e8b4fb8fb7ef25
2025-10-20,2025/26,Serie A,Cremonese,Udinese,1,1,5,4,9,football-data-csv,I1_2526.csv,https://www.football-data.co.uk/mmz4281/202526/I1.csv,2026-08-05 07:40:26,830,20580c50ed2677f0875004750e8099af1472d2d92da1fbf18d81e422124ff9f0
2025-10-24,2025/26,Serie A,Milan,Pisa,2,2,6,2,8,football-data-csv,I1_2526.csv,https://www.football-data.co.uk/mmz4281/202526/I1.csv,2026-08-05 07:40:26,831,13865683e10ca79a6b75128a9f7a5cc4b1a62f3a6f1cbe66121eeb6317d7592c
2025-10-25,2025/26,Serie A,Cremonese,Atalanta,1,1,2,10,12,football-data-csv,I1_2526.csv,https://www.football-data.co.uk/mmz4281/202526/I1.csv,2026-08-05 07:40:26,832,7658c2fc3c474db577cf6e8572d54daf32b74a9b1fd181b0b1f280f41793dcbb
2025-10-25,2025/26,Serie A,Napoli,Inter,3,1,1,4,5,football-data-csv,I1_2526.csv,https://www.football-data.co.uk/mmz4281/202526/I1.csv,2026-08-05 07:40:26,833,b4cac081a72ad2b25806340df2a1018081cb32e949c3e953989c9b62ed77af03
2025-10-25,2025/26,Serie A,Parma,Como,0,0,3,3,6,football-data-csv,I1_2526.csv,https://www.football-data.co.uk/mmz4281/202526/I1.csv,2026-08-05 07:40:26,834,8907ee1fc0ed4ba456706984eb37b259dcc5f8d4170cd1f8f8b9234002cea00c
2025-10-25,2025/26,Serie A,Udinese,Lecce,3,2,4,9,13,football-data-csv,I1_2526.csv,https://www.football-data.co.uk/mmz4281/202526/I1.csv,2026-08-05 07:40:26,835,3ee02f8752c91ddb58d2add450677062a469f8ba3f18f92cd60741c6b8798508
2025-10-26,2025/26,Serie A,Fiorentina,Bologna,2,2,5,6,11,football-data-csv,I1_2526.csv,https://www.football-data.co.uk/mmz4281/202526/I1.csv,2026-08-05 07:40:26,836,8377bfe8bb1472a877166b3963048dabbf5b1fcac8d2c9cd79f5de9b9d64cb2a
2025-10-26,2025/26,Serie A,Lazio,Juventus,1,0,2,5,7,football-data-csv,I1_2526.csv,https://www.football-data.co.uk/mmz4281/202526/I1.csv,2026-08-05 07:40:26,837,f0d1d7a1d55180cb7e7d657cfc19717e8b374f5b298842d287707ac85b136201
2025-10-26,2025/26,Serie A,Sassuolo,Roma,0,1,6,6,12,football-data-csv,I1_2526.csv,https://www.football-data.co.uk/mmz4281/202526/I1.csv,2026-08-05 07:40:26,838,a1f3d08c0516e3af44ea3bab4ecbc4133cab6d99d298606e62cac35f2d586db3
2025-10-26,2025/26,Serie A,Torino,Genoa,2,1,9,1,10,football-data-csv,I1_2526.csv,https://www.football-data.co.uk/mmz4281/202526/I1.csv,2026-08-05 07:40:26,839,ae0da73109f0fbb1c13753136dafe06412ca2017f03b68277865e8e82a43c525
2025-10-26,2025/26,Serie A,Verona,Cagliari,2,2,3,2,5,football-data-csv,I1_2526.csv,https://www.football-data.co.uk/mmz4281/202526/I1.csv,2026-08-05 07:40:26,840,32bc8b0900aeadfa7ddc47a67f2f20f84b2776645b11263c38de515acae900bd
2025-10-28,2025/26,Serie A,Atalanta,Milan,1,1,9,4,13,football-data-csv,I1_2526.csv,https://www.football-data.co.uk/mmz4281/202526/I1.csv,2026-08-05 07:40:26,841,8ea6aa205590218d408f547a4bb3455b25058bd46960087b52ddad84c13fd9a4
2025-10-28,2025/26,Serie A,Lecce,Napoli,0,1,3,5,8,football-data-csv,I1_2526.csv,https://www.football-data.co.uk/mmz4281/202526/I1.csv,2026-08-05 07:40:26,842,b176433a76c995dc96a7b13bbc3f99f3c0db4ec05c0e7626641e428c58649719
2025-10-29,2025/26,Serie A,Bologna,Torino,0,0,3,3,6,football-data-csv,I1_2526.csv,https://www.football-data.co.uk/mmz4281/202526/I1.csv,2026-08-05 07:40:26,843,ca44afada90313b937d02df253e8391b6d48782095b8f9a1328b8b26a24f4bff
2025-10-29,2025/26,Serie A,Como,Verona,3,1,1,3,4,football-data-csv,I1_2526.csv,https://www.football-data.co.uk/mmz4281/202526/I1.csv,2026-08-05 07:40:26,844,12688596d4307cf77ac462e7585ba300726e3719620e98ef50ccf5b7d12450bf
2025-10-29,2025/26,Serie A,Genoa,Cremonese,0,2,7,3,10,football-data-csv,I1_2526.csv,https://www.football-data.co.uk/mmz4281/202526/I1.csv,2026-08-05 07:40:26,845,78f05dc266350c1a532c60098ed37539fff0d0ebb20ed711a5b54c6f0baaf171
2025-10-29,2025/26,Serie A,Inter,Fiorentina,3,0,8,5,13,football-data-csv,I1_2526.csv,https://www.football-data.co.uk/mmz4281/202526/I1.csv,2026-08-05 07:40:26,846,f3088d8345fb9e674b516fd261b4f7a4c8d7f49b810bc14360fd17f6edf20608
2025-10-29,2025/26,Serie A,Juventus,Udinese,3,1,8,4,12,football-data-csv,I1_2526.csv,https://www.football-data.co.uk/mmz4281/202526/I1.csv,2026-08-05 07:40:26,847,c2cd5c3a931a995a7fddef5f340a0685025b16d8686bc11be860568d296c267f
2025-10-29,2025/26,Serie A,Roma,Parma,2,1,9,2,11,football-data-csv,I1_2526.csv,https://www.football-data.co.uk/mmz4281/202526/I1.csv,2026-08-05 07:40:26,848,eef1ed7b1f4ea151382d173225fd465be88f4bed3d240d3f1520a4980e41b102
2025-10-30,2025/26,Serie A,Cagliari,Sassuolo,1,2,6,7,13,football-data-csv,I1_2526.csv,https://www.football-data.co.uk/mmz4281/202526/I1.csv,2026-08-05 07:40:26,849,b02a41cf2e73f95a92b54a3ff9eb7c0a160c51608361f06bb76c5b6172df5d67
2025-10-30,2025/26,Serie A,Pisa,Lazio,0,0,3,1,4,football-data-csv,I1_2526.csv,https://www.football-data.co.uk/mmz4281/202526/I1.csv,2026-08-05 07:40:26,850,d8aa4c778150533b9fee1b7d4c947294ce35d8c37dd482e59a33934c5e745144
2025-11-01,2025/26,Serie A,Cremonese,Juventus,1,2,2,3,5,football-data-csv,I1_2526.csv,https://www.football-data.co.uk/mmz4281/202526/I1.csv,2026-08-05 07:40:26,851,2d399f71d9cd85626198d7b01ecb5ae3b80ba3450a2547e9d54bba54b59cc62e
2025-11-01,2025/26,Serie A,Napoli,Como,0,0,4,2,6,football-data-csv,I1_2526.csv,https://www.football-data.co.uk/mmz4281/202526/I1.csv,2026-08-05 07:40:26,852,b2f760b463576305f415e02b1407dc2f66b9d440b361d7e7354c2bd8606274c7
2025-11-01,2025/26,Serie A,Udinese,Atalanta,1,0,5,4,9,football-data-csv,I1_2526.csv,https://www.football-data.co.uk/mmz4281/202526/I1.csv,2026-08-05 07:40:26,853,527ac21e32d1bb14ffe00cdf0db5fd220003f8274c533f912992e3a5662445e5
2025-11-02,2025/26,Serie A,Fiorentina,Lecce,0,1,4,4,8,football-data-csv,I1_2526.csv,https://www.football-data.co.uk/mmz4281/202526/I1.csv,2026-08-05 07:40:26,854,fd7f3b9a9dd66de3e041d9d33aa422b7e435d91851ac56cc7188995c9cdd0e16
2025-11-02,2025/26,Serie A,Milan,Roma,1,0,7,8,15,football-data-csv,I1_2526.csv,https://www.football-data.co.uk/mmz4281/202526/I1.csv,2026-08-05 07:40:26,855,fc8f20b2391194713b415aeb49c283d6f2e73e23c195842e58531d2658c96cae
2025-11-02,2025/26,Serie A,Parma,Bologna,1,3,1,5,6,football-data-csv,I1_2526.csv,https://www.football-data.co.uk/mmz4281/202526/I1.csv,2026-08-05 07:40:26,856,07b9c44a7ffdcfa00bf65b7008ffaf3b3233b9f29f09435e949b273b8059c28d
2025-11-02,2025/26,Serie A,Torino,Pisa,2,2,4,2,6,football-data-csv,I1_2526.csv,https://www.football-data.co.uk/mmz4281/202526/I1.csv,2026-08-05 07:40:26,857,964f76b790662b3fd93d7510a93ab7bdd2a5bcb84e7798217e9a32090e91089b
2025-11-02,2025/26,Serie A,Verona,Inter,1,2,4,8,12,football-data-csv,I1_2526.csv,https://www.football-data.co.uk/mmz4281/202526/I1.csv,2026-08-05 07:40:26,858,844829a61c5136b9dfc2be2cf7b06794d25e2bf2e590b8e08e6ee90fd1178aef
2025-11-03,2025/26,Serie A,Lazio,Cagliari,2,0,7,5,12,football-data-csv,I1_2526.csv,https://www.football-data.co.uk/mmz4281/202526/I1.csv,2026-08-05 07:40:26,859,b53ae7371f4506d2bce0d9c0fd80554d505beb5d69d9aa9059259fda6ee3908e
2025-11-03,2025/26,Serie A,Sassuolo,Genoa,1,2,3,7,10,football-data-csv,I1_2526.csv,https://www.football-data.co.uk/mmz4281/202526/I1.csv,2026-08-05 07:40:26,860,2c51066ebe27222335671c5837edcf3a344b72d1f58fd7cd6b649078c654d1e6
2025-11-07,2025/26,Serie A,Pisa,Cremonese,1,0,4,5,9,football-data-csv,I1_2526.csv,https://www.football-data.co.uk/mmz4281/202526/I1.csv,2026-08-05 07:40:26,861,bfabbd5b46518659a368036d47a236870a555cd0bab80809cee7f7585550422c
2025-11-08,2025/26,Serie A,Como,Cagliari,0,0,10,0,10,football-data-csv,I1_2526.csv,https://www.football-data.co.uk/mmz4281/202526/I1.csv,2026-08-05 07:40:26,862,8f26542f32448f1303a1506c6606b0709cb453836623d7e1da407a3b6c03ae68
2025-11-08,2025/26,Serie A,Juventus,Torino,0,0,6,2,8,football-data-csv,I1_2526.csv,https://www.football-data.co.uk/mmz4281/202526/I1.csv,2026-08-05 07:40:26,863,d7ddcae6d2ada522fedb4fb1386ec2eb89a214a65568a4a3e8a12c4ce7ea54f0
2025-11-08,2025/26,Serie A,Lecce,Verona,0,0,7,2,9,football-data-csv,I1_2526.csv,https://www.football-data.co.uk/mmz4281/202526/I1.csv,2026-08-05 07:40:26,864,992a7847e3065304464a0f5718ad7fbcdb1477c813adffef4cbacc4383318cf8
2025-11-08,2025/26,Serie A,Parma,Milan,2,2,4,3,7,football-data-csv,I1_2526.csv,https://www.football-data.co.uk/mmz4281/202526/I1.csv,2026-08-05 07:40:26,865,10f643e67cf51b6f0ee592aa684c0eac7a8d5db2adf9698ab92b72d9af02ee49
2025-11-09,2025/26,Serie A,Atalanta,Sassuolo,0,3,4,1,5,football-data-csv,I1_2526.csv,https://www.football-data.co.uk/mmz4281/202526/I1.csv,2026-08-05 07:40:26,866,6838111db1471188d0f834d4866de897d11e00076192bd1363a7e155286f91ea
2025-11-09,2025/26,Serie A,Bologna,Napoli,2,0,5,4,9,football-data-csv,I1_2526.csv,https://www.football-data.co.uk/mmz4281/202526/I1.csv,2026-08-05 07:40:26,867,c003fcab5d72b324b1084b5eac7a7077f4ce9f1763bd49a0bea66d60b81ac81c
2025-11-09,2025/26,Serie A,Genoa,Fiorentina,2,2,3,7,10,football-data-csv,I1_2526.csv,https://www.football-data.co.uk/mmz4281/202526/I1.csv,2026-08-05 07:40:26,868,f2b9009dc9b1bf4b58fd64885145960b03c957c93491dedad16bbcc45017742c
2025-11-09,2025/26,Serie A,Inter,Lazio,2,0,3,1,4,football-data-csv,I1_2526.csv,https://www.football-data.co.uk/mmz4281/202526/I1.csv,2026-08-05 07:40:26,869,46b330c4ba0ea9237b86e668779ceec61bbfc644a752fcd0304ded8be4ba4632
2025-11-09,2025/26,Serie A,Roma,Udinese,2,0,3,4,7,football-data-csv,I1_2526.csv,https://www.football-data.co.uk/mmz4281/202526/I1.csv,2026-08-05 07:40:26,870,3c36619b20eb8ca7a06b48440bed06bc2a2e59ea0a31b1171425f2a4f9efc08f
2025-11-22,2025/26,Serie A,Cagliari,Genoa,3,3,6,2,8,football-data-csv,I1_2526.csv,https://www.football-data.co.uk/mmz4281/202526/I1.csv,2026-08-05 07:40:26,871,047f8bfe6daf061abcbf5f275982db96ad73a0d570781a7558950517b27bdfde
2025-11-22,2025/26,Serie A,Fiorentina,Juventus,1,1,7,3,10,football-data-csv,I1_2526.csv,https://www.football-data.co.uk/mmz4281/202526/I1.csv,2026-08-05 07:40:26,872,ce2f81eb738a7011358c6e86282bc40f524f2e817e4fb983a853ef389cfdecd0
2025-11-22,2025/26,Serie A,Napoli,Atalanta,3,1,5,3,8,football-data-csv,I1_2526.csv,https://www.football-data.co.uk/mmz4281/202526/I1.csv,2026-08-05 07:40:26,873,02064fc9d506e2aaac684c6cba7b081091d41f638524c0ea3bba7861fdc9810f
2025-11-22,2025/26,Serie A,Udinese,Bologna,0,3,7,2,9,football-data-csv,I1_2526.csv,https://www.football-data.co.uk/mmz4281/202526/I1.csv,2026-08-05 07:40:26,874,f77c0acce2bcf0e1ea05616968503c8d6ff0ec0509af2e4c0d9c6e8d6ca1b58b
2025-11-23,2025/26,Serie A,Cremonese,Roma,1,3,3,5,8,football-data-csv,I1_2526.csv,https://www.football-data.co.uk/mmz4281/202526/I1.csv,2026-08-05 07:40:26,875,74c3a6a7b77c5b71e9746cb30966f4bb058acd772b4f41a3f2cbbf5f2123d1f2
2025-11-23,2025/26,Serie A,Inter,Milan,0,1,9,1,10,football-data-csv,I1_2526.csv,https://www.football-data.co.uk/mmz4281/202526/I1.csv,2026-08-05 07:40:26,876,ad375d88342d401a2062ccd444e96f6ab5439fbdd4f02cf195331a14124c964e
2025-11-23,2025/26,Serie A,Lazio,Lecce,2,0,8,2,10,football-data-csv,I1_2526.csv,https://www.football-data.co.uk/mmz4281/202526/I1.csv,2026-08-05 07:40:26,877,c0fdd28e91382175f5a590deee3b579c632ad48fe1d851657a99e1a6a8400ab9
2025-11-23,2025/26,Serie A,Verona,Parma,1,2,4,4,8,football-data-csv,I1_2526.csv,https://www.football-data.co.uk/mmz4281/202526/I1.csv,2026-08-05 07:40:26,878,4f3afbed3fbdd834a4f54af01dcdcd728e33823c2234b5b8c281f51214dce8d7
2025-11-24,2025/26,Serie A,Sassuolo,Pisa,2,2,5,2,7,football-data-csv,I1_2526.csv,https://www.football-data.co.uk/mmz4281/202526/I1.csv,2026-08-05 07:40:26,879,611a8e6fa369cc338cb03913ae5d076a5b6e39c78cc0d231415c39f33d8d8ddd
2025-11-24,2025/26,Serie A,Torino,Como,1,5,3,4,7,football-data-csv,I1_2526.csv,https://www.football-data.co.uk/mmz4281/202526/I1.csv,2026-08-05 07:40:26,880,6a6db040457df14b0613a1d3ecee3c6bc814093aa1fd694982b51223cfa0e416
2025-11-28,2025/26,Serie A,Como,Sassuolo,2,0,4,4,8,football-data-csv,I1_2526.csv,https://www.football-data.co.uk/mmz4281/202526/I1.csv,2026-08-05 07:40:26,881,08c186dc4a314011e6b15a4c54a1439cc3b56a3c1315c6f7e1c83ae258c41833
2025-11-29,2025/26,Serie A,Genoa,Verona,2,1,2,3,5,football-data-csv,I1_2526.csv,https://www.football-data.co.uk/mmz4281/202526/I1.csv,2026-08-05 07:40:26,882,bc7d6cccb25b267884586154cea1b4aaf08c556649e0c3869c9f82782f5cd7b3
2025-11-29,2025/26,Serie A,Juventus,Cagliari,2,1,1,6,7,football-data-csv,I1_2526.csv,https://www.football-data.co.uk/mmz4281/202526/I1.csv,2026-08-05 07:40:26,883,6fd32b0bdeaac0bbe7ceae4c0d90872c3a209b36f3564819919ed061e9ed52a1
2025-11-29,2025/26,Serie A,Milan,Lazio,1,0,1,4,5,football-data-csv,I1_2526.csv,https://www.football-data.co.uk/mmz4281/202526/I1.csv,2026-08-05 07:40:26,884,3589c5d662ca1446e81646bdb4cb050446089d9b24335c5137047c3ce799aead
2025-11-29,2025/26,Serie A,Parma,Udinese,0,2,5,9,14,football-data-csv,I1_2526.csv,https://www.football-data.co.uk/mmz4281/202526/I1.csv,2026-08-05 07:40:26,885,cf59d01863eadc1c2c79894b180d4eef7a9f913b0cff580799988ce19c5106f3
2025-11-30,2025/26,Serie A,Atalanta,Fiorentina,2,0,4,5,9,football-data-csv,I1_2526.csv,https://www.football-data.co.uk/mmz4281/202526/I1.csv,2026-08-05 07:40:26,886,6879e27dceeefe198eb1ff79323a829f903c8699a5f5f255db4f05be750e1f73
2025-11-30,2025/26,Serie A,Lecce,Torino,2,1,6,6,12,football-data-csv,I1_2526.csv,https://www.football-data.co.uk/mmz4281/202526/I1.csv,2026-08-05 07:40:26,887,2844b9c56fa0a5066cb45bcfbc466c2f76afebbba82df32b70b30f2d97aff356
2025-11-30,2025/26,Serie A,Pisa,Inter,0,2,4,6,10,football-data-csv,I1_2526.csv,https://www.football-data.co.uk/mmz4281/202526/I1.csv,2026-08-05 07:40:26,888,5cc11aeadd32599c221b6c95a26251dd1dcf6c61eb4aa320caf20df00079a781
2025-11-30,2025/26,Serie A,Roma,Napoli,0,1,4,2,6,football-data-csv,I1_2526.csv,https://www.football-data.co.uk/mmz4281/202526/I1.csv,2026-08-05 07:40:26,889,8b9c595fadcaca58947ccae8c4101ef662bf016aa32802734b5a8315bfea7d65
2025-12-01,2025/26,Serie A,Bologna,Cremonese,1,3,13,8,21,football-data-csv,I1_2526.csv,https://www.football-data.co.uk/mmz4281/202526/I1.csv,2026-08-05 07:40:26,890,182fe77babdc98434693aa68790e0ba0eeed4a2a6e20bd09eb46b113092782df
2025-12-06,2025/26,Serie A,Inter,Como,4,0,7,4,11,football-data-csv,I1_2526.csv,https://www.football-data.co.uk/mmz4281/202526/I1.csv,2026-08-05 07:40:26,891,695424691285a006ef526e08adaee4dc741be5d2d2d242b2779b1b4f0fe2710f
2025-12-06,2025/26,Serie A,Sassuolo,Fiorentina,3,1,7,1,8,football-data-csv,I1_2526.csv,https://www.football-data.co.uk/mmz4281/202526/I1.csv,2026-08-05 07:40:26,892,81a04c8c1e2901743b8f2ce4c59efe0f490af31e7335af933eabd10ef6de965f
2025-12-06,2025/26,Serie A,Verona,Atalanta,3,1,5,5,10,football-data-csv,I1_2526.csv,https://www.football-data.co.uk/mmz4281/202526/I1.csv,2026-08-05 07:40:26,893,286b4886bb52d59312661eb5a3be38ba311e4eee1dd4ff5de9ff11ba1473f478
2025-12-07,2025/26,Serie A,Cagliari,Roma,1,0,4,1,5,football-data-csv,I1_2526.csv,https://www.football-data.co.uk/mmz4281/202526/I1.csv,2026-08-05 07:40:26,894,1e408b2995a91fbe5960d874aad7fdef204a26454e6cc25ac6a99fb57f4a4d25
2025-12-07,2025/26,Serie A,Cremonese,Lecce,2,0,5,5,10,football-data-csv,I1_2526.csv,https://www.football-data.co.uk/mmz4281/202526/I1.csv,2026-08-05 07:40:26,895,dd104b93abc007bd2d7434877744f3f303c4bf126ef336eda5908310ec2c22db
2025-12-07,2025/26,Serie A,Lazio,Bologna,1,1,7,3,10,football-data-csv,I1_2526.csv,https://www.football-data.co.uk/mmz4281/202526/I1.csv,2026-08-05 07:40:26,896,df96b370429ceb1aac2064e4ef73bd0988cc87ae66dc0f985507b80aaea4b0d3
2025-12-07,2025/26,Serie A,Napoli,Juventus,2,1,9,0,9,football-data-csv,I1_2526.csv,https://www.football-data.co.uk/mmz4281/202526/I1.csv,2026-08-05 07:40:26,897,af17f9fe44eb2fa5df0d0faed9a294545a10ad7ba3a040927e8951fb6e4511ef
2025-12-08,2025/26,Serie A,Pisa,Parma,0,1,6,0,6,football-data-csv,I1_2526.csv,https://www.football-data.co.uk/mmz4281/202526/I1.csv,2026-08-05 07:40:26,898,0a90a4dfb958560cadc875325a0377ee3b0211995d5ce063896442a7b33295e4
2025-12-08,2025/26,Serie A,Torino,Milan,2,3,2,4,6,football-data-csv,I1_2526.csv,https://www.football-data.co.uk/mmz4281/202526/I1.csv,2026-08-05 07:40:26,899,dad97a479aad8bf23560ea7edd674d93e1ffd8633decfc4513f3ff36970e6d6f
2025-12-08,2025/26,Serie A,Udinese,Genoa,1,2,6,2,8,football-data-csv,I1_2526.csv,https://www.football-data.co.uk/mmz4281/202526/I1.csv,2026-08-05 07:40:26,900,4a194db07166b9e5af6197b69e2eda854a05567f2daf69467c780738a85e9880
2025-12-12,2025/26,Serie A,Lecce,Pisa,1,0,12,1,13,football-data-csv,I1_2526.csv,https://www.football-data.co.uk/mmz4281/202526/I1.csv,2026-08-05 07:40:26,901,76b61c120750f5b8b7e72d3ddd9c6775e5f1a6bd9c2386608d0fa53ccca2c2de
2025-12-13,2025/26,Serie A,Atalanta,Cagliari,2,1,5,4,9,football-data-csv,I1_2526.csv,https://www.football-data.co.uk/mmz4281/202526/I1.csv,2026-08-05 07:40:26,902,35dae461102a72c133f5eca815aac03b56976a203b229a2d6e9f9348e84b7366
2025-12-13,2025/26,Serie A,Parma,Lazio,0,1,4,4,8,football-data-csv,I1_2526.csv,https://www.football-data.co.uk/mmz4281/202526/I1.csv,2026-08-05 07:40:26,903,ddaafd6e5024f4b5eeee4c323aac39b77cfa4a07cb478c9ce096b964c4822461
2025-12-13,2025/26,Serie A,Torino,Cremonese,1,0,6,6,12,football-data-csv,I1_2526.csv,https://www.football-data.co.uk/mmz4281/202526/I1.csv,2026-08-05 07:40:26,904,4d33f56ca08490e249a5527cdfe0ddba7827619ea4e69b53c52e827f6ce907dd
2025-12-14,2025/26,Serie A,Bologna,Juventus,0,1,3,4,7,football-data-csv,I1_2526.csv,https://www.football-data.co.uk/mmz4281/202526/I1.csv,2026-08-05 07:40:26,905,08e5b099f10f770960efa164a60797018d9cbc63b53c48f1b1564d154fc97a24
2025-12-14,2025/26,Serie A,Fiorentina,Verona,1,2,9,4,13,football-data-csv,I1_2526.csv,https://www.football-data.co.uk/mmz4281/202526/I1.csv,2026-08-05 07:40:26,906,d2c5cb2d9dadcf0a2991e00e0a952f8e2677b8c16d19d5d935326ae4917076ee
2025-12-14,2025/26,Serie A,Genoa,Inter,1,2,1,6,7,football-data-csv,I1_2526.csv,https://www.football-data.co.uk/mmz4281/202526/I1.csv,2026-08-05 07:40:26,907,a1a6c8f25df9191ef8fe9e8c34be114716b3d3031d50b00236a5c3facb4d9b4f
2025-12-14,2025/26,Serie A,Milan,Sassuolo,2,2,7,3,10,football-data-csv,I1_2526.csv,https://www.football-data.co.uk/mmz4281/202526/I1.csv,2026-08-05 07:40:26,908,6a79f81a2e6c7068a47eaf5533ba4fc775dbcbdaa538278d92defe09b63c5aec
2025-12-14,2025/26,Serie A,Udinese,Napoli,1,0,1,3,4,football-data-csv,I1_2526.csv,https://www.football-data.co.uk/mmz4281/202526/I1.csv,2026-08-05 07:40:26,909,d5963aaa5e2f697e0283b50cad8683353695da64223fdca0a866c369b8975cf6
2025-12-15,2025/26,Serie A,Roma,Como,1,0,6,3,9,football-data-csv,I1_2526.csv,https://www.football-data.co.uk/mmz4281/202526/I1.csv,2026-08-05 07:40:26,910,e23933bf72fb425dec41f32fe198fc036f2b73efcc62194b8e0a131f801ed1ca
2025-12-20,2025/26,Serie A,Juventus,Roma,2,1,2,4,6,football-data-csv,I1_2526.csv,https://www.football-data.co.uk/mmz4281/202526/I1.csv,2026-08-05 07:40:26,911,d9e9898e1ea7261310fbc9338e8562dbf2e3c93ce6dc20ab43ca0aa7d99c0b53
2025-12-20,2025/26,Serie A,Lazio,Cremonese,0,0,3,0,3,football-data-csv,I1_2526.csv,https://www.football-data.co.uk/mmz4281/202526/I1.csv,2026-08-05 07:40:26,912,af70a7f00e82a02e6714530625608c8f3aff195a56396f0bb013a4691b3dd45f
2025-12-21,2025/26,Serie A,Cagliari,Pisa,2,2,2,6,8,football-data-csv,I1_2526.csv,https://www.football-data.co.uk/mmz4281/202526/I1.csv,2026-08-05 07:40:26,913,84fea0d2eab16589cc34282224daf8f4145c32f116ec9f09a369bf5caa0660e9
2025-12-21,2025/26,Serie A,Fiorentina,Udinese,5,1,1,4,5,football-data-csv,I1_2526.csv,https://www.football-data.co.uk/mmz4281/202526/I1.csv,2026-08-05 07:40:26,914,8242d9cbae185555c86c1dc11f0b0f2a1522530f8930846d848e06d8f9dc2b66
2025-12-21,2025/26,Serie A,Genoa,Atalanta,0,1,6,10,16,football-data-csv,I1_2526.csv,https://www.football-data.co.uk/mmz4281/202526/I1.csv,2026-08-05 07:40:26,915,8c3a188d8e7aeed6fc97fa43d56553f0ea0e6a041a720117023eca773284517b
2025-12-21,2025/26,Serie A,Sassuolo,Torino,0,1,2,3,5,football-data-csv,I1_2526.csv,https://www.football-data.co.uk/mmz4281/202526/I1.csv,2026-08-05 07:40:26,916,fe020466723ca79ad1151439896e29665b6e955fe83790b48083af7b7eb143a8
2025-12-27,2025/26,Serie A,Lecce,Como,0,3,4,6,10,football-data-csv,I1_2526.csv,https://www.football-data.co.uk/mmz4281/202526/I1.csv,2026-08-05 07:40:26,917,579e0c74f2d0e1d8fb222f25cce9d09eb8fe67751bef4283f6cf954b92be6e52
2025-12-27,2025/26,Serie A,Parma,Fiorentina,1,0,5,6,11,football-data-csv,I1_2526.csv,https://www.football-data.co.uk/mmz4281/202526/I1.csv,2026-08-05 07:40:26,918,fb143000546962062c32e2924b232ba7c8d42279f34b4664e3f6004a6a83e31d
2025-12-27,2025/26,Serie A,Pisa,Juventus,0,2,2,8,10,football-data-csv,I1_2526.csv,https://www.football-data.co.uk/mmz4281/202526/I1.csv,2026-08-05 07:40:26,919,5c1a2cd25808b442f4ff75ec917d079bf43673043d0928b07c30c2f02228226c
2025-12-27,2025/26,Serie A,Torino,Cagliari,1,2,6,2,8,football-data-csv,I1_2526.csv,https://www.football-data.co.uk/mmz4281/202526/I1.csv,2026-08-05 07:40:26,920,9a36008c8029ca0d34d093af6530560743e4fb8a776aa21cc66e09efa85349a9
2025-12-27,2025/26,Serie A,Udinese,Lazio,1,1,5,6,11,football-data-csv,I1_2526.csv,https://www.football-data.co.uk/mmz4281/202526/I1.csv,2026-08-05 07:40:26,921,a17f2bfa38a50c7b4dd457855efd0645f9d4b0a773e3008163b86c033c79d3e2
2025-12-28,2025/26,Serie A,Atalanta,Inter,0,1,4,7,11,football-data-csv,I1_2526.csv,https://www.football-data.co.uk/mmz4281/202526/I1.csv,2026-08-05 07:40:26,922,eba98e2a58718e126abcb270ac10ef381dc87c398bb0370c078a39c0bdb4ddf9
2025-12-28,2025/26,Serie A,Bologna,Sassuolo,1,1,2,3,5,football-data-csv,I1_2526.csv,https://www.football-data.co.uk/mmz4281/202526/I1.csv,2026-08-05 07:40:26,923,aa56b965a7e549d3533f9cf8cbed58a7a47c6a3b2397a14ce3acc6f30e962209
2025-12-28,2025/26,Serie A,Cremonese,Napoli,0,2,1,10,11,football-data-csv,I1_2526.csv,https://www.football-data.co.uk/mmz4281/202526/I1.csv,2026-08-05 07:40:26,924,03e38a79387cb50306d3a1e3977bd612dc2d5cae5cd5cbda8afe8f0864da321a
2025-12-28,2025/26,Serie A,Milan,Verona,3,0,7,3,10,football-data-csv,I1_2526.csv,https://www.football-data.co.uk/mmz4281/202526/I1.csv,2026-08-05 07:40:26,925,5747cb7ba9497e10251e70b30845e6206ad3819b0658235c82edc2e4c2108698
2025-12-29,2025/26,Serie A,Roma,Genoa,3,1,6,1,7,football-data-csv,I1_2526.csv,https://www.football-data.co.uk/mmz4281/202526/I1.csv,2026-08-05 07:40:26,926,ecb8d7ddd4ef1c22b12e8ebfff6b153b625d667713e595137e9fbe8ca6268610
2026-01-02,2025/26,Serie A,Cagliari,Milan,0,1,6,7,13,football-data-csv,I1_2526.csv,https://www.football-data.co.uk/mmz4281/202526/I1.csv,2026-08-05 07:40:26,927,2ec5f694e3a00e5c0b2313264423bdae273bcdce41433d7500fe0ae12dd18948
2026-01-03,2025/26,Serie A,Atalanta,Roma,1,0,7,5,12,football-data-csv,I1_2526.csv,https://www.football-data.co.uk/mmz4281/202526/I1.csv,2026-08-05 07:40:26,928,691ff0f4f8aebb966c6200845df8eea1474661fc388306fa7f8a70bee9132816
2026-01-03,2025/26,Serie A,Como,Udinese,1,0,3,2,5,football-data-csv,I1_2526.csv,https://www.football-data.co.uk/mmz4281/202526/I1.csv,2026-08-05 07:40:26,929,0b0fcba08cd5f59a279f4b17acff4852d408977e5f9395afa7b5ea82392a89fd
2026-01-03,2025/26,Serie A,Genoa,Pisa,1,1,2,7,9,football-data-csv,I1_2526.csv,https://www.football-data.co.uk/mmz4281/202526/I1.csv,2026-08-05 07:40:26,930,2104ff30eac0e10cf888e5620a292fa5b47bba8ab65ade48b5059af019b557fa
2026-01-03,2025/26,Serie A,Juventus,Lecce,1,1,10,1,11,football-data-csv,I1_2526.csv,https://www.football-data.co.uk/mmz4281/202526/I1.csv,2026-08-05 07:40:26,931,cb1cc1000afe624cb084d17b7630ee17757dfd40b80d2d714f2ff666999dc9ab
2026-01-03,2025/26,Serie A,Sassuolo,Parma,1,1,4,7,11,football-data-csv,I1_2526.csv,https://www.football-data.co.uk/mmz4281/202526/I1.csv,2026-08-05 07:40:26,932,e33a57ddc667c2dd21aa8b0455e719186ecf8036fe14f07c7675e8340bb90302
2026-01-04,2025/26,Serie A,Fiorentina,Cremonese,1,0,7,3,10,football-data-csv,I1_2526.csv,https://www.football-data.co.uk/mmz4281/202526/I1.csv,2026-08-05 07:40:26,933,1bf51fdaea94b5250fefc2a7c570a26c6cd7b761ede3211c7b2d3f82c0aaab37
2026-01-04,2025/26,Serie A,Inter,Bologna,3,1,7,1,8,football-data-csv,I1_2526.csv,https://www.football-data.co.uk/mmz4281/202526/I1.csv,2026-08-05 07:40:26,934,0a19c19b763f3c8ba3f38728184abbc21b3df4d113373e116e47c5fb40c8deaf
2026-01-04,2025/26,Serie A,Lazio,Napoli,0,2,2,6,8,football-data-csv,I1_2526.csv,https://www.football-data.co.uk/mmz4281/202526/I1.csv,2026-08-05 07:40:26,935,1f01d03dd983cf42d7bd03fd1396e8215b42a8300fc4f949a13a4e1445fa182f
2026-01-04,2025/26,Serie A,Verona,Torino,0,3,4,7,11,football-data-csv,I1_2526.csv,https://www.football-data.co.uk/mmz4281/202526/I1.csv,2026-08-05 07:40:26,936,269058ebc7db6d334c217f29e4b8e724fae5266a7ccc5ad1760abd9535d95d8a
2026-01-06,2025/26,Serie A,Lecce,Roma,0,2,2,2,4,football-data-csv,I1_2526.csv,https://www.football-data.co.uk/mmz4281/202526/I1.csv,2026-08-05 07:40:26,937,2ca1213eae514cc1f008ca7262b404d871406d53a352352f4fb33ba20ddda13d
2026-01-06,2025/26,Serie A,Pisa,Como,0,3,1,5,6,football-data-csv,I1_2526.csv,https://www.football-data.co.uk/mmz4281/202526/I1.csv,2026-08-05 07:40:26,938,dfe2eac91c62ea6d3fbef43b9b4fe748c3914fdd3295ded92391ad78b152969b
2026-01-06,2025/26,Serie A,Sassuolo,Juventus,0,3,5,5,10,football-data-csv,I1_2526.csv,https://www.football-data.co.uk/mmz4281/202526/I1.csv,2026-08-05 07:40:26,939,55599f87c0420ed93367db7d88e12e369f6b0b3b9a98467feb5ec80317a5e9e8
2026-01-07,2025/26,Serie A,Bologna,Atalanta,0,2,6,6,12,football-data-csv,I1_2526.csv,https://www.football-data.co.uk/mmz4281/202526/I1.csv,2026-08-05 07:40:26,940,64ac07c5483fa3d8276d788a21234d45081ead3c3e959ee57b8a06dde1417fa4
2026-01-07,2025/26,Serie A,Lazio,Fiorentina,2,2,8,2,10,football-data-csv,I1_2526.csv,https://www.football-data.co.uk/mmz4281/202526/I1.csv,2026-08-05 07:40:26,941,6292520c7bbfa703d482de995ad843b0d92ebee183befa9c61ea3d5dc9855c02
2026-01-07,2025/26,Serie A,Napoli,Verona,2,2,6,1,7,football-data-csv,I1_2526.csv,https://www.football-data.co.uk/mmz4281/202526/I1.csv,2026-08-05 07:40:26,942,a572cdfc11b9686311a244acc3c6f46d6c55a0d6d1ee58b03c9991d42f6c19f2
2026-01-07,2025/26,Serie A,Parma,Inter,0,2,1,3,4,football-data-csv,I1_2526.csv,https://www.football-data.co.uk/mmz4281/202526/I1.csv,2026-08-05 07:40:26,943,0c01e250b542583b6756414ffe72025797ea02c14c2579a422f586c4d3f0ad5d
2026-01-07,2025/26,Serie A,Torino,Udinese,1,2,3,6,9,football-data-csv,I1_2526.csv,https://www.football-data.co.uk/mmz4281/202526/I1.csv,2026-08-05 07:40:26,944,f0534db9512e1008927c5e0f0609ce33ae1a895dd4a7a62b90e5a460806742b9
2026-01-08,2025/26,Serie A,Cremonese,Cagliari,2,2,2,4,6,football-data-csv,I1_2526.csv,https://www.football-data.co.uk/mmz4281/202526/I1.csv,2026-08-05 07:40:26,945,ee31497cb421697aac5ab5bb06cd2d67009c42857fb55b74772be0c1447075c4
2026-01-08,2025/26,Serie A,Milan,Genoa,1,1,12,1,13,football-data-csv,I1_2526.csv,https://www.football-data.co.uk/mmz4281/202526/I1.csv,2026-08-05 07:40:26,946,96cb722a86ba82bca5864ee7bb617be17e15c5f28a2960c851be64acff0ffeaf
2026-01-10,2025/26,Serie A,Atalanta,Torino,2,0,5,4,9,football-data-csv,I1_2526.csv,https://www.football-data.co.uk/mmz4281/202526/I1.csv,2026-08-05 07:40:26,947,1c3584898382346d33375fc148fc536ce9dc180c1b4c3f001186fc967c74d3df
2026-01-10,2025/26,Serie A,Como,Bologna,1,1,4,2,6,football-data-csv,I1_2526.csv,https://www.football-data.co.uk/mmz4281/202526/I1.csv,2026-08-05 07:40:26,948,6508efb006ac7e8842ff0840b34566787a05114cf243aa7d04b5624073ed3071
2026-01-10,2025/26,Serie A,Roma,Sassuolo,2,0,5,2,7,football-data-csv,I1_2526.csv,https://www.football-data.co.uk/mmz4281/202526/I1.csv,2026-08-05 07:40:26,949,68bada285670db09921dbafaf3732415c87db498b73e1fa3c4be77b79532e566
2026-01-10,2025/26,Serie A,Udinese,Pisa,2,2,3,8,11,football-data-csv,I1_2526.csv,https://www.football-data.co.uk/mmz4281/202526/I1.csv,2026-08-05 07:40:26,950,23cb074ad933756840bef26505f0cdc086fe14e2517a85c525752022489b1d0b
2026-01-11,2025/26,Serie A,Fiorentina,Milan,1,1,8,5,13,football-data-csv,I1_2526.csv,https://www.football-data.co.uk/mmz4281/202526/I1.csv,2026-08-05 07:40:26,951,897c8e11a1b54d0d1068141b3d6a7f142df0c495da4f469ac32e3b4daf792c61
2026-01-11,2025/26,Serie A,Inter,Napoli,2,2,4,1,5,football-data-csv,I1_2526.csv,https://www.football-data.co.uk/mmz4281/202526/I1.csv,2026-08-05 07:40:26,952,ee77573bddae8c958da66dec77079dd34a88f7c8555a268ac80d80eaf265ef49
2026-01-11,2025/26,Serie A,Lecce,Parma,1,2,3,3,6,football-data-csv,I1_2526.csv,https://www.football-data.co.uk/mmz4281/202526/I1.csv,2026-08-05 07:40:26,953,ce6cec5f65d55cf934342920900db2dc4df3981e5a1aca3d9c67ad9eccb364dd
2026-01-11,2025/26,Serie A,Verona,Lazio,0,1,2,1,3,football-data-csv,I1_2526.csv,https://www.football-data.co.uk/mmz4281/202526/I1.csv,2026-08-05 07:40:26,954,b2088117fc67e7a9cfd90260228d7df32b87faaf062599d0e36e58356979b76a
2026-01-12,2025/26,Serie A,Genoa,Cagliari,3,0,2,3,5,football-data-csv,I1_2526.csv,https://www.football-data.co.uk/mmz4281/202526/I1.csv,2026-08-05 07:40:26,955,68367b8c9c38c55febc473d6dbf7ce0637f63dcda3eb7a7e9719653756b8db8e
2026-01-12,2025/26,Serie A,Juventus,Cremonese,5,0,4,5,9,football-data-csv,I1_2526.csv,https://www.football-data.co.uk/mmz4281/202526/I1.csv,2026-08-05 07:40:26,956,58cfc9175bf36dcd19bbacf0d52e4ff9468940e2ccb8b2f1b9bd7abbf969ed39
2026-01-14,2025/26,Serie A,Inter,Lecce,1,0,11,3,14,football-data-csv,I1_2526.csv,https://www.football-data.co.uk/mmz4281/202526/I1.csv,2026-08-05 07:40:26,957,02abf301566c39e61755d77ea87bed17d35633c221dce4dab2c777c7cab73df6
2026-01-14,2025/26,Serie A,Napoli,Parma,0,0,7,1,8,football-data-csv,I1_2526.csv,https://www.football-data.co.uk/mmz4281/202526/I1.csv,2026-08-05 07:40:26,958,35f2bf634dca13b4c7cbed0dd7e196d955a5dd33b5ed6510a7cdbe2182fd5b35
2026-01-15,2025/26,Serie A,Como,Milan,1,3,8,4,12,football-data-csv,I1_2526.csv,https://www.football-data.co.uk/mmz4281/202526/I1.csv,2026-08-05 07:40:26,959,13b4b7f249dbce28a368253c018f58261f55677f2280e6b076c255f06bf74c71
2026-01-15,2025/26,Serie A,Verona,Bologna,2,3,4,5,9,football-data-csv,I1_2526.csv,https://www.football-data.co.uk/mmz4281/202526/I1.csv,2026-08-05 07:40:26,960,f2ccdc00b94a2cf24afc9ffd49153a4880fa1fd3f510df7766d5a06f252c9c3f
2026-01-16,2025/26,Serie A,Pisa,Atalanta,1,1,10,1,11,football-data-csv,I1_2526.csv,https://www.football-data.co.uk/mmz4281/202526/I1.csv,2026-08-05 07:40:26,961,98f3e578ee5de43f4d6fe18c6e227a48e3c7cb8567b69f5eeedb0805f75a44c4
2026-01-17,2025/26,Serie A,Cagliari,Juventus,1,0,1,18,19,football-data-csv,I1_2526.csv,https://www.football-data.co.uk/mmz4281/202526/I1.csv,2026-08-05 07:40:26,962,b235bda08f5db24805d1eb6eb244fbd7c962a59fce141110571bb0b0d4e8db1c
2026-01-17,2025/26,Serie A,Napoli,Sassuolo,1,0,5,4,9,football-data-csv,I1_2526.csv,https://www.football-data.co.uk/mmz4281/202526/I1.csv,2026-08-05 07:40:26,963,00285cc8c03f65d1c92b2f44bc0eafb9047a5894380f81e385bbc5a2da1db2f1
2026-01-17,2025/26,Serie A,Udinese,Inter,0,1,2,5,7,football-data-csv,I1_2526.csv,https://www.football-data.co.uk/mmz4281/202526/I1.csv,2026-08-05 07:40:26,964,ca8a92b1f6a856c333750c7a344c188a60e40df5ec28045546f42a5294229d78
2026-01-18,2025/26,Serie A,Bologna,Fiorentina,1,2,7,1,8,football-data-csv,I1_2526.csv,https://www.football-data.co.uk/mmz4281/202526/I1.csv,2026-08-05 07:40:26,965,11bd7bef8500431fc006dea47ca5af6369b15d1130725772e77025053103bef8
2026-01-18,2025/26,Serie A,Milan,Lecce,1,0,10,2,12,football-data-csv,I1_2526.csv,https://www.football-data.co.uk/mmz4281/202526/I1.csv,2026-08-05 07:40:26,966,da79605441beafaf4abd7c08748cb038c4a94b3008796d025352214fdb57e67a
2026-01-18,2025/26,Serie A,Parma,Genoa,0,0,7,3,10,football-data-csv,I1_2526.csv,https://www.football-data.co.uk/mmz4281/202526/I1.csv,2026-08-05 07:40:26,967,c378638357170e6904e2001e0dc08df0bd3d6c4aebed79d7adf53aff5c73cf20
2026-01-18,2025/26,Serie A,Torino,Roma,0,2,2,1,3,football-data-csv,I1_2526.csv,https://www.football-data.co.uk/mmz4281/202526/I1.csv,2026-08-05 07:40:26,968,ad473f8eac908dea23b91dca80960e9f92816e7dd3e250f752d1c563a07d22c9
2026-01-19,2025/26,Serie A,Cremonese,Verona,0,0,3,6,9,football-data-csv,I1_2526.csv,https://www.football-data.co.uk/mmz4281/202526/I1.csv,2026-08-05 07:40:26,969,a617ca496748d65d91c7d00555fea1c28d01e309d2db6ba4b9b9d0985a9e45ee
2026-01-19,2025/26,Serie A,Lazio,Como,0,3,3,2,5,football-data-csv,I1_2526.csv,https://www.football-data.co.uk/mmz4281/202526/I1.csv,2026-08-05 07:40:26,970,7aef2e8ed77ec35d0d35cf333376164f4a665ba73a34652928cf2852f623830c
2026-01-23,2025/26,Serie A,Inter,Pisa,6,2,7,5,12,football-data-csv,I1_2526.csv,https://www.football-data.co.uk/mmz4281/202526/I1.csv,2026-08-05 07:40:26,971,79a0a3f1dbcb1c20bdc2df0a66daf2e187bb5f43e2f7b4c90e43141c69a3020f
2026-01-24,2025/26,Serie A,Como,Torino,6,0,2,1,3,football-data-csv,I1_2526.csv,https://www.football-data.co.uk/mmz4281/202526/I1.csv,2026-08-05 07:40:26,972,1d843296adbe4e475ed08295e92b5a73775290cc67cd56c8918c9056b7ad30db
2026-01-24,2025/26,Serie A,Fiorentina,Cagliari,1,2,8,3,11,football-data-csv,I1_2526.csv,https://www.football-data.co.uk/mmz4281/202526/I1.csv,2026-08-05 07:40:26,973,a5d10a2e4d1ecec3cd5db9759ebdb814fbd70a6578443242ec68bb309b5fe1f4
2026-01-24,2025/26,Serie A,Lecce,Lazio,0,0,4,1,5,football-data-csv,I1_2526.csv,https://www.football-data.co.uk/mmz4281/202526/I1.csv,2026-08-05 07:40:26,974,1ec43ca5355ffc0702a8d7673645a168d8ececbd2dbcc4007fa3d241b5c7a408
2026-01-25,2025/26,Serie A,Atalanta,Parma,4,0,6,9,15,football-data-csv,I1_2526.csv,https://www.football-data.co.uk/mmz4281/202526/I1.csv,2026-08-05 07:40:26,975,9666acf0f87c8ed28d4804b2f091fc2bba44bbea0b905681167b03437c11d4d4
2026-01-25,2025/26,Serie A,Genoa,Bologna,3,2,5,2,7,football-data-csv,I1_2526.csv,https://www.football-data.co.uk/mmz4281/202526/I1.csv,2026-08-05 07:40:26,976,67c667be7de063cb5fde6daac6fba30b1d344d4a09908ff487a4a559aa97ae6e
2026-01-25,2025/26,Serie A,Juventus,Napoli,3,0,2,2,4,football-data-csv,I1_2526.csv,https://www.football-data.co.uk/mmz4281/202526/I1.csv,2026-08-05 07:40:26,977,1180b4fc305bbd700dba9ad962a7a6a4a3d5fd891d1081029f8bd97877c899bb
2026-01-25,2025/26,Serie A,Roma,Milan,1,1,5,3,8,football-data-csv,I1_2526.csv,https://www.football-data.co.uk/mmz4281/202526/I1.csv,2026-08-05 07:40:26,978,a93de4df36b3adcbee3a5ee22b8f106e91b8a96099e9151d2b6d1012bce1880f
2026-01-25,2025/26,Serie A,Sassuolo,Cremonese,1,0,3,5,8,football-data-csv,I1_2526.csv,https://www.football-data.co.uk/mmz4281/202526/I1.csv,2026-08-05 07:40:26,979,982150de6f9c0fd7fb250fb06930715acb7010baceb3c8be068741dfb49ebe83
2026-01-26,2025/26,Serie A,Verona,Udinese,1,3,3,8,11,football-data-csv,I1_2526.csv,https://www.football-data.co.uk/mmz4281/202526/I1.csv,2026-08-05 07:40:26,980,6b5c978f3f1ec1b14e8e79f5196b0c6371bd0bdd79569544d1cfc7ec678eef45
2026-01-30,2025/26,Serie A,Lazio,Genoa,3,2,5,3,8,football-data-csv,I1_2526.csv,https://www.football-data.co.uk/mmz4281/202526/I1.csv,2026-08-05 07:40:26,981,3759ca572d2726dc01a2d8f5047a383bbcedb0944170c7890510cdd91ad49b6a
2026-01-31,2025/26,Serie A,Cagliari,Verona,4,0,6,3,9,football-data-csv,I1_2526.csv,https://www.football-data.co.uk/mmz4281/202526/I1.csv,2026-08-05 07:40:26,982,50c5fc35c128e8c38726b4d1256dc7a75ec2c2c10174273edee047ce1bcdde27
2026-01-31,2025/26,Serie A,Napoli,Fiorentina,2,1,4,4,8,football-data-csv,I1_2526.csv,https://www.football-data.co.uk/mmz4281/202526/I1.csv,2026-08-05 07:40:26,983,fe1031c9361437b94fa48e4dd83b9650f3f26ae534663b5ab2991a9ef75c8dc4
2026-01-31,2025/26,Serie A,Pisa,Sassuolo,1,3,2,5,7,football-data-csv,I1_2526.csv,https://www.football-data.co.uk/mmz4281/202526/I1.csv,2026-08-05 07:40:26,984,3e580125ab1403a71adeae78990b89eb454f8f5bed968e3cdeadde7493fdaab9
2026-02-01,2025/26,Serie A,Como,Atalanta,0,0,7,1,8,football-data-csv,I1_2526.csv,https://www.football-data.co.uk/mmz4281/202526/I1.csv,2026-08-05 07:40:26,985,0e330f8fc8a3af6d5f0c0912771caf6c57e1b97e5305b037276e023d51c37489
2026-02-01,2025/26,Serie A,Cremonese,Inter,0,2,1,6,7,football-data-csv,I1_2526.csv,https://www.football-data.co.uk/mmz4281/202526/I1.csv,2026-08-05 07:40:26,986,0b73787844aee4a4f37cff8642ce1b54f3bf40a4143f4900330f3bba920fe31a
2026-02-01,2025/26,Serie A,Parma,Juventus,1,4,5,3,8,football-data-csv,I1_2526.csv,https://www.football-data.co.uk/mmz4281/202526/I1.csv,2026-08-05 07:40:26,987,34929fa740d87742d563430b9b8cf2d64a9259753557304f82423f3a79459961
2026-02-01,2025/26,Serie A,Torino,Lecce,1,0,3,8,11,football-data-csv,I1_2526.csv,https://www.football-data.co.uk/mmz4281/202526/I1.csv,2026-08-05 07:40:26,988,b2a807d439ab26a374b8fbf6ce6843faab254343405e269b7bf1473cf79b42f2
2026-02-02,2025/26,Serie A,Udinese,Roma,1,0,4,7,11,football-data-csv,I1_2526.csv,https://www.football-data.co.uk/mmz4281/202526/I1.csv,2026-08-05 07:40:26,989,b2e3c746289c1b529de0fc34f1cf242e2d21715da80acd2075490713435a31be
2026-02-03,2025/26,Serie A,Bologna,Milan,0,3,5,0,5,football-data-csv,I1_2526.csv,https://www.football-data.co.uk/mmz4281/202526/I1.csv,2026-08-05 07:40:26,990,6e80976054cfa3bf430319834e671fe17e53fdb0a9dbea89258d8b9382589e30
2026-02-06,2025/26,Serie A,Verona,Pisa,0,0,8,4,12,football-data-csv,I1_2526.csv,https://www.football-data.co.uk/mmz4281/202526/I1.csv,2026-08-05 07:40:26,991,37160ff1e98a26bc4669692dbedfbd4a2c7d1aa1457ea0e54c1efb19248b565e
2026-02-07,2025/26,Serie A,Fiorentina,Torino,2,2,9,4,13,football-data-csv,I1_2526.csv,https://www.football-data.co.uk/mmz4281/202526/I1.csv,2026-08-05 07:40:26,992,d3e69ffa247af3188da925d177113a6ce29adeb43fa7ebb6e70ec2bf168e1eac
2026-02-07,2025/26,Serie A,Genoa,Napoli,2,3,4,3,7,football-data-csv,I1_2526.csv,https://www.football-data.co.uk/mmz4281/202526/I1.csv,2026-08-05 07:40:26,993,2c1bc0ba53df970273db0fdd6aae1009e9c486063029ea34e9450d0325889d27
2026-02-08,2025/26,Serie A,Bologna,Parma,0,1,4,5,9,football-data-csv,I1_2526.csv,https://www.football-data.co.uk/mmz4281/202526/I1.csv,2026-08-05 07:40:26,994,06a66cad1fa4d102e0aa221764cf7caecca9ee0b52423b7f9faa37e8703ee953
2026-02-08,2025/26,Serie A,Juventus,Lazio,2,2,8,1,9,football-data-csv,I1_2526.csv,https://www.football-data.co.uk/mmz4281/202526/I1.csv,2026-08-05 07:40:26,995,561cd6ee4efe34d91d76f30dd668be2b5ff4649f5365e9bd270cbb526a65d748
2026-02-08,2025/26,Serie A,Lecce,Udinese,2,1,7,0,7,football-data-csv,I1_2526.csv,https://www.football-data.co.uk/mmz4281/202526/I1.csv,2026-08-05 07:40:26,996,fafebd4699e0dfd5f7ace48c2d6d15e90530eb148bdaa48824a2ff7cdecff91a
2026-02-08,2025/26,Serie A,Sassuolo,Inter,0,5,5,6,11,football-data-csv,I1_2526.csv,https://www.football-data.co.uk/mmz4281/202526/I1.csv,2026-08-05 07:40:26,997,97f0a6bfb0f47b48acd537c7112f137e01beae3c5e1a3e289e37eadd71d373f6
2026-02-09,2025/26,Serie A,Atalanta,Cremonese,2,1,13,2,15,football-data-csv,I1_2526.csv,https://www.football-data.co.uk/mmz4281/202526/I1.csv,2026-08-05 07:40:26,998,e0213e8cd048eadc60dac64267b2ec8b1db62daf4e3537f08e9d4b0f5f76a4f2
2026-02-09,2025/26,Serie A,Roma,Cagliari,2,0,7,1,8,football-data-csv,I1_2526.csv,https://www.football-data.co.uk/mmz4281/202526/I1.csv,2026-08-05 07:40:26,999,ccffa7cdc7c464bbad9745824e9624d5b09520619f4c378ef82b18b6d5369fac
2026-02-13,2025/26,Serie A,Pisa,Milan,1,2,3,1,4,football-data-csv,I1_2526.csv,https://www.football-data.co.uk/mmz4281/202526/I1.csv,2026-08-05 07:40:26,1000,f466ac990b1387b521d4a39e915c983a8abe310ba7d6f5e92914215c69569c18
2026-02-14,2025/26,Serie A,Como,Fiorentina,1,2,4,2,6,football-data-csv,I1_2526.csv,https://www.football-data.co.uk/mmz4281/202526/I1.csv,2026-08-05 07:40:26,1001,e462a02b87d3ffecf6de4cbe2f36e293dc5e0879f5944ed47314b55a5a47d548
2026-02-14,2025/26,Serie A,Inter,Juventus,3,2,4,1,5,football-data-csv,I1_2526.csv,https://www.football-data.co.uk/mmz4281/202526/I1.csv,2026-08-05 07:40:26,1002,41c20fe99f9b975e324ebf6761049699dd5442246c6a2ff96c75dcbb7993d8a1
2026-02-14,2025/26,Serie A,Lazio,Atalanta,0,2,5,4,9,football-data-csv,I1_2526.csv,https://www.football-data.co.uk/mmz4281/202526/I1.csv,2026-08-05 07:40:26,1003,cee3ef86c4354fb44d232c4da32139be14922d9580e0de483733a53c29717bcd
2026-02-15,2025/26,Serie A,Cremonese,Genoa,0,0,6,11,17,football-data-csv,I1_2526.csv,https://www.football-data.co.uk/mmz4281/202526/I1.csv,2026-08-05 07:40:26,1004,858970d0b34ffdd33a6ae00b635afaea8034f31c1c728b9ae334108128451f47
2026-02-15,2025/26,Serie A,Napoli,Roma,2,2,2,1,3,football-data-csv,I1_2526.csv,https://www.football-data.co.uk/mmz4281/202526/I1.csv,2026-08-05 07:40:26,1005,1a6b7e4ef855e6cc47dccd420c079fa68b332c800fbe136611a7d4557ba35c0b
2026-02-15,2025/26,Serie A,Parma,Verona,2,1,12,1,13,football-data-csv,I1_2526.csv,https://www.football-data.co.uk/mmz4281/202526/I1.csv,2026-08-05 07:40:26,1006,80254999510670e1c8dad479f84ab0669d122479946215be34b2eeaac32e3cdf
2026-02-15,2025/26,Serie A,Torino,Bologna,1,2,4,2,6,football-data-csv,I1_2526.csv,https://www.football-data.co.uk/mmz4281/202526/I1.csv,2026-08-05 07:40:26,1007,ad7c445887ad06506b4a5c528c5bb0bb164399ef1b63589af0eb270069b79542
2026-02-15,2025/26,Serie A,Udinese,Sassuolo,1,2,7,6,13,football-data-csv,I1_2526.csv,https://www.football-data.co.uk/mmz4281/202526/I1.csv,2026-08-05 07:40:26,1008,59b1911bdbddb447e28f1157d33928af36df1c5de2299da26dec618893290596
2026-02-16,2025/26,Serie A,Cagliari,Lecce,0,2,8,2,10,football-data-csv,I1_2526.csv,https://www.football-data.co.uk/mmz4281/202526/I1.csv,2026-08-05 07:40:26,1009,55c893aa6f22211669b2b1b23713ae82a5dca759a64809e6465386cfed2d6594
2026-02-18,2025/26,Serie A,Milan,Como,1,1,4,4,8,football-data-csv,I1_2526.csv,https://www.football-data.co.uk/mmz4281/202526/I1.csv,2026-08-05 07:40:26,1010,4c72e634e38121facba84275a352a73bbd83cd3b64f8d71361128362ecec3733
2026-02-20,2025/26,Serie A,Sassuolo,Verona,3,0,6,5,11,football-data-csv,I1_2526.csv,https://www.football-data.co.uk/mmz4281/202526/I1.csv,2026-08-05 07:40:26,1011,5ee509980e1aab9acc66cb6831713f2f5006f3225e1184be259c3aba435686e8
2026-02-21,2025/26,Serie A,Cagliari,Lazio,0,0,3,6,9,football-data-csv,I1_2526.csv,https://www.football-data.co.uk/mmz4281/202526/I1.csv,2026-08-05 07:40:26,1012,ae945b42ee6aa27c3b0364e0f365d1978f3ce33dda0c357e207b3fe6331dcff9
2026-02-21,2025/26,Serie A,Juventus,Como,0,2,7,2,9,football-data-csv,I1_2526.csv,https://www.football-data.co.uk/mmz4281/202526/I1.csv,2026-08-05 07:40:26,1013,4076fe2b7d22210ba04aa7da16c4407f049b5ccac87c957088f0a6c1711527ea
2026-02-21,2025/26,Serie A,Lecce,Inter,0,2,2,10,12,football-data-csv,I1_2526.csv,https://www.football-data.co.uk/mmz4281/202526/I1.csv,2026-08-05 07:40:26,1014,dbd9ee47214bbbd73551eca567331874fa8042dce1caf4afc5ebdf0909e82e2e
2026-02-22,2025/26,Serie A,Atalanta,Napoli,2,1,6,1,7,football-data-csv,I1_2526.csv,https://www.football-data.co.uk/mmz4281/202526/I1.csv,2026-08-05 07:40:26,1015,feacf714df1278ba8ee363ea2181d8d2af56941e75121a712885d89426f3c75d
2026-02-22,2025/26,Serie A,Genoa,Torino,3,0,1,3,4,football-data-csv,I1_2526.csv,https://www.football-data.co.uk/mmz4281/202526/I1.csv,2026-08-05 07:40:26,1016,7b2b78f1d5a98c353ba1e178ac674c2f396b34e87c7b53416b440683b1111f3c
2026-02-22,2025/26,Serie A,Milan,Parma,0,1,5,2,7,football-data-csv,I1_2526.csv,https://www.football-data.co.uk/mmz4281/202526/I1.csv,2026-08-05 07:40:26,1017,ac14b34e5a28a9fd5a8881e3c39071ff2cf188838019a4c2ca7f301967e2de82
2026-02-22,2025/26,Serie A,Roma,Cremonese,3,0,9,1,10,football-data-csv,I1_2526.csv,https://www.football-data.co.uk/mmz4281/202526/I1.csv,2026-08-05 07:40:26,1018,6001c533c3660883bd4ba7f4f0762f39eac529762b8ac5817d5b3a78a7ed06eb
2026-02-23,2025/26,Serie A,Bologna,Udinese,1,0,4,7,11,football-data-csv,I1_2526.csv,https://www.football-data.co.uk/mmz4281/202526/I1.csv,2026-08-05 07:40:26,1019,3172c2dd4256b0164abc8152ec6fcf1717475b5a61c23df6f48e73423596a4e1
2026-02-23,2025/26,Serie A,Fiorentina,Pisa,1,0,4,3,7,football-data-csv,I1_2526.csv,https://www.football-data.co.uk/mmz4281/202526/I1.csv,2026-08-05 07:40:26,1020,c30711a3cf8d7dff13e98dfd91aa8a1e7021a8bedc8000bdf3b39663e6d60673
2026-02-27,2025/26,Serie A,Parma,Cagliari,1,1,6,3,9,football-data-csv,I1_2526.csv,https://www.football-data.co.uk/mmz4281/202526/I1.csv,2026-08-05 07:40:26,1021,a787408b3565335d4b10508f13036b189a8d92f02df93eb0e1e22fc6ec624a71
2026-02-28,2025/26,Serie A,Como,Lecce,3,1,5,1,6,football-data-csv,I1_2526.csv,https://www.football-data.co.uk/mmz4281/202526/I1.csv,2026-08-05 07:40:26,1022,8f4100f478611bb9def3df089de6705f248de4e39629a1007845ebbe794e61d1
2026-02-28,2025/26,Serie A,Inter,Genoa,2,0,10,2,12,football-data-csv,I1_2526.csv,https://www.football-data.co.uk/mmz4281/202526/I1.csv,2026-08-05 07:40:26,1023,8cdfb9d5c21f4888cd8d72ad5626b0e8b32515386e8f08f5396fb0b1be3d4bf1
2026-02-28,2025/26,Serie A,Verona,Napoli,1,2,2,5,7,football-data-csv,I1_2526.csv,https://www.football-data.co.uk/mmz4281/202526/I1.csv,2026-08-05 07:40:26,1024,88be40ef2a5f6777fc9cb26708f6b7a9dddeaeef4e31f72e3cf4bda60d3dcb5e
2026-03-01,2025/26,Serie A,Cremonese,Milan,0,2,6,7,13,football-data-csv,I1_2526.csv,https://www.football-data.co.uk/mmz4281/202526/I1.csv,2026-08-05 07:40:26,1025,916e88f0fe53278e17e5b1729ccd10b2c1555e87d709e7b8cb19a435638dd09b
2026-03-01,2025/26,Serie A,Roma,Juventus,3,3,4,1,5,football-data-csv,I1_2526.csv,https://www.football-data.co.uk/mmz4281/202526/I1.csv,2026-08-05 07:40:26,1026,b00a9362c018fa55660c4820d542ecb342b17b0ade1842d4e9a80b0deb62d4a6
2026-03-01,2025/26,Serie A,Sassuolo,Atalanta,2,1,3,9,12,football-data-csv,I1_2526.csv,https://www.football-data.co.uk/mmz4281/202526/I1.csv,2026-08-05 07:40:26,1027,25f067e739939287f914e2d2ce6b6e19df5d6628919f88b8ae3fa8f8f4b33092
2026-03-01,2025/26,Serie A,Torino,Lazio,2,0,6,9,15,football-data-csv,I1_2526.csv,https://www.football-data.co.uk/mmz4281/202526/I1.csv,2026-08-05 07:40:26,1028,011e43f8186bebd9554cf0829e436d6b3990da34e8fb9295c8a7609d06f686a3
2026-03-02,2025/26,Serie A,Pisa,Bologna,0,1,7,4,11,football-data-csv,I1_2526.csv,https://www.football-data.co.uk/mmz4281/202526/I1.csv,2026-08-05 07:40:26,1029,307e3d2e24e708bb7cf7328a92a9eaf88631d607a6c59be97f14cde658d9ff9c
2026-03-02,2025/26,Serie A,Udinese,Fiorentina,3,0,5,2,7,football-data-csv,I1_2526.csv,https://www.football-data.co.uk/mmz4281/202526/I1.csv,2026-08-05 07:40:26,1030,94bb1f0c25a8776ec4a6448ed117ba587597c7a62781604d1d8d53185b5ce261
2026-03-06,2025/26,Serie A,Napoli,Torino,2,1,11,2,13,football-data-csv,I1_2526.csv,https://www.football-data.co.uk/mmz4281/202526/I1.csv,2026-08-05 07:40:26,1031,d29b2ec77a05b3c2f4296f6740f2180ef088c94f3da1f07760c692d03a689615
2026-03-07,2025/26,Serie A,Atalanta,Udinese,2,2,11,3,14,football-data-csv,I1_2526.csv,https://www.football-data.co.uk/mmz4281/202526/I1.csv,2026-08-05 07:40:26,1032,10774163f47b893f2c4195ce82d0b3bff6d0f891aed0e9f608362e90af6e0785
2026-03-07,2025/26,Serie A,Cagliari,Como,1,2,2,3,5,football-data-csv,I1_2526.csv,https://www.football-data.co.uk/mmz4281/202526/I1.csv,2026-08-05 07:40:26,1033,c3119f02e755052b2a5d93948849a845ad100ac8422c6c04af58607dffeceb0a
2026-03-07,2025/26,Serie A,Juventus,Pisa,4,0,4,4,8,football-data-csv,I1_2526.csv,https://www.football-data.co.uk/mmz4281/202526/I1.csv,2026-08-05 07:40:26,1034,6bfa855119c761ae5ffc0319013f1734ec8e5c8590a079a9f86d4457a357c4da
2026-03-08,2025/26,Serie A,Bologna,Verona,1,2,5,3,8,football-data-csv,I1_2526.csv,https://www.football-data.co.uk/mmz4281/202526/I1.csv,2026-08-05 07:40:26,1035,8594cb11659a46722e86a9dd955ce6d7c6f7a44423647a67516bcc8385704957
2026-03-08,2025/26,Serie A,Fiorentina,Parma,0,0,7,1,8,football-data-csv,I1_2526.csv,https://www.football-data.co.uk/mmz4281/202526/I1.csv,2026-08-05 07:40:26,1036,933cf2547544dcf1f2c153041789c286b40933fa74a6ac7afaa150cc04690d8d
2026-03-08,2025/26,Serie A,Genoa,Roma,2,1,3,6,9,football-data-csv,I1_2526.csv,https://www.football-data.co.uk/mmz4281/202526/I1.csv,2026-08-05 07:40:26,1037,d4c0eab6a5ebf1425fe6718c1d83cf7bc2a93245868f52c8b44c4b7ad34ec469
2026-03-08,2025/26,Serie A,Lecce,Cremonese,2,1,4,4,8,football-data-csv,I1_2526.csv,https://www.football-data.co.uk/mmz4281/202526/I1.csv,2026-08-05 07:40:26,1038,880d7a5be9533552015c733faf2463b79f1e6191bdaed68ac0cc801d76e6b90d
2026-03-08,2025/26,Serie A,Milan,Inter,1,0,1,6,7,football-data-csv,I1_2526.csv,https://www.football-data.co.uk/mmz4281/202526/I1.csv,2026-08-05 07:40:26,1039,13ca02baa8459675102a6f43ad6fe72a4c6c4e80ba3724e48f2ab7391b9ccfba
2026-03-09,2025/26,Serie A,Lazio,Sassuolo,2,1,1,6,7,football-data-csv,I1_2526.csv,https://www.football-data.co.uk/mmz4281/202526/I1.csv,2026-08-05 07:40:26,1040,4df19a4f127674fb20da9c998f62f443feb663f51e5b8293167600156b32104f
2026-03-13,2025/26,Serie A,Torino,Parma,4,1,2,7,9,football-data-csv,I1_2526.csv,https://www.football-data.co.uk/mmz4281/202526/I1.csv,2026-08-05 07:40:26,1041,557217fc8125c84803280d53d3ac4a77a507e4746456ba99cd534593a03c7db6
2026-03-14,2025/26,Serie A,Inter,Atalanta,1,1,2,3,5,football-data-csv,I1_2526.csv,https://www.football-data.co.uk/mmz4281/202526/I1.csv,2026-08-05 07:40:26,1042,1cf077ec7a75285825d5a121536b4a8853cee658c3ae5f31cb90a7e8cd15a2e4
2026-03-14,2025/26,Serie A,Napoli,Lecce,2,1,7,7,14,football-data-csv,I1_2526.csv,https://www.football-data.co.uk/mmz4281/202526/I1.csv,2026-08-05 07:40:26,1043,b02cf8b56d55688894e61c1876841d1a83d66a14433495c497a3a19f8eb879d6
2026-03-14,2025/26,Serie A,Udinese,Juventus,0,1,2,6,8,football-data-csv,I1_2526.csv,https://www.football-data.co.uk/mmz4281/202526/I1.csv,2026-08-05 07:40:26,1044,1809f0d46b8591e40eb04242ed05babd39a11cdb28b6d77a3499847443d4d38d
2026-03-15,2025/26,Serie A,Como,Roma,2,1,7,1,8,football-data-csv,I1_2526.csv,https://www.football-data.co.uk/mmz4281/202526/I1.csv,2026-08-05 07:40:26,1045,df3028dd99c57c78d2d812208ca32833ee372ca936662e211c937f8797543ff9
2026-03-15,2025/26,Serie A,Lazio,Milan,1,0,1,9,10,football-data-csv,I1_2526.csv,https://www.football-data.co.uk/mmz4281/202526/I1.csv,2026-08-05 07:40:26,1046,c47a58c356659e13605900d2d247ae195fc76d34d1980dd7c7a3c530d22fc110
2026-03-15,2025/26,Serie A,Pisa,Cagliari,3,1,1,5,6,football-data-csv,I1_2526.csv,https://www.football-data.co.uk/mmz4281/202526/I1.csv,2026-08-05 07:40:26,1047,cb009c348df20589267de6f9802302391a9813b44fbad6a046968c9cb48a8977
2026-03-15,2025/26,Serie A,Sassuolo,Bologna,0,1,7,4,11,football-data-csv,I1_2526.csv,https://www.football-data.co.uk/mmz4281/202526/I1.csv,2026-08-05 07:40:26,1048,ff9984ec7038f008136cfb6b79bc331985de6caa9ae930431819f39b14be1bf7
2026-03-15,2025/26,Serie A,Verona,Genoa,0,2,4,2,6,football-data-csv,I1_2526.csv,https://www.football-data.co.uk/mmz4281/202526/I1.csv,2026-08-05 07:40:26,1049,f7396a000925d6ef4d482270c38f2951ad7fc564b6ab95b1c73fefb053c51c79
2026-03-16,2025/26,Serie A,Cremonese,Fiorentina,1,4,4,6,10,football-data-csv,I1_2526.csv,https://www.football-data.co.uk/mmz4281/202526/I1.csv,2026-08-05 07:40:26,1050,d4abadb5480320993da39511e4cac102f4643ccee65772685416586b9ba33104
2026-03-20,2025/26,Serie A,Cagliari,Napoli,0,1,2,7,9,football-data-csv,I1_2526.csv,https://www.football-data.co.uk/mmz4281/202526/I1.csv,2026-08-05 07:40:26,1051,30b197a00145c71bb7c62b74fa2245fc6e9229a50e934c7dcc56e407cd12dff4
2026-03-20,2025/26,Serie A,Genoa,Udinese,0,2,7,1,8,football-data-csv,I1_2526.csv,https://www.football-data.co.uk/mmz4281/202526/I1.csv,2026-08-05 07:40:26,1052,af8efb95955ea38768a931dbd0405d5a5ebc1fa57085191e6b54aa1fef6302e8
2026-03-21,2025/26,Serie A,Juventus,Sassuolo,1,1,9,4,13,football-data-csv,I1_2526.csv,https://www.football-data.co.uk/mmz4281/202526/I1.csv,2026-08-05 07:40:26,1053,1ff65e94055b761d18f78b3f050bb194083d5ef291d8cc2c81087c41191faf6a
2026-03-21,2025/26,Serie A,Milan,Torino,3,2,4,6,10,football-data-csv,I1_2526.csv,https://www.football-data.co.uk/mmz4281/202526/I1.csv,2026-08-05 07:40:26,1054,fcbb845a2bd579d88a56a1f6ec4d01fe91838551d95743bed4946f2745386cc5
2026-03-21,2025/26,Serie A,Parma,Cremonese,0,2,3,1,4,football-data-csv,I1_2526.csv,https://www.football-data.co.uk/mmz4281/202526/I1.csv,2026-08-05 07:40:26,1055,55d1fbd1fb4e4b9b9829ac141bb8e2a5206bdb921d321666f58c761bdecdaa75
2026-03-22,2025/26,Serie A,Atalanta,Verona,1,0,2,4,6,football-data-csv,I1_2526.csv,https://www.football-data.co.uk/mmz4281/202526/I1.csv,2026-08-05 07:40:26,1056,48241b094ca19d4d0570ce65f08242cc395716ecc7f8b60d49ccbbcfd80ae5d4
2026-03-22,2025/26,Serie A,Bologna,Lazio,0,2,2,1,3,football-data-csv,I1_2526.csv,https://www.football-data.co.uk/mmz4281/202526/I1.csv,2026-08-05 07:40:26,1057,4e6483fe40d1aea7959fa8dc186d4cd9197ebe1d9270f3093ab2796afd6dd64b
2026-03-22,2025/26,Serie A,Como,Pisa,5,0,7,1,8,football-data-csv,I1_2526.csv,https://www.football-data.co.uk/mmz4281/202526/I1.csv,2026-08-05 07:40:26,1058,e065a73dc107dde6c4fdd9405cb0b2bfb41899e755a16ac30f038cca1576043d
2026-03-22,2025/26,Serie A,Fiorentina,Inter,1,1,3,5,8,football-data-csv,I1_2526.csv,https://www.football-data.co.uk/mmz4281/202526/I1.csv,2026-08-05 07:40:26,1059,23d51abce6951d6e7a6e19930725fd80b6248564557892924315ce5d34cff1d1
2026-03-22,2025/26,Serie A,Roma,Lecce,1,0,10,2,12,football-data-csv,I1_2526.csv,https://www.football-data.co.uk/mmz4281/202526/I1.csv,2026-08-05 07:40:26,1060,78f1d8a30b633fcad2b8dce97621daa8e8e2ea267c701419be019de6a2d8c42c
2026-04-04,2025/26,Serie A,Lazio,Parma,1,1,7,2,9,football-data-csv,I1_2526.csv,https://www.football-data.co.uk/mmz4281/202526/I1.csv,2026-08-05 07:40:26,1061,9cb799142a3c2515fd5a78c3a8a741327964bcf0ffe7340c20ef5c7aa298c4b5
2026-04-04,2025/26,Serie A,Sassuolo,Cagliari,2,1,2,2,4,football-data-csv,I1_2526.csv,https://www.football-data.co.uk/mmz4281/202526/I1.csv,2026-08-05 07:40:26,1062,d3c54b47e5f17f27d5df2d525a5e3ead5d99c1fe4043514b78a8cdce5eef4975
2026-04-04,2025/26,Serie A,Verona,Fiorentina,0,1,9,1,10,football-data-csv,I1_2526.csv,https://www.football-data.co.uk/mmz4281/202526/I1.csv,2026-08-05 07:40:26,1063,c2f4d6f82b97fa11506bb958ad23a7a0f39ee836b507eb85a8d7f581bc814531
2026-04-05,2025/26,Serie A,Cremonese,Bologna,1,2,2,4,6,football-data-csv,I1_2526.csv,https://www.football-data.co.uk/mmz4281/202526/I1.csv,2026-08-05 07:40:26,1064,cc9649bab1e4097e1e45aa466723b18360d77d9a476ade6133946b7fbecdad98
2026-04-05,2025/26,Serie A,Inter,Roma,5,2,7,4,11,football-data-csv,I1_2526.csv,https://www.football-data.co.uk/mmz4281/202526/I1.csv,2026-08-05 07:40:26,1065,a8c7c8c01cdbc6fa002764caf9d1f2cf6a46181948ddb2b296923d407214ab62
2026-04-05,2025/26,Serie A,Pisa,Torino,0,1,1,2,3,football-data-csv,I1_2526.csv,https://www.football-data.co.uk/mmz4281/202526/I1.csv,2026-08-05 07:40:26,1066,3a6a474abe91a50fbd285fed8fd5c8f3a4ef6d903d6d90ab6a6202be78769fd1
2026-04-06,2025/26,Serie A,Juventus,Genoa,2,0,5,5,10,football-data-csv,I1_2526.csv,https://www.football-data.co.uk/mmz4281/202526/I1.csv,2026-08-05 07:40:26,1067,995f62536442a96b3ab95495806e8400412d373071dfe8ebdc8454924997cc36
2026-04-06,2025/26,Serie A,Lecce,Atalanta,0,3,2,5,7,football-data-csv,I1_2526.csv,https://www.football-data.co.uk/mmz4281/202526/I1.csv,2026-08-05 07:40:26,1068,a03b1f3725fb75733b13bb5bc305197353a6827e05971a072bb7b234a7b6299d
2026-04-06,2025/26,Serie A,Napoli,Milan,1,0,4,3,7,football-data-csv,I1_2526.csv,https://www.football-data.co.uk/mmz4281/202526/I1.csv,2026-08-05 07:40:26,1069,09b628601c98ce329c597a75a2a7b4cc563e9deaa0722f4bcd004ac85214e72f
2026-04-06,2025/26,Serie A,Udinese,Como,0,0,6,2,8,football-data-csv,I1_2526.csv,https://www.football-data.co.uk/mmz4281/202526/I1.csv,2026-08-05 07:40:26,1070,87adab4f52b9c499f866337d6eb6f8ee970ce2d7e57cf5e9b4ace027361acbff
2026-04-10,2025/26,Serie A,Roma,Pisa,3,0,1,3,4,football-data-csv,I1_2526.csv,https://www.football-data.co.uk/mmz4281/202526/I1.csv,2026-08-05 07:40:26,1071,fb9e4aea367ae50ca4ea89f17bcffb3f3b78c8751df5af5d950f1f3447793ac9
2026-04-11,2025/26,Serie A,Atalanta,Juventus,0,1,13,2,15,football-data-csv,I1_2526.csv,https://www.football-data.co.uk/mmz4281/202526/I1.csv,2026-08-05 07:40:26,1072,45f5e565c281367427a56da365644a24242ea2cbc65d357e7961d77a7a00c7f5
2026-04-11,2025/26,Serie A,Cagliari,Cremonese,1,0,6,5,11,football-data-csv,I1_2526.csv,https://www.football-data.co.uk/mmz4281/202526/I1.csv,2026-08-05 07:40:26,1073,3ac75fbe75b5cf907d77dfd4fb761d5b539dfc2493c7e2077b30791275af71cf
2026-04-11,2025/26,Serie A,Milan,Udinese,0,3,4,3,7,football-data-csv,I1_2526.csv,https://www.football-data.co.uk/mmz4281/202526/I1.csv,2026-08-05 07:40:26,1074,48ef68a7e614d4c72934cd295206577e554daa5baece0dcf745d6d9a1fbf67fd
2026-04-11,2025/26,Serie A,Torino,Verona,2,1,3,6,9,football-data-csv,I1_2526.csv,https://www.football-data.co.uk/mmz4281/202526/I1.csv,2026-08-05 07:40:26,1075,4c66f7d3df188075e4a93a6e57fdd34b060be129508c6ae43437be582b9b5bce
2026-04-12,2025/26,Serie A,Bologna,Lecce,2,0,8,6,14,football-data-csv,I1_2526.csv,https://www.football-data.co.uk/mmz4281/202526/I1.csv,2026-08-05 07:40:26,1076,4dc1ae0f63ad8dcc6580bf60517d32bb4578bacc09b3358519228001aa63eb17
2026-04-12,2025/26,Serie A,Como,Inter,3,4,1,1,2,football-data-csv,I1_2526.csv,https://www.football-data.co.uk/mmz4281/202526/I1.csv,2026-08-05 07:40:26,1077,eaf7bac395239c92bf732e95ce26a17b31b8ef736a231f6cb9f0503529dce6b8
2026-04-12,2025/26,Serie A,Genoa,Sassuolo,2,1,5,3,8,football-data-csv,I1_2526.csv,https://www.football-data.co.uk/mmz4281/202526/I1.csv,2026-08-05 07:40:26,1078,7c14f011e29ab39087e8323361acd12bb0c829d56b15ae0625dcffde8cfb4096
2026-04-12,2025/26,Serie A,Parma,Napoli,1,1,3,7,10,football-data-csv,I1_2526.csv,https://www.football-data.co.uk/mmz4281/202526/I1.csv,2026-08-05 07:40:26,1079,fe4520bd8597b51d07c97eb5c22001f267d4ae1ac9050d634f14258b17d923b7
2026-04-13,2025/26,Serie A,Fiorentina,Lazio,1,0,5,6,11,football-data-csv,I1_2526.csv,https://www.football-data.co.uk/mmz4281/202526/I1.csv,2026-08-05 07:40:26,1080,91b4a069f329856a021d7e453faac410da2a7463f20c9b4a8082d64f7d1d3bf4
2026-04-17,2025/26,Serie A,Inter,Cagliari,3,0,4,9,13,football-data-csv,I1_2526.csv,https://www.football-data.co.uk/mmz4281/202526/I1.csv,2026-08-05 07:40:26,1081,de1be080889e6221b129c72bab82878d091bcf1946bea9c5ee748bfae7ddd886
2026-04-17,2025/26,Serie A,Sassuolo,Como,2,1,5,8,13,football-data-csv,I1_2526.csv,https://www.football-data.co.uk/mmz4281/202526/I1.csv,2026-08-05 07:40:26,1082,5247a2bff7490c102c1db1129281812d74ecfaefc0426ab7f5c973f4b9861aa8
2026-04-18,2025/26,Serie A,Napoli,Lazio,0,2,12,0,12,football-data-csv,I1_2526.csv,https://www.football-data.co.uk/mmz4281/202526/I1.csv,2026-08-05 07:40:26,1083,174f25e03a5769eeb36d49a2ec3c84ea01ae972fc2b9609f508017416362b547
2026-04-18,2025/26,Serie A,Roma,Atalanta,1,1,7,6,13,football-data-csv,I1_2526.csv,https://www.football-data.co.uk/mmz4281/202526/I1.csv,2026-08-05 07:40:26,1084,72b838938fc55a64ad02bc7f5ef8d5fe4ad2af70abffe3ea38dd43349257c8d7
2026-04-18,2025/26,Serie A,Udinese,Parma,0,1,10,5,15,football-data-csv,I1_2526.csv,https://www.football-data.co.uk/mmz4281/202526/I1.csv,2026-08-05 07:40:26,1085,3413d0347fbe87ecefeb7b26e0352b9e13368ff094e5bdc2817a02a6d24d2ac0
2026-04-19,2025/26,Serie A,Cremonese,Torino,0,0,6,1,7,football-data-csv,I1_2526.csv,https://www.football-data.co.uk/mmz4281/202526/I1.csv,2026-08-05 07:40:26,1086,e2fcbc574aae6d0346d72ccc8e379bfa0a2d7e1fed553c3516e17721193c5ba9
2026-04-19,2025/26,Serie A,Juventus,Bologna,2,0,6,1,7,football-data-csv,I1_2526.csv,https://www.football-data.co.uk/mmz4281/202526/I1.csv,2026-08-05 07:40:26,1087,355236eedc9bca2741ca51e36f162d2e287faf37e164b16acd4c8e1190d13338
2026-04-19,2025/26,Serie A,Pisa,Genoa,1,2,5,5,10,football-data-csv,I1_2526.csv,https://www.football-data.co.uk/mmz4281/202526/I1.csv,2026-08-05 07:40:26,1088,8a83a31c8bf5ada0e2214d5a5eb1b9486268ec2f8433b9b2112607e7626e9c23
2026-04-19,2025/26,Serie A,Verona,Milan,0,1,6,1,7,football-data-csv,I1_2526.csv,https://www.football-data.co.uk/mmz4281/202526/I1.csv,2026-08-05 07:40:26,1089,b420824e02c68c1942fa8c131cacc5f4f5b45a426481bbd5fafe539e40cd015a
2026-04-20,2025/26,Serie A,Lecce,Fiorentina,1,1,5,2,7,football-data-csv,I1_2526.csv,https://www.football-data.co.uk/mmz4281/202526/I1.csv,2026-08-05 07:40:26,1090,ef93a19e8c8c7777245750085473476db3fc03e8643e06ed51f6ae19095854f1
2026-04-24,2025/26,Serie A,Napoli,Cremonese,4,0,7,5,12,football-data-csv,I1_2526.csv,https://www.football-data.co.uk/mmz4281/202526/I1.csv,2026-08-05 07:40:26,1091,462125826dd2563f7e6f46a6f5ce55143c98b461b8128da73685342af9681b4a
2026-04-25,2025/26,Serie A,Bologna,Roma,0,2,7,7,14,football-data-csv,I1_2526.csv,https://www.football-data.co.uk/mmz4281/202526/I1.csv,2026-08-05 07:40:26,1092,c320bb8f1a5824bdabe45d7a33c3d93a256352a11229f30126292e3046f6a77e
2026-04-25,2025/26,Serie A,Parma,Pisa,1,0,7,4,11,football-data-csv,I1_2526.csv,https://www.football-data.co.uk/mmz4281/202526/I1.csv,2026-08-05 07:40:26,1093,d9f345120a6034be963bbb7c5cd0c73c2b7f45211bb649903ad8426223c1cd66
2026-04-25,2025/26,Serie A,Verona,Lecce,0,0,2,4,6,football-data-csv,I1_2526.csv,https://www.football-data.co.uk/mmz4281/202526/I1.csv,2026-08-05 07:40:26,1094,d5fa76e4232d6daa8cea6f1f458f5b61f9912e46a846584d0b56406141b031a5
2026-04-26,2025/26,Serie A,Fiorentina,Sassuolo,0,0,7,4,11,football-data-csv,I1_2526.csv,https://www.football-data.co.uk/mmz4281/202526/I1.csv,2026-08-05 07:40:26,1095,e14c92e8beee361962c0562dbe9239f6dff47816b8ef737c3a9ce14d00cb69f1
2026-04-26,2025/26,Serie A,Genoa,Como,0,2,2,3,5,football-data-csv,I1_2526.csv,https://www.football-data.co.uk/mmz4281/202526/I1.csv,2026-08-05 07:40:26,1096,cea9a3f160e53e45b3d5e20dfd51ae8b70c9c8cf97d1a03df1d15b6a02c8aca4
2026-04-26,2025/26,Serie A,Milan,Juventus,0,0,1,3,4,football-data-csv,I1_2526.csv,https://www.football-data.co.uk/mmz4281/202526/I1.csv,2026-08-05 07:40:26,1097,9553a6fb94231d6962f1b1df4cb93c58512b2bd2ff9d602fca4581de8f956840
2026-04-26,2025/26,Serie A,Torino,Inter,2,2,5,5,10,football-data-csv,I1_2526.csv,https://www.football-data.co.uk/mmz4281/202526/I1.csv,2026-08-05 07:40:26,1098,19bfdf88bc93a54e50ee751bdaaf4c5890016036ffcf691611a5002f0ff0edc6
2026-04-27,2025/26,Serie A,Cagliari,Atalanta,3,2,4,6,10,football-data-csv,I1_2526.csv,https://www.football-data.co.uk/mmz4281/202526/I1.csv,2026-08-05 07:40:26,1099,feaad2990263747b39276c9c2894da92a984fbf2dffcddc533648c1d27b89a8b
2026-04-27,2025/26,Serie A,Lazio,Udinese,3,3,4,5,9,football-data-csv,I1_2526.csv,https://www.football-data.co.uk/mmz4281/202526/I1.csv,2026-08-05 07:40:26,1100,c86c3b5a3eb243cd987db211208ed5b326cb4b69082da9ec7c2022bc49f7cb09
2026-05-01,2025/26,Serie A,Pisa,Lecce,1,2,6,1,7,football-data-csv,I1_2526.csv,https://www.football-data.co.uk/mmz4281/202526/I1.csv,2026-08-05 07:40:26,1101,4dacf6fc7b8e981aa639804c19fb1c2edb809dc4e9a4d1ae447990ad3220b8da
2026-05-02,2025/26,Serie A,Atalanta,Genoa,0,0,6,2,8,football-data-csv,I1_2526.csv,https://www.football-data.co.uk/mmz4281/202526/I1.csv,2026-08-05 07:40:26,1102,46daa1fc188b66d71ba555b79735dbb89f760951f0a30c60dfa30742e56b36ab
2026-05-02,2025/26,Serie A,Como,Napoli,0,0,3,2,5,football-data-csv,I1_2526.csv,https://www.football-data.co.uk/mmz4281/202526/I1.csv,2026-08-05 07:40:26,1103,265b78fa4e3bbfe55de60d6e0ab6d0a9251940b8b7504bbac06825fdf5a2d473
2026-05-02,2025/26,Serie A,Udinese,Torino,2,0,5,2,7,football-data-csv,I1_2526.csv,https://www.football-data.co.uk/mmz4281/202526/I1.csv,2026-08-05 07:40:26,1104,f3bd93e58080c781e374cfa916c7297275cffd3c3f412507d8effc8e1c8855f8
2026-05-03,2025/26,Serie A,Bologna,Cagliari,0,0,7,2,9,football-data-csv,I1_2526.csv,https://www.football-data.co.uk/mmz4281/202526/I1.csv,2026-08-05 07:40:26,1105,c5ed36524a30613838860e037f9db66e9240eecca434558c98cfd8368d14a7ee
2026-05-03,2025/26,Serie A,Inter,Parma,2,0,8,3,11,football-data-csv,I1_2526.csv,https://www.football-data.co.uk/mmz4281/202526/I1.csv,2026-08-05 07:40:26,1106,8e555523ac7eb30621e37c3ed06e4c6e7814b0fe6919b8434f92bb9c84057161
2026-05-03,2025/26,Serie A,Juventus,Verona,1,1,14,1,15,football-data-csv,I1_2526.csv,https://www.football-data.co.uk/mmz4281/202526/I1.csv,2026-08-05 07:40:26,1107,078af118593f62399419b62f2f90635abc999bb03adf4baff3f807eebe4c2d5e
2026-05-03,2025/26,Serie A,Sassuolo,Milan,2,0,2,3,5,football-data-csv,I1_2526.csv,https://www.football-data.co.uk/mmz4281/202526/I1.csv,2026-08-05 07:40:26,1108,b8828495df53bc3b81ee96341ae604e9e5a66ec4da8a5ed7ac271d1a8c728884
2026-05-04,2025/26,Serie A,Cremonese,Lazio,1,2,3,3,6,football-data-csv,I1_2526.csv,https://www.football-data.co.uk/mmz4281/202526/I1.csv,2026-08-05 07:40:26,1109,f08c7b0381ccd9eaeb79274fff44ffae79ecbb0093b399497df9fca2fba7a783
2026-05-04,2025/26,Serie A,Roma,Fiorentina,4,0,4,5,9,football-data-csv,I1_2526.csv,https://www.football-data.co.uk/mmz4281/202526/I1.csv,2026-08-05 07:40:26,1110,339aae93caafa87977a1e860f8b9f821e55031a0fe9689a8ddf113f5da52398f
2026-05-08,2025/26,Serie A,Torino,Sassuolo,2,1,7,5,12,football-data-csv,I1_2526.csv,https://www.football-data.co.uk/mmz4281/202526/I1.csv,2026-08-05 07:40:26,1111,484b5e43cde31135abdba4c959c33703b2f1899f3a129b9f9cf737d5b5d9f21d
2026-05-09,2025/26,Serie A,Cagliari,Udinese,0,2,8,4,12,football-data-csv,I1_2526.csv,https://www.football-data.co.uk/mmz4281/202526/I1.csv,2026-08-05 07:40:26,1112,61a374598aa59fd083a47c7e326932e3d57febfa6a1383d63a0f7adbc90d9872
2026-05-09,2025/26,Serie A,Lazio,Inter,0,3,5,1,6,football-data-csv,I1_2526.csv,https://www.football-data.co.uk/mmz4281/202526/I1.csv,2026-08-05 07:40:26,1113,a7e99154d4a8fc7d2de0a9840a1ddd6fc4b97333e02d4cb62195c7dc1e51c095
2026-05-09,2025/26,Serie A,Lecce,Juventus,0,1,1,7,8,football-data-csv,I1_2526.csv,https://www.football-data.co.uk/mmz4281/202526/I1.csv,2026-08-05 07:40:26,1114,05efa34ee5cadeddf5e1c5e3df9dde49c8337512683032c50b77e0aff360bcbc
2026-05-10,2025/26,Serie A,Cremonese,Pisa,3,0,7,1,8,football-data-csv,I1_2526.csv,https://www.football-data.co.uk/mmz4281/202526/I1.csv,2026-08-05 07:40:26,1115,1754dd8fe0d615ea4a6e74b020d0568b26fea3b8dd9d95aa2ef352fd3e0427ba
2026-05-10,2025/26,Serie A,Fiorentina,Genoa,0,0,4,3,7,football-data-csv,I1_2526.csv,https://www.football-data.co.uk/mmz4281/202526/I1.csv,2026-08-05 07:40:26,1116,b00a76c41584bc0846a94cb7c3c3be7aad4873f5b8b046b9247aeabdd8ee0ac2
2026-05-10,2025/26,Serie A,Milan,Atalanta,2,3,2,2,4,football-data-csv,I1_2526.csv,https://www.football-data.co.uk/mmz4281/202526/I1.csv,2026-08-05 07:40:26,1117,fe8bc05d9b675b1d8633e814424e0d3c3f45bee97c6763a1a539c9acf253fd51
2026-05-10,2025/26,Serie A,Parma,Roma,2,3,3,6,9,football-data-csv,I1_2526.csv,https://www.football-data.co.uk/mmz4281/202526/I1.csv,2026-08-05 07:40:26,1118,2b3742382d71d0b5a3a3b49f71005dd138668c66d8b7920599f3f0ce9fe67def
2026-05-10,2025/26,Serie A,Verona,Como,0,1,7,7,14,football-data-csv,I1_2526.csv,https://www.football-data.co.uk/mmz4281/202526/I1.csv,2026-08-05 07:40:26,1119,d893cd25d3dd38c19c9aeed8f58b60779b2707aa07aa8b3cd998a6428c970024
2026-05-11,2025/26,Serie A,Napoli,Bologna,2,3,7,1,8,football-data-csv,I1_2526.csv,https://www.football-data.co.uk/mmz4281/202526/I1.csv,2026-08-05 07:40:26,1120,f8b81d928fa735bee261b25dcc52341e6df875d25098610097d959dbaff6d47b
2026-05-17,2025/26,Serie A,Atalanta,Bologna,0,1,2,5,7,football-data-csv,I1_2526.csv,https://www.football-data.co.uk/mmz4281/202526/I1.csv,2026-08-05 07:40:26,1121,f06612e166e26180878a7e971fd03036eb090384448894bf7b7530fce8844d1e
2026-05-17,2025/26,Serie A,Cagliari,Torino,2,1,5,1,6,football-data-csv,I1_2526.csv,https://www.football-data.co.uk/mmz4281/202526/I1.csv,2026-08-05 07:40:26,1122,7b0b0fe6569463dfc8a1e1b42ba0c35f6e23360724672258a60abca3964881d7
2026-05-17,2025/26,Serie A,Como,Parma,1,0,15,2,17,football-data-csv,I1_2526.csv,https://www.football-data.co.uk/mmz4281/202526/I1.csv,2026-08-05 07:40:26,1123,6b97ca38cacce351043ff8dad06db9e3a111a0906a3e51457a703f8f415e6790
2026-05-17,2025/26,Serie A,Genoa,Milan,1,2,4,4,8,football-data-csv,I1_2526.csv,https://www.football-data.co.uk/mmz4281/202526/I1.csv,2026-08-05 07:40:26,1124,db06c8c614bfe829cd397565ad7fff20203bd689531d51061eb43b8a9b65ba26
2026-05-17,2025/26,Serie A,Inter,Verona,1,1,10,2,12,football-data-csv,I1_2526.csv,https://www.football-data.co.uk/mmz4281/202526/I1.csv,2026-08-05 07:40:26,1125,1b0226c8add36fd9cee439df4293bba279839381cb3cdba8251a78cebe6cf690
2026-05-17,2025/26,Serie A,Juventus,Fiorentina,0,2,6,2,8,football-data-csv,I1_2526.csv,https://www.football-data.co.uk/mmz4281/202526/I1.csv,2026-08-05 07:40:26,1126,aff651d5f4617db9c65bd97a349cad43adfe2b0acae502f1bb9736a6896efe31
2026-05-17,2025/26,Serie A,Pisa,Napoli,0,3,1,6,7,football-data-csv,I1_2526.csv,https://www.football-data.co.uk/mmz4281/202526/I1.csv,2026-08-05 07:40:26,1127,ddc0f7a7f796d3b49044729d97948f5c23c92242eaf6542fa035d80f8b078cfb
2026-05-17,2025/26,Serie A,Roma,Lazio,2,0,8,3,11,football-data-csv,I1_2526.csv,https://www.football-data.co.uk/mmz4281/202526/I1.csv,2026-08-05 07:40:26,1128,3e94adbba25c6c83b7e0682ea0769496f715fd9cba9bc80587df403104ed2d2a
2026-05-17,2025/26,Serie A,Sassuolo,Lecce,2,3,2,8,10,football-data-csv,I1_2526.csv,https://www.football-data.co.uk/mmz4281/202526/I1.csv,2026-08-05 07:40:26,1129,c62c6ec8c9b55a30c01b034523a85b203638b187c7e90919175cbf5338f06fcb
2026-05-17,2025/26,Serie A,Udinese,Cremonese,0,1,5,5,10,football-data-csv,I1_2526.csv,https://www.football-data.co.uk/mmz4281/202526/I1.csv,2026-08-05 07:40:26,1130,a9e7802ed6a1fcc7ce9134a8bcf041c06153aceb60d312b8b79d99a09321b185
2026-05-22,2025/26,Serie A,Fiorentina,Atalanta,1,1,3,3,6,football-data-csv,I1_2526.csv,https://www.football-data.co.uk/mmz4281/202526/I1.csv,2026-08-05 07:40:26,1131,01dcdada0a841c94dda7a9d7a47662563373ef11b0c21d084ee4544d28aa6ed6
2026-05-23,2025/26,Serie A,Bologna,Inter,3,3,1,4,5,football-data-csv,I1_2526.csv,https://www.football-data.co.uk/mmz4281/202526/I1.csv,2026-08-05 07:40:26,1132,aa96f2753e9c0a31592efaff5fbc958aed71ac03af13ed747cca93fec7c284ca
2026-05-23,2025/26,Serie A,Lazio,Pisa,2,1,5,1,6,football-data-csv,I1_2526.csv,https://www.football-data.co.uk/mmz4281/202526/I1.csv,2026-08-05 07:40:26,1133,0eafa41af0f2bb4d99bf15ac901bc6fd44798ee542c9aa14bd4de8715a806f04
2026-05-24,2025/26,Serie A,Cremonese,Como,1,4,2,4,6,football-data-csv,I1_2526.csv,https://www.football-data.co.uk/mmz4281/202526/I1.csv,2026-08-05 07:40:26,1134,0ccb980deef46942d63a27653421f83635f07996b8e1f9e68967624eaa9efe73
2026-05-24,2025/26,Serie A,Lecce,Genoa,1,0,1,6,7,football-data-csv,I1_2526.csv,https://www.football-data.co.uk/mmz4281/202526/I1.csv,2026-08-05 07:40:26,1135,808d63fa4d992745252a3441068eeb225112b8fbc7da02732ba62fd4d8bbca98
2026-05-24,2025/26,Serie A,Milan,Cagliari,1,2,5,5,10,football-data-csv,I1_2526.csv,https://www.football-data.co.uk/mmz4281/202526/I1.csv,2026-08-05 07:40:26,1136,ece861188314cfda627ced2e7e83a4fdb6a0268eb1da9ed0d19bbd706e74673e
2026-05-24,2025/26,Serie A,Napoli,Udinese,1,0,3,3,6,football-data-csv,I1_2526.csv,https://www.football-data.co.uk/mmz4281/202526/I1.csv,2026-08-05 07:40:26,1137,33c1fedcf3a7a1ccffcd3f003ca520a4cf33dc5bd6061bc00498a2036b5a2e02
2026-05-24,2025/26,Serie A,Parma,Sassuolo,1,0,1,1,2,football-data-csv,I1_2526.csv,https://www.football-data.co.uk/mmz4281/202526/I1.csv,2026-08-05 07:40:26,1138,50718b52f586360e451a74e5a4612db19b1d93e6b6f630d902595919ec905f7b
2026-05-24,2025/26,Serie A,Torino,Juventus,2,2,6,6,12,football-data-csv,I1_2526.csv,https://www.football-data.co.uk/mmz4281/202526/I1.csv,2026-08-05 07:40:26,1139,3359a8a89a3071135f468806491c95448bc7ecf06a5bc9edfa55aa1d86eebf18
2026-05-24,2025/26,Serie A,Verona,Roma,0,2,6,6,12,football-data-csv,I1_2526.csv,https://www.football-data.co.uk/mmz4281/202526/I1.csv,2026-08-05 07:40:26,1140,c91b5380e968a8b985d6bd6797b10f92912078048ba0c5dd1216c8dcc2df96fc
