date,season,competition,home_team,away_team,home_goals,away_goals,home_corners,away_corners,total_corners,source,source_file_name,source_url,import_date,fixture_id,row_hash
2023-08-19,2023/24,Serie A,Empoli,Verona,0,1,2,4,6,football-data-csv,I1_2324.csv,https://www.football-data.co.uk/mmz4281/202324/I1.csv,2026-08-04 21:38:15,1,12727bc3ad6d76f8231b39c195441a58602ef01222cee67684c4d3b031589faa
2023-08-19,2023/24,Serie A,Frosinone,Napoli,1,3,4,6,10,football-data-csv,I1_2324.csv,https://www.football-data.co.uk/mmz4281/202324/I1.csv,2026-08-04 21:38:15,2,48dfbe79df459c533f3c2c06bb9a8b76838dd7c2e38056ad1be358ba1928dbb7
2023-08-19,2023/24,Serie A,Genoa,Fiorentina,1,4,3,4,7,football-data-csv,I1_2324.csv,https://www.football-data.co.uk/mmz4281/202324/I1.csv,2026-08-04 21:38:15,3,798ba878480814109095bef52972873268130c17fb17e6d1d5f1ee3c831bcf08
2023-08-19,2023/24,Serie A,Inter,Monza,2,0,8,3,11,football-data-csv,I1_2324.csv,https://www.football-data.co.uk/mmz4281/202324/I1.csv,2026-08-04 21:38:15,4,92b71492c09b6c4eba3d8047765d2737d89229e6105f0301fb2630c28d41ccd2
2023-08-20,2023/24,Serie A,Lecce,Lazio,2,1,5,2,7,football-data-csv,I1_2324.csv,https://www.football-data.co.uk/mmz4281/202324/I1.csv,2026-08-04 21:38:15,5,89e55620abc354900df8a4f0088fb99e32f5d0fd585d2d4d868f71d852cdce40
2023-08-20,2023/24,Serie A,Roma,Salernitana,2,2,9,1,10,football-data-csv,I1_2324.csv,https://www.football-data.co.uk/mmz4281/202324/I1.csv,2026-08-04 21:38:15,6,9bf45a5dc295d36ac0c4070e3ef4dbbbf52c3744f03bb679853b58969e63668d
2023-08-20,2023/24,Serie A,Sassuolo,Atalanta,0,2,7,7,14,football-data-csv,I1_2324.csv,https://www.football-data.co.uk/mmz4281/202324/I1.csv,2026-08-04 21:38:15,7,86eb70d6972037dc13c3b40fababb3ee465c0bbad71db48ba7cc592aba48c24c
2023-08-20,2023/24,Serie A,Udinese,Juventus,0,3,7,3,10,football-data-csv,I1_2324.csv,https://www.football-data.co.uk/mmz4281/202324/I1.csv,2026-08-04 21:38:15,8,c5dd04e81624a2ad4ee22f1e0fb965361b43cd57bd3213fe9d4b0559594779f1
2023-08-21,2023/24,Serie A,Bologna,Milan,0,2,3,6,9,football-data-csv,I1_2324.csv,https://www.football-data.co.uk/mmz4281/202324/I1.csv,2026-08-04 21:38:15,9,23322c266d0b16b598d217e5cf19c50295f78fece4ff278a2fb23f26799c891d
2023-08-21,2023/24,Serie A,Torino,Cagliari,0,0,8,3,11,football-data-csv,I1_2324.csv,https://www.football-data.co.uk/mmz4281/202324/I1.csv,2026-08-04 21:38:15,10,4b7adfae6f8d008baccd37c7a0cf517594e4f15540b3dbac487ac7432b2506a2
2023-08-26,2023/24,Serie A,Frosinone,Atalanta,2,1,3,7,10,football-data-csv,I1_2324.csv,https://www.football-data.co.uk/mmz4281/202324/I1.csv,2026-08-04 21:38:15,11,3a6445ecc682114a4e5ada0816e73dbd0026e647da9a6899a7e0913116b86a15
2023-08-26,2023/24,Serie A,Milan,Torino,4,1,2,1,3,football-data-csv,I1_2324.csv,https://www.football-data.co.uk/mmz4281/202324/I1.csv,2026-08-04 21:38:15,12,74e670852b449d02b3d9e661c9d7404384deb1f6cbbe68d1fa9d4c2062604063
2023-08-26,2023/24,Serie A,Monza,Empoli,2,0,6,5,11,football-data-csv,I1_2324.csv,https://www.football-data.co.uk/mmz4281/202324/I1.csv,2026-08-04 21:38:15,13,ee9ddf334495489cdf9484ca8d0b29cfc94a80f1c68d1a8e636b922f1931a4e9
2023-08-26,2023/24,Serie A,Verona,Roma,2,1,1,12,13,football-data-csv,I1_2324.csv,https://www.football-data.co.uk/mmz4281/202324/I1.csv,2026-08-04 21:38:15,14,54d8d2805d44f5d65ec81ed4690e574441511bcde77e08be3f60e587ab8d532f
2023-08-27,2023/24,Serie A,Fiorentina,Lecce,2,2,3,3,6,football-data-csv,I1_2324.csv,https://www.football-data.co.uk/mmz4281/202324/I1.csv,2026-08-04 21:38:15,15,3e66ba8cbd0211bd54b03f6f7c5342aa6457cad9a9390c4729bb78d50084d8f7
2023-08-27,2023/24,Serie A,Juventus,Bologna,1,1,5,1,6,football-data-csv,I1_2324.csv,https://www.football-data.co.uk/mmz4281/202324/I1.csv,2026-08-04 21:38:15,16,8ac0390fd7c9c4e3417b8031e828b7e0a5bc84f460c587ad5c839456b2ee18fd
2023-08-27,2023/24,Serie A,Lazio,Genoa,0,1,15,1,16,football-data-csv,I1_2324.csv,https://www.football-data.co.uk/mmz4281/202324/I1.csv,2026-08-04 21:38:15,17,3e60b40d7c8a41559c5861098e4fb3c6db9b3e78652521eefaf23f663e15d023
2023-08-27,2023/24,Serie A,Napoli,Sassuolo,2,0,12,4,16,football-data-csv,I1_2324.csv,https://www.football-data.co.uk/mmz4281/202324/I1.csv,2026-08-04 21:38:15,18,63e7f16b2ffe40a503eacb1c946bb265dad0d5bcc040c6d6919339660860259d
2023-08-28,2023/24,Serie A,Cagliari,Inter,0,2,4,7,11,football-data-csv,I1_2324.csv,https://www.football-data.co.uk/mmz4281/202324/I1.csv,2026-08-04 21:38:15,19,0dc0390799c22ca6c698305922151562aad5592ed87d96dbb269cd2fe7d362c1
2023-08-28,2023/24,Serie A,Salernitana,Udinese,1,1,7,5,12,football-data-csv,I1_2324.csv,https://www.football-data.co.uk/mmz4281/202324/I1.csv,2026-08-04 21:38:15,20,7d5e501533fc9c46d9467fce77f546ffc94de7be51892041e81c32f1352cd8c5
2023-09-01,2023/24,Serie A,Roma,Milan,1,2,3,5,8,football-data-csv,I1_2324.csv,https://www.football-data.co.uk/mmz4281/202324/I1.csv,2026-08-04 21:38:15,21,c91a7300e8f4658d01f4ec0ae4de06628d0b7bca3626bb5b553feb915c7a896a
2023-09-01,2023/24,Serie A,Sassuolo,Verona,3,1,10,1,11,football-data-csv,I1_2324.csv,https://www.football-data.co.uk/mmz4281/202324/I1.csv,2026-08-04 21:38:15,22,57cb9f8e8c4a317c38793c749e0f5a25e41bddce11a7711323dc0028abe762ed
2023-09-02,2023/24,Serie A,Atalanta,Monza,3,0,7,3,10,football-data-csv,I1_2324.csv,https://www.football-data.co.uk/mmz4281/202324/I1.csv,2026-08-04 21:38:15,23,4f01954c87cf5eb85f0d1e294c515818c07bb3715ba1d9db41d2fe1099d3514a
2023-09-02,2023/24,Serie A,Bologna,Cagliari,2,1,5,2,7,football-data-csv,I1_2324.csv,https://www.football-data.co.uk/mmz4281/202324/I1.csv,2026-08-04 21:38:15,24,890ffbc7f9456f7ff4196a1deba821962e5025e97916a6ed2761ae6eaee29eb4
2023-09-02,2023/24,Serie A,Napoli,Lazio,1,2,7,2,9,football-data-csv,I1_2324.csv,https://www.football-data.co.uk/mmz4281/202324/I1.csv,2026-08-04 21:38:15,25,8684c018f6bef09934dd518033c1675377ca52bc5522cc630ba78359810d1668
2023-09-02,2023/24,Serie A,Udinese,Frosinone,0,0,3,5,8,football-data-csv,I1_2324.csv,https://www.football-data.co.uk/mmz4281/202324/I1.csv,2026-08-04 21:38:15,26,41d61df561acf8498daa2450e5830e0a7a42f61c544f535efa123a2eaa789d6e
2023-09-03,2023/24,Serie A,Empoli,Juventus,0,2,3,7,10,football-data-csv,I1_2324.csv,https://www.football-data.co.uk/mmz4281/202324/I1.csv,2026-08-04 21:38:15,27,d32e01457544b4565532ad61715efde569160d8bd35b702b4a3319f60acd550d
2023-09-03,2023/24,Serie A,Inter,Fiorentina,4,0,1,1,2,football-data-csv,I1_2324.csv,https://www.football-data.co.uk/mmz4281/202324/I1.csv,2026-08-04 21:38:15,28,17bbf0c2eb2b0675ec50182f5a8d45ca64b4c35ce6a622f0764d766b308c4954
2023-09-03,2023/24,Serie A,Lecce,Salernitana,2,0,6,5,11,football-data-csv,I1_2324.csv,https://www.football-data.co.uk/mmz4281/202324/I1.csv,2026-08-04 21:38:15,29,19233ff4f55cf45b24a199dfb0ba40f80aa194da58e1235e65797d1b3e3fd1a5
2023-09-03,2023/24,Serie A,Torino,Genoa,1,0,4,0,4,football-data-csv,I1_2324.csv,https://www.football-data.co.uk/mmz4281/202324/I1.csv,2026-08-04 21:38:15,30,3f2533d0387e31c4ff73709ec7700d7b8947264123be156820fdcc504e1cf0c9
2023-09-16,2023/24,Serie A,Genoa,Napoli,2,2,3,1,4,football-data-csv,I1_2324.csv,https://www.football-data.co.uk/mmz4281/202324/I1.csv,2026-08-04 21:38:15,31,d97f4d9d6c4abc5cdf4f82ae69b352229de05a75707e52eb9fad7c636363a327
2023-09-16,2023/24,Serie A,Inter,Milan,5,1,5,0,5,football-data-csv,I1_2324.csv,https://www.football-data.co.uk/mmz4281/202324/I1.csv,2026-08-04 21:38:15,32,2ccf9d99601c6dff5260124645d8bbfdd73a19c2a805315a3820b4ec3e482421
2023-09-16,2023/24,Serie A,Juventus,Lazio,3,1,7,9,16,football-data-csv,I1_2324.csv,https://www.football-data.co.uk/mmz4281/202324/I1.csv,2026-08-04 21:38:15,33,826d44a6c06fff34ef025d88bad5ddc5284252893e066063908b88b2b008d13e
2023-09-17,2023/24,Serie A,Cagliari,Udinese,0,0,4,6,10,football-data-csv,I1_2324.csv,https://www.football-data.co.uk/mmz4281/202324/I1.csv,2026-08-04 21:38:15,34,a4d34fa46534bc30ce665e174385bf500b2f52f2014a1e7eb3beb870ecab25f1
2023-09-17,2023/24,Serie A,Fiorentina,Atalanta,3,2,3,4,7,football-data-csv,I1_2324.csv,https://www.football-data.co.uk/mmz4281/202324/I1.csv,2026-08-04 21:38:15,35,63787812d7542af65ab7f8c4fac8868fcfb762791311113537bfae00626c1b9e
2023-09-17,2023/24,Serie A,Frosinone,Sassuolo,4,2,5,6,11,football-data-csv,I1_2324.csv,https://www.football-data.co.uk/mmz4281/202324/I1.csv,2026-08-04 21:38:15,36,ea92c6a6c251dec09f767928fa65c5eb41d08de6ab862bb09da6ca78f8e7d62f
2023-09-17,2023/24,Serie A,Monza,Lecce,1,1,10,1,11,football-data-csv,I1_2324.csv,https://www.football-data.co.uk/mmz4281/202324/I1.csv,2026-08-04 21:38:15,37,ff49954f703d1912e14a782209316d5589bdfd17114ce5a357375a772d8bf6b4
2023-09-17,2023/24,Serie A,Roma,Empoli,7,0,2,6,8,football-data-csv,I1_2324.csv,https://www.football-data.co.uk/mmz4281/202324/I1.csv,2026-08-04 21:38:15,38,2633900635a1b9a80d140b6331df7a26368364adc94df31ec8941e044deafd0d
2023-09-18,2023/24,Serie A,Salernitana,Torino,0,3,1,2,3,football-data-csv,I1_2324.csv,https://www.football-data.co.uk/mmz4281/202324/I1.csv,2026-08-04 21:38:15,39,3abe331759de0236c6c6048ad0800ddddaaba5dd51c67a9fb99530c44f94f6cb
2023-09-18,2023/24,Serie A,Verona,Bologna,0,0,3,4,7,football-data-csv,I1_2324.csv,https://www.football-data.co.uk/mmz4281/202324/I1.csv,2026-08-04 21:38:15,40,bf73e19b99caf7afa1ef7d419008bbcec2376de866950f92f5b5f7b3448142e4
2023-09-22,2023/24,Serie A,Lecce,Genoa,1,0,4,3,7,football-data-csv,I1_2324.csv,https://www.football-data.co.uk/mmz4281/202324/I1.csv,2026-08-04 21:38:15,41,2ded5bfc8502f2d646bb99a96900f6f6ba6a49914f0adeb1edb49ebc9174e9c3
2023-09-22,2023/24,Serie A,Salernitana,Frosinone,1,1,8,6,14,football-data-csv,I1_2324.csv,https://www.football-data.co.uk/mmz4281/202324/I1.csv,2026-08-04 21:38:15,42,79eaf0d112ce3d4a2f7dfe496e9ca192a7281c4006e7e6d8af5bbbebd56d7dd3
2023-09-23,2023/24,Serie A,Lazio,Monza,1,1,1,3,4,football-data-csv,I1_2324.csv,https://www.football-data.co.uk/mmz4281/202324/I1.csv,2026-08-04 21:38:15,43,ffbc6e9366cd5f80b415f18cbb589edce2eb1ef3f8026069cdc35ecc5f4d2f51
2023-09-23,2023/24,Serie A,Milan,Verona,1,0,2,3,5,football-data-csv,I1_2324.csv,https://www.football-data.co.uk/mmz4281/202324/I1.csv,2026-08-04 21:38:15,44,42a75f69b806bdbfbccb0fd0554f633252d677c518ef1b141e2afcdf2ae72531
2023-09-23,2023/24,Serie A,Sassuolo,Juventus,4,2,6,3,9,football-data-csv,I1_2324.csv,https://www.football-data.co.uk/mmz4281/202324/I1.csv,2026-08-04 21:38:15,45,511786cd8bb9767fcc201ed6ea289667453fe263e1b9057cb3ea68bfdb977990
2023-09-24,2023/24,Serie A,Atalanta,Cagliari,2,0,7,7,14,football-data-csv,I1_2324.csv,https://www.football-data.co.uk/mmz4281/202324/I1.csv,2026-08-04 21:38:15,46,ce26a42997dacde8f26866097f430c84488fac9663426be9c251124fcab8225c
2023-09-24,2023/24,Serie A,Bologna,Napoli,0,0,5,5,10,football-data-csv,I1_2324.csv,https://www.football-data.co.uk/mmz4281/202324/I1.csv,2026-08-04 21:38:15,47,b93d5ed27a637de4a63c75bbed92cd7a3143a816e99efec6a3265fb4daa8ee83
2023-09-24,2023/24,Serie A,Empoli,Inter,0,1,3,6,9,football-data-csv,I1_2324.csv,https://www.football-data.co.uk/mmz4281/202324/I1.csv,2026-08-04 21:38:15,48,7603052b76a52ac8f5b1a9c90cda9199381bf87011c219800188b9b155f5701b
2023-09-24,2023/24,Serie A,Torino,Roma,1,1,7,1,8,football-data-csv,I1_2324.csv,https://www.football-data.co.uk/mmz4281/202324/I1.csv,2026-08-04 21:38:15,49,8fa59e1d7cb621d1e4000158102e98489a20645e32c2e2d733f0cbe764b06595
2023-09-24,2023/24,Serie A,Udinese,Fiorentina,0,2,10,3,13,football-data-csv,I1_2324.csv,https://www.football-data.co.uk/mmz4281/202324/I1.csv,2026-08-04 21:38:15,50,8d558cfadabeb5951deb857af5cf3aba5c4f1f1a7a3fa73333f061dcc701c96a
2023-09-26,2023/24,Serie A,Juventus,Lecce,1,0,5,1,6,football-data-csv,I1_2324.csv,https://www.football-data.co.uk/mmz4281/202324/I1.csv,2026-08-04 21:38:15,51,037b345cde9df878595eb5f7e1fc475b2bdc5b9cd0a01415c8cb75b6d4957b06
2023-09-27,2023/24,Serie A,Cagliari,Milan,1,3,3,5,8,football-data-csv,I1_2324.csv,https://www.football-data.co.uk/mmz4281/202324/I1.csv,2026-08-04 21:38:15,52,6d851d7d69264a6677237832480bb5e3c439d39ea9a2be2a693e23bd8b550238
2023-09-27,2023/24,Serie A,Empoli,Salernitana,1,0,10,2,12,football-data-csv,I1_2324.csv,https://www.football-data.co.uk/mmz4281/202324/I1.csv,2026-08-04 21:38:15,53,0d05d80a0417b1de2c882147b00a8bcf80112984f76f453f8080f53bd9d7c39e
2023-09-27,2023/24,Serie A,Inter,Sassuolo,1,2,8,6,14,football-data-csv,I1_2324.csv,https://www.football-data.co.uk/mmz4281/202324/I1.csv,2026-08-04 21:38:15,54,4b32692ef9c74c317643818a27fb43e361345b7ca16d82b780a52ff247e9b29d
2023-09-27,2023/24,Serie A,Lazio,Torino,2,0,4,2,6,football-data-csv,I1_2324.csv,https://www.football-data.co.uk/mmz4281/202324/I1.csv,2026-08-04 21:38:15,55,f7b4af84ee3d19bd0b38e31c25be29b24407a92484c5dfd5d2b23839319734ee
2023-09-27,2023/24,Serie A,Napoli,Udinese,4,1,8,4,12,football-data-csv,I1_2324.csv,https://www.football-data.co.uk/mmz4281/202324/I1.csv,2026-08-04 21:38:15,56,22e094ac41740201dde913805fd613f19d619f39b0aa058a3f082c5ec3bc67e6
2023-09-27,2023/24,Serie A,Verona,Atalanta,0,1,4,1,5,football-data-csv,I1_2324.csv,https://www.football-data.co.uk/mmz4281/202324/I1.csv,2026-08-04 21:38:15,57,83ab9d42ebadb34d1b7efac93d93ff0566512ee4ce09731b35a5df4a6a3eb05f
2023-09-28,2023/24,Serie A,Frosinone,Fiorentina,1,1,8,10,18,football-data-csv,I1_2324.csv,https://www.football-data.co.uk/mmz4281/202324/I1.csv,2026-08-04 21:38:15,58,ed16dc5e6f0c17d558017bd52664aa137e41259b817250256bf137c10b0b8615
2023-09-28,2023/24,Serie A,Genoa,Roma,4,1,1,7,8,football-data-csv,I1_2324.csv,https://www.football-data.co.uk/mmz4281/202324/I1.csv,2026-08-04 21:38:15,59,0ccfafe9e8898c33afe1d532c347b43ee66e74ec4c73deb3d4f05535cd6a1bbf
2023-09-28,2023/24,Serie A,Monza,Bologna,0,0,7,5,12,football-data-csv,I1_2324.csv,https://www.football-data.co.uk/mmz4281/202324/I1.csv,2026-08-04 21:38:15,60,aa8aa2b4fb73c9c2c895bf44a4be79836233c8abf92fbdfc0df75338cb34ec07
2023-09-30,2023/24,Serie A,Lecce,Napoli,0,4,3,7,10,football-data-csv,I1_2324.csv,https://www.football-data.co.uk/mmz4281/202324/I1.csv,2026-08-04 21:38:15,61,fc73ca5886ca9294766cb62e7367d7d3e84c37dd13460d2514c2686f1e84b8b1
2023-09-30,2023/24,Serie A,Milan,Lazio,2,0,7,1,8,football-data-csv,I1_2324.csv,https://www.football-data.co.uk/mmz4281/202324/I1.csv,2026-08-04 21:38:15,62,f13b39a0d47c82b7788c2fa04a3666fc17e88a57dd24630e74d5169a6afbfc36
2023-09-30,2023/24,Serie A,Salernitana,Inter,0,4,3,3,6,football-data-csv,I1_2324.csv,https://www.football-data.co.uk/mmz4281/202324/I1.csv,2026-08-04 21:38:15,63,4ba3b4cdefebd94bde30ca23071e6bb5531d8001551f00f9d84de2e0cc31f3a8
2023-10-01,2023/24,Serie A,Atalanta,Juventus,0,0,5,2,7,football-data-csv,I1_2324.csv,https://www.football-data.co.uk/mmz4281/202324/I1.csv,2026-08-04 21:38:15,64,e55f9a0b9769879eb95529bdbb1393cc6636907b1b7048ef32416f8ee4ff4c1e
2023-10-01,2023/24,Serie A,Bologna,Empoli,3,0,2,6,8,football-data-csv,I1_2324.csv,https://www.football-data.co.uk/mmz4281/202324/I1.csv,2026-08-04 21:38:15,65,645f66a1db325348e021a0248506bebc7dafcbdc813e093c8c47549b689d5c60
2023-10-01,2023/24,Serie A,Roma,Frosinone,2,0,7,3,10,football-data-csv,I1_2324.csv,https://www.football-data.co.uk/mmz4281/202324/I1.csv,2026-08-04 21:38:15,66,3f07ac3ec5c1149ce74bc02b45925426dafbac00cdad31382a33a1d183df7db7
2023-10-01,2023/24,Serie A,Udinese,Genoa,2,2,5,0,5,football-data-csv,I1_2324.csv,https://www.football-data.co.uk/mmz4281/202324/I1.csv,2026-08-04 21:38:15,67,e285840c753a529e3760f9ead6ce9c1154d420fed301bc8ab96b384e4124bc0a
2023-10-02,2023/24,Serie A,Fiorentina,Cagliari,3,0,4,2,6,football-data-csv,I1_2324.csv,https://www.football-data.co.uk/mmz4281/202324/I1.csv,2026-08-04 21:38:15,68,76997cad6a6d520da29eb88dc7d410c651b9d68d095c245f3e7cbd00b7be70fe
2023-10-02,2023/24,Serie A,Sassuolo,Monza,0,1,7,4,11,football-data-csv,I1_2324.csv,https://www.football-data.co.uk/mmz4281/202324/I1.csv,2026-08-04 21:38:15,69,d0a85680f035a147f0d9ae06723f22d3e9a0b18ccf79d1d1dd86123345204dee
2023-10-02,2023/24,Serie A,Torino,Verona,0,0,10,1,11,football-data-csv,I1_2324.csv,https://www.football-data.co.uk/mmz4281/202324/I1.csv,2026-08-04 21:38:15,70,57c046d2bfbe8197ebf5cb3d161c0791bda702c512046f4afeba774300ee5234
2023-10-06,2023/24,Serie A,Empoli,Udinese,0,0,5,7,12,football-data-csv,I1_2324.csv,https://www.football-data.co.uk/mmz4281/202324/I1.csv,2026-08-04 21:38:15,71,e342ff60c5a97f993ce269d0d035dc9eed9ba8bb8f57bc4bdf5e92bd7e956fa9
2023-10-06,2023/24,Serie A,Lecce,Sassuolo,1,1,5,3,8,football-data-csv,I1_2324.csv,https://www.football-data.co.uk/mmz4281/202324/I1.csv,2026-08-04 21:38:15,72,052b47c433bef106ab10eefa9c8e5b624ece6a28890b0661473b12b80ce9646f
2023-10-07,2023/24,Serie A,Genoa,Milan,0,1,3,2,5,football-data-csv,I1_2324.csv,https://www.football-data.co.uk/mmz4281/202324/I1.csv,2026-08-04 21:38:15,73,56553ae45a19d2c789d69f1d1921d142907023ca13527c14fc1ca1a3a70ad10f
2023-10-07,2023/24,Serie A,Inter,Bologna,2,2,7,7,14,football-data-csv,I1_2324.csv,https://www.football-data.co.uk/mmz4281/202324/I1.csv,2026-08-04 21:38:15,74,ed483bccf8338cc361eae38773b529af3fb5d70063d035c56330a9cf1e82f398
2023-10-07,2023/24,Serie A,Juventus,Torino,2,0,7,3,10,football-data-csv,I1_2324.csv,https://www.football-data.co.uk/mmz4281/202324/I1.csv,2026-08-04 21:38:15,75,7d14869999ec853ae2114cb6f0e9be265c79da0a91ac006201c1a67550c37674
2023-10-08,2023/24,Serie A,Cagliari,Roma,1,4,4,3,7,football-data-csv,I1_2324.csv,https://www.football-data.co.uk/mmz4281/202324/I1.csv,2026-08-04 21:38:15,76,aad6baa1be665208252bc53454529ebaa6f3defca55986e169dcef3838e71304
2023-10-08,2023/24,Serie A,Frosinone,Verona,2,1,2,4,6,football-data-csv,I1_2324.csv,https://www.football-data.co.uk/mmz4281/202324/I1.csv,2026-08-04 21:38:15,77,3f21c866a8cd3c09e490ce9fc6ef75a49e5fb3c6af5e3fa807bbb04c0b0c5302
2023-10-08,2023/24,Serie A,Lazio,Atalanta,3,2,4,6,10,football-data-csv,I1_2324.csv,https://www.football-data.co.uk/mmz4281/202324/I1.csv,2026-08-04 21:38:15,78,f5b72e5fa57ab2aca5687c10ab0aee507317d3220ef6ba5833f75cbf586540da
2023-10-08,2023/24,Serie A,Monza,Salernitana,3,0,7,7,14,football-data-csv,I1_2324.csv,https://www.football-data.co.uk/mmz4281/202324/I1.csv,2026-08-04 21:38:15,79,872bd57a88237ec0b5b2b520de9737d008fbedff041b3c071dde5df2d492f2d5
2023-10-08,2023/24,Serie A,Napoli,Fiorentina,1,3,6,4,10,football-data-csv,I1_2324.csv,https://www.football-data.co.uk/mmz4281/202324/I1.csv,2026-08-04 21:38:15,80,c1565812e617d6307b590cdddc8471b86c56ecd595efbdf532ec0dcc5d366ed5
2023-10-21,2023/24,Serie A,Sassuolo,Lazio,0,2,5,7,12,football-data-csv,I1_2324.csv,https://www.football-data.co.uk/mmz4281/202324/I1.csv,2026-08-04 21:38:15,81,ee6702074b404e90497867e552f89f9ef3f0e5095a5e41c4d48c73c18188f359
2023-10-21,2023/24,Serie A,Torino,Inter,0,3,2,4,6,football-data-csv,I1_2324.csv,https://www.football-data.co.uk/mmz4281/202324/I1.csv,2026-08-04 21:38:15,82,20ec7ca86a63ea87669bf12072368cca7a405692a41398853547a42bf764f34a
2023-10-21,2023/24,Serie A,Verona,Napoli,1,3,5,8,13,football-data-csv,I1_2324.csv,https://www.football-data.co.uk/mmz4281/202324/I1.csv,2026-08-04 21:38:15,83,aaa62b2751c7c24a7a87c69f5edab4b2e75f48be03be486a629681c043080ceb
2023-10-22,2023/24,Serie A,Atalanta,Genoa,2,0,8,4,12,football-data-csv,I1_2324.csv,https://www.football-data.co.uk/mmz4281/202324/I1.csv,2026-08-04 21:38:15,84,6718f051542e236b231adde61fad8f55d33154f091dc14cf7b847537928b7585
2023-10-22,2023/24,Serie A,Bologna,Frosinone,2,1,4,5,9,football-data-csv,I1_2324.csv,https://www.football-data.co.uk/mmz4281/202324/I1.csv,2026-08-04 21:38:15,85,99a9764d2e8d5c83bec799503669fcfc537c2ad2a7b6255c034190e160eb26ee
2023-10-22,2023/24,Serie A,Milan,Juventus,0,1,6,3,9,football-data-csv,I1_2324.csv,https://www.football-data.co.uk/mmz4281/202324/I1.csv,2026-08-04 21:38:15,86,6770e9b2e4c78e638a85f65675284d9b99c475b0bccb738a0d20ceabade71fa3
2023-10-22,2023/24,Serie A,Roma,Monza,1,0,8,5,13,football-data-csv,I1_2324.csv,https://www.football-data.co.uk/mmz4281/202324/I1.csv,2026-08-04 21:38:15,87,a8b616f0c9da8213047f35f743dcbc29a93f4fa4559bb53986fc737a1298e156
2023-10-22,2023/24,Serie A,Salernitana,Cagliari,2,2,8,5,13,football-data-csv,I1_2324.csv,https://www.football-data.co.uk/mmz4281/202324/I1.csv,2026-08-04 21:38:15,88,e020d659a4b411a1b4beac576b97324e524aad705fcf2bb859da109fabfa68ee
2023-10-23,2023/24,Serie A,Fiorentina,Empoli,0,2,13,3,16,football-data-csv,I1_2324.csv,https://www.football-data.co.uk/mmz4281/202324/I1.csv,2026-08-04 21:38:15,89,38970f7c234ecd67bc98f23a0c0b196a56018ffeef848e9bbb186c2d9e666824
2023-10-23,2023/24,Serie A,Udinese,Lecce,1,1,2,7,9,football-data-csv,I1_2324.csv,https://www.football-data.co.uk/mmz4281/202324/I1.csv,2026-08-04 21:38:15,90,80228e6b218a9352ed73aa46cb4272434ef9cdbe1fed3c41baf7b2f1dca6d121
2023-10-27,2023/24,Serie A,Genoa,Salernitana,1,0,7,0,7,football-data-csv,I1_2324.csv,https://www.football-data.co.uk/mmz4281/202324/I1.csv,2026-08-04 21:38:15,91,d1a60d596d0caed66bf4613cb742b30ae872eb8c1ae1bdd6cfcffc8f7920e86f
2023-10-28,2023/24,Serie A,Juventus,Verona,1,0,5,1,6,football-data-csv,I1_2324.csv,https://www.football-data.co.uk/mmz4281/202324/I1.csv,2026-08-04 21:38:15,92,82832db33d192c13662655bd2b8d3ceb3c65493d6fbb25b97e58d75201e8142f
2023-10-28,2023/24,Serie A,Lecce,Torino,0,1,3,0,3,football-data-csv,I1_2324.csv,https://www.football-data.co.uk/mmz4281/202324/I1.csv,2026-08-04 21:38:15,93,f39f305fd9c559154eb798372c66fc158b5dfd1857855bb37f403ddedf95a3d8
2023-10-28,2023/24,Serie A,Sassuolo,Bologna,1,1,6,2,8,football-data-csv,I1_2324.csv,https://www.football-data.co.uk/mmz4281/202324/I1.csv,2026-08-04 21:38:15,94,26844a0ec73cb32561c17215ce0a24fbf9374d242cd3dd0586271a8a5a247cb6
2023-10-29,2023/24,Serie A,Cagliari,Frosinone,4,3,5,7,12,football-data-csv,I1_2324.csv,https://www.football-data.co.uk/mmz4281/202324/I1.csv,2026-08-04 21:38:15,95,b2016f5b100320b44dfe4548346ee5cf89e0f9c0bbb2cc83b98d014b67fe6f8f
2023-10-29,2023/24,Serie A,Inter,Roma,1,0,8,0,8,football-data-csv,I1_2324.csv,https://www.football-data.co.uk/mmz4281/202324/I1.csv,2026-08-04 21:38:15,96,933542dbf591e31c253ec93a2be3974709322354cf41f5dd1ce5e70209053c26
2023-10-29,2023/24,Serie A,Monza,Udinese,1,1,10,3,13,football-data-csv,I1_2324.csv,https://www.football-data.co.uk/mmz4281/202324/I1.csv,2026-08-04 21:38:15,97,67b119b46a157a3f78e01e206d452d003f318c82ee12789aadc2377c82b540f5
2023-10-29,2023/24,Serie A,Napoli,Milan,2,2,6,4,10,football-data-csv,I1_2324.csv,https://www.football-data.co.uk/mmz4281/202324/I1.csv,2026-08-04 21:38:15,98,561136fd373275bbe00c6824b84619aa72f0fa67f90c885ff4dda7b04b76f2f4
2023-10-30,2023/24,Serie A,Empoli,Atalanta,0,3,3,6,9,football-data-csv,I1_2324.csv,https://www.football-data.co.uk/mmz4281/202324/I1.csv,2026-08-04 21:38:15,99,c7770b53f26487adc48940b942c29d606f5a7f3ac4efdc43a579151e36ea6c46
2023-10-30,2023/24,Serie A,Lazio,Fiorentina,1,0,0,4,4,football-data-csv,I1_2324.csv,https://www.football-data.co.uk/mmz4281/202324/I1.csv,2026-08-04 21:38:15,100,e35899f17ec19f717a5b4352eda3a5e20313777993e7f137c698ad5ff0670182
2023-11-03,2023/24,Serie A,Bologna,Lazio,1,0,2,6,8,football-data-csv,I1_2324.csv,https://www.football-data.co.uk/mmz4281/202324/I1.csv,2026-08-04 21:38:15,101,ba448c521279a7737635b2b96cf2d2cbd3b42b65e11354826eb85a24c9d96b3e
2023-11-04,2023/24,Serie A,Atalanta,Inter,1,2,6,1,7,football-data-csv,I1_2324.csv,https://www.football-data.co.uk/mmz4281/202324/I1.csv,2026-08-04 21:38:15,102,689d4b92d51107d5989b1471854e41b2e55123d4ea09cb77110f41ef55918e4b
2023-11-04,2023/24,Serie A,Milan,Udinese,0,1,11,5,16,football-data-csv,I1_2324.csv,https://www.football-data.co.uk/mmz4281/202324/I1.csv,2026-08-04 21:38:15,103,96d7d23da0caf6576ecd3191f9911e6dfafed18ce0fc70a4ce2d75e03b65973d
2023-11-04,2023/24,Serie A,Salernitana,Napoli,0,2,8,9,17,football-data-csv,I1_2324.csv,https://www.football-data.co.uk/mmz4281/202324/I1.csv,2026-08-04 21:38:15,104,a5d102fa9c0a920110c044facf704d7d03e349fe63d2041172e871887c13ee6c
2023-11-05,2023/24,Serie A,Cagliari,Genoa,2,1,1,1,2,football-data-csv,I1_2324.csv,https://www.football-data.co.uk/mmz4281/202324/I1.csv,2026-08-04 21:38:15,105,f1ba45729b5de845d1ae803db7d9c3fb04bfb93b05102e4b535ac4359b59e3e0
2023-11-05,2023/24,Serie A,Fiorentina,Juventus,0,1,9,2,11,football-data-csv,I1_2324.csv,https://www.football-data.co.uk/mmz4281/202324/I1.csv,2026-08-04 21:38:15,106,5b556b5d132b792588f2351ab8e4765d385d24230e235fa07beb57bac27f4440
2023-11-05,2023/24,Serie A,Roma,Lecce,2,1,5,2,7,football-data-csv,I1_2324.csv,https://www.football-data.co.uk/mmz4281/202324/I1.csv,2026-08-04 21:38:15,107,14c353bc0d423a51192ae3ceaa17ccc06458287dcdddd1f407bc990f521fbc5c
2023-11-05,2023/24,Serie A,Verona,Monza,1,3,2,6,8,football-data-csv,I1_2324.csv,https://www.football-data.co.uk/mmz4281/202324/I1.csv,2026-08-04 21:38:15,108,553acd623b60c676d1169dd61e9633e6fdbc1c3489c12bf5a5a71478a2fa0c5d
2023-11-06,2023/24,Serie A,Frosinone,Empoli,2,1,9,2,11,football-data-csv,I1_2324.csv,https://www.football-data.co.uk/mmz4281/202324/I1.csv,2026-08-04 21:38:15,109,72801b0a8d149377df3a133a0a1b2dd8a2337af4b10aad5efcba64794d39f421
2023-11-06,2023/24,Serie A,Torino,Sassuolo,2,1,9,2,11,football-data-csv,I1_2324.csv,https://www.football-data.co.uk/mmz4281/202324/I1.csv,2026-08-04 21:38:15,110,b26a3b747816b0ccd3ce58ccad4318016bcbf1f6610adfb0c2bb9200bee6464b
2023-11-10,2023/24,Serie A,Genoa,Verona,1,0,6,7,13,football-data-csv,I1_2324.csv,https://www.football-data.co.uk/mmz4281/202324/I1.csv,2026-08-04 21:38:15,111,7e29085c6390d70badaa7b12e2e5cf033bb82202bc1107dcae969ae93eed1a47
2023-11-10,2023/24,Serie A,Sassuolo,Salernitana,2,2,11,0,11,football-data-csv,I1_2324.csv,https://www.football-data.co.uk/mmz4281/202324/I1.csv,2026-08-04 21:38:15,112,b6b1aa0c88640022af8e9e455e0da4662d0fc86d0d49c04ff8099d7466fdb68e
2023-11-11,2023/24,Serie A,Juventus,Cagliari,2,1,12,4,16,football-data-csv,I1_2324.csv,https://www.football-data.co.uk/mmz4281/202324/I1.csv,2026-08-04 21:38:15,113,521413497c5cac8e2ce10a154831f3e5a6fce8037919e47506d59975013e8148
2023-11-11,2023/24,Serie A,Lecce,Milan,2,2,3,1,4,football-data-csv,I1_2324.csv,https://www.football-data.co.uk/mmz4281/202324/I1.csv,2026-08-04 21:38:15,114,08a8c0d1ec6cb5367e8dcabd4baba4a5acd47f817fa88c8518613246185aaf21
2023-11-11,2023/24,Serie A,Monza,Torino,1,1,3,1,4,football-data-csv,I1_2324.csv,https://www.football-data.co.uk/mmz4281/202324/I1.csv,2026-08-04 21:38:15,115,a4ce481490684d931db277a76d346ffedef4ab0a7c5e92e32795d197e1ecee7b
2023-11-12,2023/24,Serie A,Fiorentina,Bologna,2,1,0,3,3,football-data-csv,I1_2324.csv,https://www.football-data.co.uk/mmz4281/202324/I1.csv,2026-08-04 21:38:15,116,60d27513941257d0a956fca0a2fbdbc5eac7ab4f054d3114561c73f08733396f
2023-11-12,2023/24,Serie A,Inter,Frosinone,2,0,9,4,13,football-data-csv,I1_2324.csv,https://www.football-data.co.uk/mmz4281/202324/I1.csv,2026-08-04 21:38:15,117,bf02c680381cc8502b9447bd07311f29f82a28814f79e863bf7e51e50c610af1
2023-11-12,2023/24,Serie A,Lazio,Roma,0,0,4,1,5,football-data-csv,I1_2324.csv,https://www.football-data.co.uk/mmz4281/202324/I1.csv,2026-08-04 21:38:15,118,2e2e5d8f6e4d431f7d29870cdd50d1acdd94ddb7fb55dd8c69b500d615f264b8
2023-11-12,2023/24,Serie A,Napoli,Empoli,0,1,8,3,11,football-data-csv,I1_2324.csv,https://www.football-data.co.uk/mmz4281/202324/I1.csv,2026-08-04 21:38:15,119,93bc36249848ec7084a62c02b5d9140a09dc5c2d9f203cd4ff7059b9e4ddcfdf
2023-11-12,2023/24,Serie A,Udinese,Atalanta,1,1,7,7,14,football-data-csv,I1_2324.csv,https://www.football-data.co.uk/mmz4281/202324/I1.csv,2026-08-04 21:38:15,120,40e7b2b5f3995a676e5c5f9d7bf43f56b490bf300bf444667bca010682b67959
2023-11-25,2023/24,Serie A,Atalanta,Napoli,1,2,5,4,9,football-data-csv,I1_2324.csv,https://www.football-data.co.uk/mmz4281/202324/I1.csv,2026-08-04 21:38:15,121,551d8a9660455e8f2a6254139cd05f53697eaddf16e7f11b54be8352bdbaa73f
2023-11-25,2023/24,Serie A,Milan,Fiorentina,1,0,3,11,14,football-data-csv,I1_2324.csv,https://www.football-data.co.uk/mmz4281/202324/I1.csv,2026-08-04 21:38:15,122,c999a6ff17178500d9dd2eb34ac4ac95617a86dc821c36fbe23ded190110e8ec
2023-11-25,2023/24,Serie A,Salernitana,Lazio,2,1,4,9,13,football-data-csv,I1_2324.csv,https://www.football-data.co.uk/mmz4281/202324/I1.csv,2026-08-04 21:38:15,123,4971f4ec6e7a100b5b0be1ec7cbe461b2bddd489f15267b1cdb2e4ad0ae154dc
2023-11-26,2023/24,Serie A,Cagliari,Monza,1,1,10,11,21,football-data-csv,I1_2324.csv,https://www.football-data.co.uk/mmz4281/202324/I1.csv,2026-08-04 21:38:15,124,c794fae080263c42c7dce5e207ad14be1592b1d7fde214b9f3cd38424b3e7d26
2023-11-26,2023/24,Serie A,Empoli,Sassuolo,3,4,6,5,11,football-data-csv,I1_2324.csv,https://www.football-data.co.uk/mmz4281/202324/I1.csv,2026-08-04 21:38:15,125,9bfbe19d42834ebd210b7e1698376aee77c0762931971f3b42254612b1f65283
2023-11-26,2023/24,Serie A,Frosinone,Genoa,2,1,4,2,6,football-data-csv,I1_2324.csv,https://www.football-data.co.uk/mmz4281/202324/I1.csv,2026-08-04 21:38:15,126,da5fe69fdbb0f6908fd069c213967e6cc219131e42e79c491f450dafbbe7c9e0
2023-11-26,2023/24,Serie A,Juventus,Inter,1,1,1,0,1,football-data-csv,I1_2324.csv,https://www.football-data.co.uk/mmz4281/202324/I1.csv,2026-08-04 21:38:15,127,5aaa99bfd86c5d13cbb231ea136eb0a4e960dda4f31363e1b270b18021977aa8
2023-11-26,2023/24,Serie A,Roma,Udinese,3,1,7,1,8,football-data-csv,I1_2324.csv,https://www.football-data.co.uk/mmz4281/202324/I1.csv,2026-08-04 21:38:15,128,5f9cefbe08438886614cd57d35229c1bb189b86158b6dc5b45337bf38fbf67bc
2023-11-27,2023/24,Serie A,Bologna,Torino,2,0,3,2,5,football-data-csv,I1_2324.csv,https://www.football-data.co.uk/mmz4281/202324/I1.csv,2026-08-04 21:38:15,129,3b76cbc0cfcf0cea9aeffb01f58861cec6d956162780d6922cc3db84f6367d4e
2023-11-27,2023/24,Serie A,Verona,Lecce,2,2,4,2,6,football-data-csv,I1_2324.csv,https://www.football-data.co.uk/mmz4281/202324/I1.csv,2026-08-04 21:38:15,130,07c42dd0c1055acc87a320ab7171914353012cbf987c039143947f6ba6a18f6d
2023-12-01,2023/24,Serie A,Monza,Juventus,1,2,7,3,10,football-data-csv,I1_2324.csv,https://www.football-data.co.uk/mmz4281/202324/I1.csv,2026-08-04 21:38:15,131,12d08b4a1215af886249b51444167d638378c24cae19c616618750cb2277c2cb
2023-12-02,2023/24,Serie A,Genoa,Empoli,1,1,5,3,8,football-data-csv,I1_2324.csv,https://www.football-data.co.uk/mmz4281/202324/I1.csv,2026-08-04 21:38:15,132,da46a042a5952f09a89aad623e8ad7d15b34afe46be82ac67057bb1f32b1f05d
2023-12-02,2023/24,Serie A,Lazio,Cagliari,1,0,4,3,7,football-data-csv,I1_2324.csv,https://www.football-data.co.uk/mmz4281/202324/I1.csv,2026-08-04 21:38:15,133,3db3f5ecee4a42e442d9a5c7e0aebcabc695e1887cd04c44ba777d0eb1387e9c
2023-12-02,2023/24,Serie A,Milan,Frosinone,3,1,6,7,13,football-data-csv,I1_2324.csv,https://www.football-data.co.uk/mmz4281/202324/I1.csv,2026-08-04 21:38:15,134,6fd81e5d565422e61308d1a39dca4856afb40964f89500c59e9ca56860de9447
2023-12-03,2023/24,Serie A,Fiorentina,Salernitana,3,0,3,2,5,football-data-csv,I1_2324.csv,https://www.football-data.co.uk/mmz4281/202324/I1.csv,2026-08-04 21:38:15,135,73370f57d64eb07e047ebb4f56146df68ebf275f4e193f21678747ccf1f0702f
2023-12-03,2023/24,Serie A,Lecce,Bologna,1,1,6,3,9,football-data-csv,I1_2324.csv,https://www.football-data.co.uk/mmz4281/202324/I1.csv,2026-08-04 21:38:15,136,0a411636cc47e72b10a3246e376a8bb93dbd0e87acc9d54335175f5ac0cdbdfb
2023-12-03,2023/24,Serie A,Napoli,Inter,0,3,6,4,10,football-data-csv,I1_2324.csv,https://www.football-data.co.uk/mmz4281/202324/I1.csv,2026-08-04 21:38:15,137,050ccb6c83a84bca39f22973d2cd75690d3cf887dee3f1f4ab348cf98c81b6a8
2023-12-03,2023/24,Serie A,Sassuolo,Roma,1,2,1,11,12,football-data-csv,I1_2324.csv,https://www.football-data.co.uk/mmz4281/202324/I1.csv,2026-08-04 21:38:15,138,284f9442b72d0c67be296ddc0da855fc35d9bfd8c61b5f20a2a2ee763cb61e02
2023-12-03,2023/24,Serie A,Udinese,Verona,3,3,5,3,8,football-data-csv,I1_2324.csv,https://www.football-data.co.uk/mmz4281/202324/I1.csv,2026-08-04 21:38:15,139,16a7d1a7f53164bad484679b5c6187310c4f4eec5c386a8c9fbbd77d96c4a43b
2023-12-04,2023/24,Serie A,Torino,Atalanta,3,0,4,3,7,football-data-csv,I1_2324.csv,https://www.football-data.co.uk/mmz4281/202324/I1.csv,2026-08-04 21:38:15,140,490539816fd54e808938d80a0546aa3cc7696ca263f6b366e77fb20622997aca
2023-12-08,2023/24,Serie A,Juventus,Napoli,1,0,3,6,9,football-data-csv,I1_2324.csv,https://www.football-data.co.uk/mmz4281/202324/I1.csv,2026-08-04 21:38:15,141,f47c0b012e88afc73403c82963aec8b0c7c1cc68fb3fe89ca7ebf9a75369e98b
2023-12-09,2023/24,Serie A,Atalanta,Milan,3,2,6,4,10,football-data-csv,I1_2324.csv,https://www.football-data.co.uk/mmz4281/202324/I1.csv,2026-08-04 21:38:15,142,9be5bbb31d53b1c14b39ee73189aab1ceedc4ab240fad4e183bf289923ab61f4
2023-12-09,2023/24,Serie A,Inter,Udinese,4,0,6,1,7,football-data-csv,I1_2324.csv,https://www.football-data.co.uk/mmz4281/202324/I1.csv,2026-08-04 21:38:15,143,565824a6822be0334cee0eb1a53cdde8774ab77158a286d220dff47ba57bea0f
2023-12-09,2023/24,Serie A,Verona,Lazio,1,1,1,7,8,football-data-csv,I1_2324.csv,https://www.football-data.co.uk/mmz4281/202324/I1.csv,2026-08-04 21:38:15,144,07a14d99143ada565fa0780145391194390982f5dca8d13fb43410f41c1c7e66
2023-12-10,2023/24,Serie A,Frosinone,Torino,0,0,3,8,11,football-data-csv,I1_2324.csv,https://www.football-data.co.uk/mmz4281/202324/I1.csv,2026-08-04 21:38:15,145,af4bbbf02ef74cbafd9dfe8156f1f7df367b1993a99112147bf684785ec572fb
2023-12-10,2023/24,Serie A,Monza,Genoa,1,0,2,3,5,football-data-csv,I1_2324.csv,https://www.football-data.co.uk/mmz4281/202324/I1.csv,2026-08-04 21:38:15,146,1496946d039dfba6445dd175a91f402c4016b200a0638a578140b9d60bd0c959
2023-12-10,2023/24,Serie A,Roma,Fiorentina,1,1,1,6,7,football-data-csv,I1_2324.csv,https://www.football-data.co.uk/mmz4281/202324/I1.csv,2026-08-04 21:38:15,147,d6f61c56c3736b437d5f9ed0820d22552b4f02a0498f19d404a34ce55f5999a1
2023-12-10,2023/24,Serie A,Salernitana,Bologna,1,2,5,1,6,football-data-csv,I1_2324.csv,https://www.football-data.co.uk/mmz4281/202324/I1.csv,2026-08-04 21:38:15,148,d7499b1dff757479fe24d3f016c5202ee557dd4890376d286aa1606a159a742f
2023-12-11,2023/24,Serie A,Cagliari,Sassuolo,2,1,10,4,14,football-data-csv,I1_2324.csv,https://www.football-data.co.uk/mmz4281/202324/I1.csv,2026-08-04 21:38:15,149,b13f6e279eaa989a40d20088b5320d23b1c2d84ee7b01f87e419764682e6a112
2023-12-11,2023/24,Serie A,Empoli,Lecce,1,1,8,3,11,football-data-csv,I1_2324.csv,https://www.football-data.co.uk/mmz4281/202324/I1.csv,2026-08-04 21:38:15,150,9827684de589ccb4b1386ca7f6421559a8a146dc7ce376eacc9a6fbbb68ebc37
2023-12-15,2023/24,Serie A,Genoa,Juventus,1,1,6,8,14,football-data-csv,I1_2324.csv,https://www.football-data.co.uk/mmz4281/202324/I1.csv,2026-08-04 21:38:15,151,43f40c13e5220f8f49e15a523663d60a5e58e13fdcb61a34ce23828df089bf0b
2023-12-16,2023/24,Serie A,Lecce,Frosinone,2,1,5,4,9,football-data-csv,I1_2324.csv,https://www.football-data.co.uk/mmz4281/202324/I1.csv,2026-08-04 21:38:15,152,b126820b4b6a79e5183a4a76b5fd186c2a1b3aa0d97a6f732c2833e803c55ba3
2023-12-16,2023/24,Serie A,Napoli,Cagliari,2,1,5,3,8,football-data-csv,I1_2324.csv,https://www.football-data.co.uk/mmz4281/202324/I1.csv,2026-08-04 21:38:15,153,87292377eb0457ca596887b997bd0c3d4a08726d614a49960106bf3fb60cf7f9
2023-12-16,2023/24,Serie A,Torino,Empoli,1,0,6,4,10,football-data-csv,I1_2324.csv,https://www.football-data.co.uk/mmz4281/202324/I1.csv,2026-08-04 21:38:15,154,e7396c9ef3296c804716a8044f1400707c86d739c536fa6c7252bf295b20bb95
2023-12-17,2023/24,Serie A,Bologna,Roma,2,0,0,4,4,football-data-csv,I1_2324.csv,https://www.football-data.co.uk/mmz4281/202324/I1.csv,2026-08-04 21:38:15,155,c3bafa88d7c4bb885d7eb4229ad4a784fffc08d4f2f20aec4fd519c3f47cb232
2023-12-17,2023/24,Serie A,Fiorentina,Verona,1,0,1,6,7,football-data-csv,I1_2324.csv,https://www.football-data.co.uk/mmz4281/202324/I1.csv,2026-08-04 21:38:15,156,8d3d638df96caeee828eac4322f6c2c1d849585252881128c94656948533503c
2023-12-17,2023/24,Serie A,Lazio,Inter,0,2,8,7,15,football-data-csv,I1_2324.csv,https://www.football-data.co.uk/mmz4281/202324/I1.csv,2026-08-04 21:38:15,157,fd3230a79260e74622e151c71ce98b2f576dcbd6fdd71b756de37338cb0ee9ee
2023-12-17,2023/24,Serie A,Milan,Monza,3,0,4,5,9,football-data-csv,I1_2324.csv,https://www.football-data.co.uk/mmz4281/202324/I1.csv,2026-08-04 21:38:15,158,a254a5fcfa4267fb6c4965ccffea5370ea209c1dc9ed9ce88428c7fed96a7d73
2023-12-17,2023/24,Serie A,Udinese,Sassuolo,2,2,1,13,14,football-data-csv,I1_2324.csv,https://www.football-data.co.uk/mmz4281/202324/I1.csv,2026-08-04 21:38:15,159,c2743152e1d8e782a82846f06a4a87b32a31dd9e32e9788061864b149db85d4d
2023-12-18,2023/24,Serie A,Atalanta,Salernitana,4,1,10,7,17,football-data-csv,I1_2324.csv,https://www.football-data.co.uk/mmz4281/202324/I1.csv,2026-08-04 21:38:15,160,3cd2b30e5c2426bf0c96d4d6a706bf47750a04d0ab9caf8449abdd6926105bb2
2023-12-22,2023/24,Serie A,Empoli,Lazio,0,2,8,9,17,football-data-csv,I1_2324.csv,https://www.football-data.co.uk/mmz4281/202324/I1.csv,2026-08-04 21:38:15,161,30535fcc8d7d39fb9c947ecf6d24ba9af282c771a2e35052b1f2d80f0a191f17
2023-12-22,2023/24,Serie A,Monza,Fiorentina,0,1,1,4,5,football-data-csv,I1_2324.csv,https://www.football-data.co.uk/mmz4281/202324/I1.csv,2026-08-04 21:38:15,162,af54a1f36120176705c27d53e6fce9a61b7b7ab23668e2319339fcec31a2f832
2023-12-22,2023/24,Serie A,Salernitana,Milan,2,2,6,6,12,football-data-csv,I1_2324.csv,https://www.football-data.co.uk/mmz4281/202324/I1.csv,2026-08-04 21:38:15,163,69813e6c220f33936d3bae4b40eeb0aa497ec08123e3913209a74d087ac9a00b
2023-12-22,2023/24,Serie A,Sassuolo,Genoa,1,2,3,6,9,football-data-csv,I1_2324.csv,https://www.football-data.co.uk/mmz4281/202324/I1.csv,2026-08-04 21:38:15,164,23df8c67a77c11261686231082886d6560f6a0b5f91a987e333ec13b894c0496
2023-12-23,2023/24,Serie A,Bologna,Atalanta,1,0,2,3,5,football-data-csv,I1_2324.csv,https://www.football-data.co.uk/mmz4281/202324/I1.csv,2026-08-04 21:38:15,165,85ca3c4a5096de5e4d5d678a70f3ce17f8f2d19a773e282f7c66767a910202d2
2023-12-23,2023/24,Serie A,Frosinone,Juventus,1,2,8,8,16,football-data-csv,I1_2324.csv,https://www.football-data.co.uk/mmz4281/202324/I1.csv,2026-08-04 21:38:15,166,a8fa90e047c29860216fbf865a24847a93ad1eea6ac0c4963117a868879f290a
2023-12-23,2023/24,Serie A,Inter,Lecce,2,0,16,2,18,football-data-csv,I1_2324.csv,https://www.football-data.co.uk/mmz4281/202324/I1.csv,2026-08-04 21:38:15,167,e511de9e149ca8989ad2b5ff4d304850ba357dae225e99b6e9729c1f2501c1b2
2023-12-23,2023/24,Serie A,Roma,Napoli,2,0,4,0,4,football-data-csv,I1_2324.csv,https://www.football-data.co.uk/mmz4281/202324/I1.csv,2026-08-04 21:38:15,168,88f1936a73f2aef08fc9762cff127c8cbc7679dedf260ef8b35e563f1b7fcf6e
2023-12-23,2023/24,Serie A,Torino,Udinese,1,1,8,2,10,football-data-csv,I1_2324.csv,https://www.football-data.co.uk/mmz4281/202324/I1.csv,2026-08-04 21:38:15,169,7b471ede1c3b3e717f432514253b614b6a6d10b3c6c9c3a9a6b2cb125a6dcf8e
2023-12-23,2023/24,Serie A,Verona,Cagliari,2,0,11,7,18,football-data-csv,I1_2324.csv,https://www.football-data.co.uk/mmz4281/202324/I1.csv,2026-08-04 21:38:15,170,848a68bfa85f2b9fcd1bd59c004473729e548f2ade114e68d44c31d0b4b1da7a
2023-12-29,2023/24,Serie A,Fiorentina,Torino,1,0,4,2,6,football-data-csv,I1_2324.csv,https://www.football-data.co.uk/mmz4281/202324/I1.csv,2026-08-04 21:38:15,171,cf0e098c84c06e9db32e95967c843ff6e839a12bb05c28049a88178c1e412f12
2023-12-29,2023/24,Serie A,Genoa,Inter,1,1,8,2,10,football-data-csv,I1_2324.csv,https://www.football-data.co.uk/mmz4281/202324/I1.csv,2026-08-04 21:38:15,172,37b7f094fa2585b1d8708a47dfabeb4bd4e57784880bbebe9d05bd86d92ee7bd
2023-12-29,2023/24,Serie A,Lazio,Frosinone,3,1,6,2,8,football-data-csv,I1_2324.csv,https://www.football-data.co.uk/mmz4281/202324/I1.csv,2026-08-04 21:38:15,173,b1da658a393f6c654280774690828475f56ff7431e41dd4f412565026a00c3d5
2023-12-29,2023/24,Serie A,Napoli,Monza,0,0,10,1,11,football-data-csv,I1_2324.csv,https://www.football-data.co.uk/mmz4281/202324/I1.csv,2026-08-04 21:38:15,174,8bfb653b0e388a6a7b552b8c49cda4d7874adf301b0118483182614c7874f9f0
2023-12-30,2023/24,Serie A,Atalanta,Lecce,1,0,5,6,11,football-data-csv,I1_2324.csv,https://www.football-data.co.uk/mmz4281/202324/I1.csv,2026-08-04 21:38:15,175,858871ec836bc3d9e00d7429b9f37c0307052c45a476f16308c51c507ffc9fa9
2023-12-30,2023/24,Serie A,Cagliari,Empoli,0,0,8,6,14,football-data-csv,I1_2324.csv,https://www.football-data.co.uk/mmz4281/202324/I1.csv,2026-08-04 21:38:15,176,a5f96592c2215bf7c369868a96aec83880c790d3effe471c48dc311a32ec5593
2023-12-30,2023/24,Serie A,Juventus,Roma,1,0,2,2,4,football-data-csv,I1_2324.csv,https://www.football-data.co.uk/mmz4281/202324/I1.csv,2026-08-04 21:38:15,177,44be6474d0d52be4d697d8f772e3d795dce0dd4aeb35e3e76bc1522823a55fdd
2023-12-30,2023/24,Serie A,Milan,Sassuolo,1,0,6,5,11,football-data-csv,I1_2324.csv,https://www.football-data.co.uk/mmz4281/202324/I1.csv,2026-08-04 21:38:15,178,10cb455e6ef84fc0bd78fd1b614905fbdcad17db9b7114cfd07b7659db50f060
2023-12-30,2023/24,Serie A,Udinese,Bologna,3,0,7,7,14,football-data-csv,I1_2324.csv,https://www.football-data.co.uk/mmz4281/202324/I1.csv,2026-08-04 21:38:15,179,8d5a19e5b7f6bcf20151faf911c0c1a4a532c7ffea9cf039af5b75880fe9fcc8
2023-12-30,2023/24,Serie A,Verona,Salernitana,0,1,7,6,13,football-data-csv,I1_2324.csv,https://www.football-data.co.uk/mmz4281/202324/I1.csv,2026-08-04 21:38:15,180,02c405d1fa223cefd263231df086a8459dd91233d156a75f4a2be8f52edb7a33
2024-01-05,2023/24,Serie A,Bologna,Genoa,1,1,11,2,13,football-data-csv,I1_2324.csv,https://www.football-data.co.uk/mmz4281/202324/I1.csv,2026-08-04 21:38:15,181,758765494a0d117a52d195ffb82f0bc6744c2fecc9359dd986124b330a2f4f4a
2024-01-06,2023/24,Serie A,Frosinone,Monza,2,3,5,1,6,football-data-csv,I1_2324.csv,https://www.football-data.co.uk/mmz4281/202324/I1.csv,2026-08-04 21:38:15,182,f7ed7f2288c6c9cf8d5079135113b3684b1e62fafc0b1bf135a1f5ae9b40807e
2024-01-06,2023/24,Serie A,Inter,Verona,2,1,7,0,7,football-data-csv,I1_2324.csv,https://www.football-data.co.uk/mmz4281/202324/I1.csv,2026-08-04 21:38:15,183,38bc76406bb4d31aa7af62d732bddf75dc238b020aacb09763f8e39cf52e03ff
2024-01-06,2023/24,Serie A,Lecce,Cagliari,1,1,7,6,13,football-data-csv,I1_2324.csv,https://www.football-data.co.uk/mmz4281/202324/I1.csv,2026-08-04 21:38:15,184,128bc3ee2c8d0cdc251556caf439a4c45981308eb614fae2a60a6062ebc00cc7
2024-01-06,2023/24,Serie A,Sassuolo,Fiorentina,1,0,1,8,9,football-data-csv,I1_2324.csv,https://www.football-data.co.uk/mmz4281/202324/I1.csv,2026-08-04 21:38:15,185,3e36c99eb805da9c2dbb1494f8841f3237699756811a8f6306a71fe3ada14975
2024-01-07,2023/24,Serie A,Empoli,Milan,0,3,6,6,12,football-data-csv,I1_2324.csv,https://www.football-data.co.uk/mmz4281/202324/I1.csv,2026-08-04 21:38:15,186,d7680baf24018dddf14e3f64a3d62380868d5f2264351b25488aa16244b5fda6
2024-01-07,2023/24,Serie A,Roma,Atalanta,1,1,6,5,11,football-data-csv,I1_2324.csv,https://www.football-data.co.uk/mmz4281/202324/I1.csv,2026-08-04 21:38:15,187,caff726ae5a2c23a06d28c1fa8a9ecca8500e488d2bb719af54c80aa77438dd3
2024-01-07,2023/24,Serie A,Salernitana,Juventus,1,2,2,8,10,football-data-csv,I1_2324.csv,https://www.football-data.co.uk/mmz4281/202324/I1.csv,2026-08-04 21:38:15,188,42f577daa5dc7844d2dfc6dd4ad898dc84416152a46b366e00f538b97b62d150
2024-01-07,2023/24,Serie A,Torino,Napoli,3,0,2,5,7,football-data-csv,I1_2324.csv,https://www.football-data.co.uk/mmz4281/202324/I1.csv,2026-08-04 21:38:15,189,fa18a8bedf6031dad68a3cfc0f8dbff0518e749fbb6e4717bb82f56a8d720c0d
2024-01-07,2023/24,Serie A,Udinese,Lazio,1,2,4,4,8,football-data-csv,I1_2324.csv,https://www.football-data.co.uk/mmz4281/202324/I1.csv,2026-08-04 21:38:15,190,dded2278daf357efa8dc04414f39bc8f687c17d93296e9cae70f20946ce494e4
2024-01-13,2023/24,Serie A,Genoa,Torino,0,0,8,4,12,football-data-csv,I1_2324.csv,https://www.football-data.co.uk/mmz4281/202324/I1.csv,2026-08-04 21:38:15,191,4a046f5aa38d0d8eb43c426602c3fb571846464737842efe71091708e5ed2305
2024-01-13,2023/24,Serie A,Monza,Inter,1,5,4,5,9,football-data-csv,I1_2324.csv,https://www.football-data.co.uk/mmz4281/202324/I1.csv,2026-08-04 21:38:15,192,4ccff3fef845935f7c7dcd3fd97cd5c5b5a5f606d420b3db53b1ecaba56f4834
2024-01-13,2023/24,Serie A,Napoli,Salernitana,2,1,8,3,11,football-data-csv,I1_2324.csv,https://www.football-data.co.uk/mmz4281/202324/I1.csv,2026-08-04 21:38:15,193,f59ba6d505125bcdb88030e4c0675b00213fe297bdc8fdaed740672a6b00325b
2024-01-13,2023/24,Serie A,Verona,Empoli,2,1,5,9,14,football-data-csv,I1_2324.csv,https://www.football-data.co.uk/mmz4281/202324/I1.csv,2026-08-04 21:38:15,194,90b563fc51e6907f6eef71e209bef4eab0d1c229e5a83e3d676ab6eeb9030ad9
2024-01-14,2023/24,Serie A,Cagliari,Bologna,2,1,2,5,7,football-data-csv,I1_2324.csv,https://www.football-data.co.uk/mmz4281/202324/I1.csv,2026-08-04 21:38:15,195,621bbdcbd700d4ffe1ecb9b6c9f65c6c85bb216eb2a5a5c585f25ea143c547cf
2024-01-14,2023/24,Serie A,Fiorentina,Udinese,2,2,4,4,8,football-data-csv,I1_2324.csv,https://www.football-data.co.uk/mmz4281/202324/I1.csv,2026-08-04 21:38:15,196,07c813eb7c5f4da9fce8c582de04b976d32ef92417ca583e575e2dfcac1e4b38
2024-01-14,2023/24,Serie A,Lazio,Lecce,1,0,2,5,7,football-data-csv,I1_2324.csv,https://www.football-data.co.uk/mmz4281/202324/I1.csv,2026-08-04 21:38:15,197,65b114f176be7f5d821a8415bb4676760afa515338ba68eb7dd39ce0e43599df
2024-01-14,2023/24,Serie A,Milan,Roma,3,1,2,5,7,football-data-csv,I1_2324.csv,https://www.football-data.co.uk/mmz4281/202324/I1.csv,2026-08-04 21:38:15,198,16c8b6965529da48804cea4986f525e5580d16cec521a39d76a747b8099d9fa5
2024-01-15,2023/24,Serie A,Atalanta,Frosinone,5,0,8,2,10,football-data-csv,I1_2324.csv,https://www.football-data.co.uk/mmz4281/202324/I1.csv,2026-08-04 21:38:15,199,0091f0c5a7ace2387ca9c84e79a250a448e38f61e12110b25f10432e3c52eb8c
2024-01-16,2023/24,Serie A,Juventus,Sassuolo,3,0,5,2,7,football-data-csv,I1_2324.csv,https://www.football-data.co.uk/mmz4281/202324/I1.csv,2026-08-04 21:38:15,200,25106c9386a1221f92f68860105b88db46e7653fc383ff0967777a269c89921d
2024-01-20,2023/24,Serie A,Roma,Verona,2,1,1,2,3,football-data-csv,I1_2324.csv,https://www.football-data.co.uk/mmz4281/202324/I1.csv,2026-08-04 21:38:15,201,926e661f0475491c6b22d5c785b415f5411633aa972c9dc6d0c644f53cc5cc1b
2024-01-20,2023/24,Serie A,Udinese,Milan,2,3,5,7,12,football-data-csv,I1_2324.csv,https://www.football-data.co.uk/mmz4281/202324/I1.csv,2026-08-04 21:38:15,202,b19efdbde8f841b042fbc75465fe9d177bc3a8b077093466c389422f9f8a4ea7
2024-01-21,2023/24,Serie A,Empoli,Monza,3,0,1,7,8,football-data-csv,I1_2324.csv,https://www.football-data.co.uk/mmz4281/202324/I1.csv,2026-08-04 21:38:15,203,cf01f25506ca7a35f3c7564eda9e1f56210360e7dc17c79ac74fe9698fa06802
2024-01-21,2023/24,Serie A,Frosinone,Cagliari,3,1,8,4,12,football-data-csv,I1_2324.csv,https://www.football-data.co.uk/mmz4281/202324/I1.csv,2026-08-04 21:38:15,204,3580277154a0f696e4a5bf4d3af98be84752ac0d855d130f1e1761f04e811d4b
2024-01-21,2023/24,Serie A,Lecce,Juventus,0,3,5,5,10,football-data-csv,I1_2324.csv,https://www.football-data.co.uk/mmz4281/202324/I1.csv,2026-08-04 21:38:15,205,d026b4c2e1a08b0d76320f83de881e558f28fc3a83dad409107f4022346d0faf
2024-01-21,2023/24,Serie A,Salernitana,Genoa,1,2,5,5,10,football-data-csv,I1_2324.csv,https://www.football-data.co.uk/mmz4281/202324/I1.csv,2026-08-04 21:38:15,206,a8adae3c7d7ff16870707e928374fcbe8e62faf7a8670aedf6536e78d512d1c2
2024-01-26,2023/24,Serie A,Cagliari,Torino,1,2,8,2,10,football-data-csv,I1_2324.csv,https://www.football-data.co.uk/mmz4281/202324/I1.csv,2026-08-04 21:38:15,207,4b5bdc44825815ac0c042b16eb3d58a0421db046baf72bcdf9f0b789190a0aea
2024-01-27,2023/24,Serie A,Atalanta,Udinese,2,0,4,4,8,football-data-csv,I1_2324.csv,https://www.football-data.co.uk/mmz4281/202324/I1.csv,2026-08-04 21:38:15,208,7cde2b2b9d96bf559a69e5ceded83e7d58f34211e1030344c485e218bafd0029
2024-01-27,2023/24,Serie A,Juventus,Empoli,1,1,6,7,13,football-data-csv,I1_2324.csv,https://www.football-data.co.uk/mmz4281/202324/I1.csv,2026-08-04 21:38:15,209,9fec74bd559611ef3df81672a90564354e398ceee93a70ee8cc3a7b6d6cde4fd
2024-01-27,2023/24,Serie A,Milan,Bologna,2,2,4,1,5,football-data-csv,I1_2324.csv,https://www.football-data.co.uk/mmz4281/202324/I1.csv,2026-08-04 21:38:15,210,2580c59c2d951acf0c47852d9f08e5e9f748e826a3bc7317d2a2f8e641b016f3
2024-01-28,2023/24,Serie A,Fiorentina,Inter,0,1,7,6,13,football-data-csv,I1_2324.csv,https://www.football-data.co.uk/mmz4281/202324/I1.csv,2026-08-04 21:38:15,211,27e928e36a32d8d781f9b6b575210db80615a685cd1c49a3bc18495f62b3bcaa
2024-01-28,2023/24,Serie A,Genoa,Lecce,2,1,3,8,11,football-data-csv,I1_2324.csv,https://www.football-data.co.uk/mmz4281/202324/I1.csv,2026-08-04 21:38:15,212,27c195ea1da7a98b4aa827606f474574c8a5a9d6bd3973d63f521a9c6e67a879
2024-01-28,2023/24,Serie A,Lazio,Napoli,0,0,4,3,7,football-data-csv,I1_2324.csv,https://www.football-data.co.uk/mmz4281/202324/I1.csv,2026-08-04 21:38:15,213,9bb20fe125a0e39660de5e8b8597a12034b897e578e0ae7fcdaf98bb07f61427
2024-01-28,2023/24,Serie A,Monza,Sassuolo,1,0,4,5,9,football-data-csv,I1_2324.csv,https://www.football-data.co.uk/mmz4281/202324/I1.csv,2026-08-04 21:38:15,214,705aa7ac0ac44e31fefecd4bf9bb1c0ec1c1f33c015e2dc52a0eba41d760e629
2024-01-28,2023/24,Serie A,Verona,Frosinone,1,1,1,9,10,football-data-csv,I1_2324.csv,https://www.football-data.co.uk/mmz4281/202324/I1.csv,2026-08-04 21:38:15,215,f4a65bb5af48ca5da127c3acd909fae9877898d0eafed8b96fe715785b51c5bf
2024-01-29,2023/24,Serie A,Salernitana,Roma,1,2,5,1,6,football-data-csv,I1_2324.csv,https://www.football-data.co.uk/mmz4281/202324/I1.csv,2026-08-04 21:38:15,216,00137856362cc2985b9feb7f212a18163a92f63e31a763380bf64dc47efae8df
2024-02-02,2023/24,Serie A,Lecce,Fiorentina,3,2,1,3,4,football-data-csv,I1_2324.csv,https://www.football-data.co.uk/mmz4281/202324/I1.csv,2026-08-04 21:38:15,217,50a7722122dcfd76cae296cae7692c107a0a5ca7a00ccadb4d6cc0b29b45f763
2024-02-03,2023/24,Serie A,Bologna,Sassuolo,4,2,7,4,11,football-data-csv,I1_2324.csv,https://www.football-data.co.uk/mmz4281/202324/I1.csv,2026-08-04 21:38:15,218,0c42043584385a1b223cc36d03b400e4990e34324103b0c924e973b384fe75b1
2024-02-03,2023/24,Serie A,Empoli,Genoa,0,0,6,6,12,football-data-csv,I1_2324.csv,https://www.football-data.co.uk/mmz4281/202324/I1.csv,2026-08-04 21:38:15,219,e28e3bc5cc7362f4834f75f6f8537d2cd12f81e027d9618f483e47146fca3d26
2024-02-03,2023/24,Serie A,Frosinone,Milan,2,3,2,4,6,football-data-csv,I1_2324.csv,https://www.football-data.co.uk/mmz4281/202324/I1.csv,2026-08-04 21:38:15,220,8acea13bfea5e363939b661fae0c880127948e04f6933233f224d92daf2a4fbb
2024-02-03,2023/24,Serie A,Udinese,Monza,0,0,7,4,11,football-data-csv,I1_2324.csv,https://www.football-data.co.uk/mmz4281/202324/I1.csv,2026-08-04 21:38:15,221,f051bc3c6a5e0c910ee6feccb8586ac589f59030910229c56555c8773fa284e0
2024-02-04,2023/24,Serie A,Atalanta,Lazio,3,1,6,1,7,football-data-csv,I1_2324.csv,https://www.football-data.co.uk/mmz4281/202324/I1.csv,2026-08-04 21:38:15,222,c9740ae6d57c085cf679acdf51d67940a57fa924539247fe0978ca7ee835baeb
2024-02-04,2023/24,Serie A,Inter,Juventus,1,0,6,4,10,football-data-csv,I1_2324.csv,https://www.football-data.co.uk/mmz4281/202324/I1.csv,2026-08-04 21:38:15,223,c3f6e6f772eaa0545c2b188a6d1d35eb745a997a39829a73a7abf2c3486924e7
2024-02-04,2023/24,Serie A,Napoli,Verona,2,1,9,2,11,football-data-csv,I1_2324.csv,https://www.football-data.co.uk/mmz4281/202324/I1.csv,2026-08-04 21:38:15,224,6a87659f2e4215fcc5e59d0b160818ba2a4a362c9da1f16a8dbaf5096519e290
2024-02-04,2023/24,Serie A,Torino,Salernitana,0,0,10,1,11,football-data-csv,I1_2324.csv,https://www.football-data.co.uk/mmz4281/202324/I1.csv,2026-08-04 21:38:15,225,e1886adbc21e0dde5d3d8f9c4c0711875fd32134b46771631206d39a3bb1cd61
2024-02-05,2023/24,Serie A,Roma,Cagliari,4,0,7,5,12,football-data-csv,I1_2324.csv,https://www.football-data.co.uk/mmz4281/202324/I1.csv,2026-08-04 21:38:15,226,fa749965bd58da51ad0d6304d49a6e3391d142a228821049286680aecfa6e309
2024-02-09,2023/24,Serie A,Salernitana,Empoli,1,3,4,8,12,football-data-csv,I1_2324.csv,https://www.football-data.co.uk/mmz4281/202324/I1.csv,2026-08-04 21:38:15,227,b344a65ff92cce119dfb711e5bacc41eed9751cb689dd8de80a20ef4d178a79c
2024-02-10,2023/24,Serie A,Cagliari,Lazio,1,3,7,8,15,football-data-csv,I1_2324.csv,https://www.football-data.co.uk/mmz4281/202324/I1.csv,2026-08-04 21:38:15,228,6a7a6addf878b6e0461969c25e392b012bcba64280ef0b8543622c529c7e8cd5
2024-02-10,2023/24,Serie A,Roma,Inter,2,4,3,8,11,football-data-csv,I1_2324.csv,https://www.football-data.co.uk/mmz4281/202324/I1.csv,2026-08-04 21:38:15,229,abf32349a7f767f3b9d0531fbea389017246c9f1293c60e00cef06b8a64fa95d
2024-02-10,2023/24,Serie A,Sassuolo,Torino,1,1,5,4,9,football-data-csv,I1_2324.csv,https://www.football-data.co.uk/mmz4281/202324/I1.csv,2026-08-04 21:38:15,230,713f5c5cd7dcfdf8db9c0091b525970725a33f229bee48cfa557fb5e5fbc1f9c
2024-02-11,2023/24,Serie A,Bologna,Lecce,4,0,4,3,7,football-data-csv,I1_2324.csv,https://www.football-data.co.uk/mmz4281/202324/I1.csv,2026-08-04 21:38:15,231,6004d5ae9cedf35c2549269f8ff12a454d8c06890e9319109e0133e6dccd5856
2024-02-11,2023/24,Serie A,Fiorentina,Frosinone,5,1,2,5,7,football-data-csv,I1_2324.csv,https://www.football-data.co.uk/mmz4281/202324/I1.csv,2026-08-04 21:38:15,232,a4e70e871efc2bda59744def71682136931456bd339486958e478a58048241d3
2024-02-11,2023/24,Serie A,Genoa,Atalanta,1,4,7,4,11,football-data-csv,I1_2324.csv,https://www.football-data.co.uk/mmz4281/202324/I1.csv,2026-08-04 21:38:15,233,1866d2e7904654fa1eee8a1c767657b2a1db54a687b84c21d2838b8accf7d886
2024-02-11,2023/24,Serie A,Milan,Napoli,1,0,1,2,3,football-data-csv,I1_2324.csv,https://www.football-data.co.uk/mmz4281/202324/I1.csv,2026-08-04 21:38:15,234,73f2e3c90588234cb586777fd662664187e4307c839b3ad562f3f69996693450
2024-02-11,2023/24,Serie A,Monza,Verona,0,0,5,2,7,football-data-csv,I1_2324.csv,https://www.football-data.co.uk/mmz4281/202324/I1.csv,2026-08-04 21:38:15,235,2e82b0509acd56596a2c39bf4ef1d31958032854f6eb28ce5a12fd3b7b652304
2024-02-12,2023/24,Serie A,Juventus,Udinese,0,1,8,4,12,football-data-csv,I1_2324.csv,https://www.football-data.co.uk/mmz4281/202324/I1.csv,2026-08-04 21:38:15,236,fcf216b4422edd9602d6dfc4b6c73b5202f15f271dca6079ecb30c55ee2c00be
2024-02-14,2023/24,Serie A,Bologna,Fiorentina,2,0,2,3,5,football-data-csv,I1_2324.csv,https://www.football-data.co.uk/mmz4281/202324/I1.csv,2026-08-04 21:38:15,237,67bee9cf811b8c34f382937d638d4890f44ef6b8a53f15e293c4d92a9ca96d42
2024-02-16,2023/24,Serie A,Inter,Salernitana,4,0,18,0,18,football-data-csv,I1_2324.csv,https://www.football-data.co.uk/mmz4281/202324/I1.csv,2026-08-04 21:38:15,238,588be4768e689c9b8d0ffd043e4673a520deaab299166bfc5e26bcb9aecf4c79
2024-02-16,2023/24,Serie A,Torino,Lecce,2,0,5,5,10,football-data-csv,I1_2324.csv,https://www.football-data.co.uk/mmz4281/202324/I1.csv,2026-08-04 21:38:15,239,c64af9e8070d95ff055048b861857b54acdb7c3d3b1660206544c7ec4bd283d3
2024-02-17,2023/24,Serie A,Atalanta,Sassuolo,3,0,11,5,16,football-data-csv,I1_2324.csv,https://www.football-data.co.uk/mmz4281/202324/I1.csv,2026-08-04 21:38:15,240,3c3a0f44662432c626fd9d8f3e13db9ace11bd33b3a8be9f1766111be66b0d74
2024-02-17,2023/24,Serie A,Napoli,Genoa,1,1,7,2,9,football-data-csv,I1_2324.csv,https://www.football-data.co.uk/mmz4281/202324/I1.csv,2026-08-04 21:38:15,241,e927a643531ba5059db4f327a7f7fd97658208bbae98af13e80439addd950475
2024-02-17,2023/24,Serie A,Verona,Juventus,2,2,5,4,9,football-data-csv,I1_2324.csv,https://www.football-data.co.uk/mmz4281/202324/I1.csv,2026-08-04 21:38:15,242,d2145852d2480ca05f8cf15d80e6ed9954b05a797da1d9ddd11f6e4d146c2291
2024-02-18,2023/24,Serie A,Empoli,Fiorentina,1,1,0,3,3,football-data-csv,I1_2324.csv,https://www.football-data.co.uk/mmz4281/202324/I1.csv,2026-08-04 21:38:15,243,4328d733ab1dd90527ac9353fa9809a85e44ddd3c458d109b36519f5ea9f022a
2024-02-18,2023/24,Serie A,Frosinone,Roma,0,3,10,2,12,football-data-csv,I1_2324.csv,https://www.football-data.co.uk/mmz4281/202324/I1.csv,2026-08-04 21:38:15,244,cb5aaed312dfdda51877018543317c517967261b74653673f9f7c627cf4e2f9b
2024-02-18,2023/24,Serie A,Lazio,Bologna,1,2,8,3,11,football-data-csv,I1_2324.csv,https://www.football-data.co.uk/mmz4281/202324/I1.csv,2026-08-04 21:38:15,245,ce666cbadc3594159414760754c3139eccfa73ba0842ea797627b5129ace2d8e
2024-02-18,2023/24,Serie A,Monza,Milan,4,2,7,3,10,football-data-csv,I1_2324.csv,https://www.football-data.co.uk/mmz4281/202324/I1.csv,2026-08-04 21:38:15,246,caf34d2543e990a169b7d43fa02fb99132d5cb1bf3b0e1b126e26a49f5cb6844
2024-02-18,2023/24,Serie A,Udinese,Cagliari,1,1,3,4,7,football-data-csv,I1_2324.csv,https://www.football-data.co.uk/mmz4281/202324/I1.csv,2026-08-04 21:38:15,247,5c28dd9d50f2ee663dad8fd06c1d4cc8c7003679cd021942d94ff21a44246f43
2024-02-22,2023/24,Serie A,Torino,Lazio,0,2,7,4,11,football-data-csv,I1_2324.csv,https://www.football-data.co.uk/mmz4281/202324/I1.csv,2026-08-04 21:38:15,248,1c9b010f7cb40ef6c2c42ed196dbdcc481b6a9c2bb9a101a5bb0d5a35bf02b0b
2024-02-23,2023/24,Serie A,Bologna,Verona,2,0,11,1,12,football-data-csv,I1_2324.csv,https://www.football-data.co.uk/mmz4281/202324/I1.csv,2026-08-04 21:38:15,249,c56bdb369f8994192be13100fa0225d5f8d0778cef0633d8bb75428cc2aa73aa
2024-02-24,2023/24,Serie A,Genoa,Udinese,2,0,8,3,11,football-data-csv,I1_2324.csv,https://www.football-data.co.uk/mmz4281/202324/I1.csv,2026-08-04 21:38:15,250,1f6150b675059a1e1e8bd1e49e80ffc7567a8646a74e382b9fd11ac394012684
2024-02-24,2023/24,Serie A,Salernitana,Monza,0,2,7,11,18,football-data-csv,I1_2324.csv,https://www.football-data.co.uk/mmz4281/202324/I1.csv,2026-08-04 21:38:15,251,cb9c3680f3d573bcac55cc5d87d63d0aeedb2fdfcaa7f80cb025c32d5b2492fb
2024-02-24,2023/24,Serie A,Sassuolo,Empoli,2,3,4,1,5,football-data-csv,I1_2324.csv,https://www.football-data.co.uk/mmz4281/202324/I1.csv,2026-08-04 21:38:15,252,13e3d2edf75018a361612b119a44193a826197eca20c867c5b0987bf972e8683
2024-02-25,2023/24,Serie A,Cagliari,Napoli,1,1,4,3,7,football-data-csv,I1_2324.csv,https://www.football-data.co.uk/mmz4281/202324/I1.csv,2026-08-04 21:38:15,253,73ea343271e711d48d08521e1b52f752123affd33407c677aa37cd1d2a1dc2c2
2024-02-25,2023/24,Serie A,Juventus,Frosinone,3,2,8,3,11,football-data-csv,I1_2324.csv,https://www.football-data.co.uk/mmz4281/202324/I1.csv,2026-08-04 21:38:15,254,a3d74146203991f6dbe39216b8f2f3dfc9e46ff96c2e0b052f52750057fe357b
2024-02-25,2023/24,Serie A,Lecce,Inter,0,4,7,10,17,football-data-csv,I1_2324.csv,https://www.football-data.co.uk/mmz4281/202324/I1.csv,2026-08-04 21:38:15,255,7d18a9f2cc486f7e822c01cfea1587826c4bf729d31275be9d0e93bdb6a0960f
2024-02-25,2023/24,Serie A,Milan,Atalanta,1,1,5,3,8,football-data-csv,I1_2324.csv,https://www.football-data.co.uk/mmz4281/202324/I1.csv,2026-08-04 21:38:15,256,eca1a74b74653330a46bd58d67fb8c4de764fb53e60042b39cb5eb4d69f73a38
2024-02-26,2023/24,Serie A,Fiorentina,Lazio,2,1,13,2,15,football-data-csv,I1_2324.csv,https://www.football-data.co.uk/mmz4281/202324/I1.csv,2026-08-04 21:38:15,257,18fa3fe84931f8c300dada78f149bb97533904d63b7e76970c82e2e7c6fb085d
2024-02-26,2023/24,Serie A,Roma,Torino,3,2,0,4,4,football-data-csv,I1_2324.csv,https://www.football-data.co.uk/mmz4281/202324/I1.csv,2026-08-04 21:38:15,258,077a8aef45dbe22eeab8fec97cb32011d41539bc2bb57f0fd274a8592e68507e
2024-02-28,2023/24,Serie A,Inter,Atalanta,4,0,4,1,5,football-data-csv,I1_2324.csv,https://www.football-data.co.uk/mmz4281/202324/I1.csv,2026-08-04 21:38:15,259,8f82e521dba7e75475b029464e284be88e0e07a90fb70d27748b09080e86d55a
2024-02-28,2023/24,Serie A,Sassuolo,Napoli,1,6,5,10,15,football-data-csv,I1_2324.csv,https://www.football-data.co.uk/mmz4281/202324/I1.csv,2026-08-04 21:38:15,260,d14614db3ec25310348ef14e6e21a14c51b5dc2206e6b40120e1941a9d8bc11d
2024-03-01,2023/24,Serie A,Lazio,Milan,0,1,2,5,7,football-data-csv,I1_2324.csv,https://www.football-data.co.uk/mmz4281/202324/I1.csv,2026-08-04 21:38:15,261,d9d5e414a9157ff5fc56d46e1a4b3ebb5ac1813b7d7c2a2731762f1adeddcd4c
2024-03-02,2023/24,Serie A,Monza,Roma,1,4,6,3,9,football-data-csv,I1_2324.csv,https://www.football-data.co.uk/mmz4281/202324/I1.csv,2026-08-04 21:38:15,262,40a0f6db96ef4977187fb63ee1a164e28a8134882c361a02ccd10494a29553d3
2024-03-02,2023/24,Serie A,Torino,Fiorentina,0,0,4,5,9,football-data-csv,I1_2324.csv,https://www.football-data.co.uk/mmz4281/202324/I1.csv,2026-08-04 21:38:15,263,4042afbefdbfd18ba3a995c1d68c5e2b255aca4473415a7d4a71584cce46b548
2024-03-02,2023/24,Serie A,Udinese,Salernitana,1,1,5,6,11,football-data-csv,I1_2324.csv,https://www.football-data.co.uk/mmz4281/202324/I1.csv,2026-08-04 21:38:15,264,bdf8409ff45b96eea5e70254bf2dab4f9899831bd620a8c72d0e1e111f4925eb
2024-03-03,2023/24,Serie A,Atalanta,Bologna,1,2,6,2,8,football-data-csv,I1_2324.csv,https://www.football-data.co.uk/mmz4281/202324/I1.csv,2026-08-04 21:38:15,265,df4629a39c6934d382e4ec71106f8746acfc5c6e637566fc50bd2e7a31ae830b
2024-03-03,2023/24,Serie A,Empoli,Cagliari,0,1,9,2,11,football-data-csv,I1_2324.csv,https://www.football-data.co.uk/mmz4281/202324/I1.csv,2026-08-04 21:38:15,266,eddb9b859d7aa8c6188c40afe5e6d71b6785e84c0d43d86f03f717cdbbb27c96
2024-03-03,2023/24,Serie A,Frosinone,Lecce,1,1,12,8,20,football-data-csv,I1_2324.csv,https://www.football-data.co.uk/mmz4281/202324/I1.csv,2026-08-04 21:38:15,267,64382c5bf7a2a5a296cebc41ab64f5edcb58c6f6245500af72e5a01beccf0764
2024-03-03,2023/24,Serie A,Napoli,Juventus,2,1,2,1,3,football-data-csv,I1_2324.csv,https://www.football-data.co.uk/mmz4281/202324/I1.csv,2026-08-04 21:38:15,268,e0e34246dcaaecaf107b2c3634a439ebdfc8d680592ec1ba42e4604e070d12cb
2024-03-03,2023/24,Serie A,Verona,Sassuolo,1,0,2,10,12,football-data-csv,I1_2324.csv,https://www.football-data.co.uk/mmz4281/202324/I1.csv,2026-08-04 21:38:15,269,2b1da4f1626e223afcdd95b64185233000cf8d36cd9b2383634b9855521ce599
2024-03-04,2023/24,Serie A,Inter,Genoa,2,1,4,5,9,football-data-csv,I1_2324.csv,https://www.football-data.co.uk/mmz4281/202324/I1.csv,2026-08-04 21:38:15,270,444366b34942d81a1161e120dd4d425f771ee03eb217948a772cadf9471504d6
2024-03-08,2023/24,Serie A,Napoli,Torino,1,1,13,7,20,football-data-csv,I1_2324.csv,https://www.football-data.co.uk/mmz4281/202324/I1.csv,2026-08-04 21:38:15,271,8953b69e6491a065323f0e3ff8053e0379cd7152226b091cdc73522a5df4841e
2024-03-09,2023/24,Serie A,Bologna,Inter,0,1,7,2,9,football-data-csv,I1_2324.csv,https://www.football-data.co.uk/mmz4281/202324/I1.csv,2026-08-04 21:38:15,272,bf9a913a6573a1047c8ed8b21980498b15c743bd1e05dfe11815a4e91094e7dc
2024-03-09,2023/24,Serie A,Cagliari,Salernitana,4,2,5,4,9,football-data-csv,I1_2324.csv,https://www.football-data.co.uk/mmz4281/202324/I1.csv,2026-08-04 21:38:15,273,3f6ad3dd338a0a33e1438168281026d82a530b8004477f02412254dab0d655e3
2024-03-09,2023/24,Serie A,Genoa,Monza,2,3,10,1,11,football-data-csv,I1_2324.csv,https://www.football-data.co.uk/mmz4281/202324/I1.csv,2026-08-04 21:38:15,274,e4cf0716a3ca690d9d76e35b640bd23bac26c1dc7ce4a075e6b18a5e0f26c453
2024-03-09,2023/24,Serie A,Sassuolo,Frosinone,1,0,1,2,3,football-data-csv,I1_2324.csv,https://www.football-data.co.uk/mmz4281/202324/I1.csv,2026-08-04 21:38:15,275,af711a92d2c20f46dcaa9c52180917821eb94ff46b1c859401768f0ef3c29c63
2024-03-10,2023/24,Serie A,Fiorentina,Roma,2,2,8,2,10,football-data-csv,I1_2324.csv,https://www.football-data.co.uk/mmz4281/202324/I1.csv,2026-08-04 21:38:15,276,782b67e8d0b0d689486c1cce69d4a03ae0ea7cbb366f941168e0c346f17afd9e
2024-03-10,2023/24,Serie A,Juventus,Atalanta,2,2,4,3,7,football-data-csv,I1_2324.csv,https://www.football-data.co.uk/mmz4281/202324/I1.csv,2026-08-04 21:38:15,277,ce07296817c4f85c7089fcb15f51fa307a3dcee9f61e4f266900420a2abaddac
2024-03-10,2023/24,Serie A,Lecce,Verona,0,1,11,6,17,football-data-csv,I1_2324.csv,https://www.football-data.co.uk/mmz4281/202324/I1.csv,2026-08-04 21:38:15,278,1a37ef9c305a65c3c01a010c5cbc619c008286b7d995b14fb859439fa3eb817b
2024-03-10,2023/24,Serie A,Milan,Empoli,1,0,11,4,15,football-data-csv,I1_2324.csv,https://www.football-data.co.uk/mmz4281/202324/I1.csv,2026-08-04 21:38:15,279,9d3f82c4a18b8c505eb72b6c534a426183005c755a0b69c7616021bfddb9edea
2024-03-11,2023/24,Serie A,Lazio,Udinese,1,2,9,5,14,football-data-csv,I1_2324.csv,https://www.football-data.co.uk/mmz4281/202324/I1.csv,2026-08-04 21:38:15,280,9e0c1dc4c653792b94c0280cce05834166ee2bf960e09cb6554750a9f142fea3
2024-03-15,2023/24,Serie A,Empoli,Bologna,0,1,7,6,13,football-data-csv,I1_2324.csv,https://www.football-data.co.uk/mmz4281/202324/I1.csv,2026-08-04 21:38:15,281,4f5ebb77b205130198d63a3e00fc0e515de5b6eb1ee0994a7b977070b8e4004a
2024-03-16,2023/24,Serie A,Frosinone,Lazio,2,3,9,4,13,football-data-csv,I1_2324.csv,https://www.football-data.co.uk/mmz4281/202324/I1.csv,2026-08-04 21:38:15,282,74b824cc817e8b330637a01adc2e808e25654e36c2820c91cdde7eb3ae8b867d
2024-03-16,2023/24,Serie A,Monza,Cagliari,1,0,3,7,10,football-data-csv,I1_2324.csv,https://www.football-data.co.uk/mmz4281/202324/I1.csv,2026-08-04 21:38:15,283,39444678753a4351ebf628c9feeca23bcd9f9488b1a0553888d40ebb83a72f96
2024-03-16,2023/24,Serie A,Salernitana,Lecce,0,1,7,1,8,football-data-csv,I1_2324.csv,https://www.football-data.co.uk/mmz4281/202324/I1.csv,2026-08-04 21:38:15,284,442eb722a85b018cdcac4a72655d4ba8b7b408c8bb55e20b8268707c78459057
2024-03-16,2023/24,Serie A,Udinese,Torino,0,2,3,4,7,football-data-csv,I1_2324.csv,https://www.football-data.co.uk/mmz4281/202324/I1.csv,2026-08-04 21:38:15,285,48c939bbc34d68e25e9ac3c4db4373956ee22633f5884abe5b1cb66e04259cc2
2024-03-17,2023/24,Serie A,Inter,Napoli,1,1,5,7,12,football-data-csv,I1_2324.csv,https://www.football-data.co.uk/mmz4281/202324/I1.csv,2026-08-04 21:38:15,286,e10a60ae94c8dda19c9e4f51da6b795b2415e60df9e33667cf8242ace43daefd
2024-03-17,2023/24,Serie A,Juventus,Genoa,0,0,12,2,14,football-data-csv,I1_2324.csv,https://www.football-data.co.uk/mmz4281/202324/I1.csv,2026-08-04 21:38:15,287,001dc8905918c6e8895403e994cd5750dd1bdf7b3a5ada5ba45296c98ba3e6b7
2024-03-17,2023/24,Serie A,Roma,Sassuolo,1,0,4,7,11,football-data-csv,I1_2324.csv,https://www.football-data.co.uk/mmz4281/202324/I1.csv,2026-08-04 21:38:15,288,2b0bcb7f75ced9538035fbdc89136b8e41e505eee131ac98fc6c134437eb84d0
2024-03-17,2023/24,Serie A,Verona,Milan,1,3,3,5,8,football-data-csv,I1_2324.csv,https://www.football-data.co.uk/mmz4281/202324/I1.csv,2026-08-04 21:38:15,289,d5f1a8ab1688c2fbb4e99fe93d0aa807b7583bb13bba7850b6e0f1de615f2b07
2024-03-30,2023/24,Serie A,Fiorentina,Milan,1,2,7,5,12,football-data-csv,I1_2324.csv,https://www.football-data.co.uk/mmz4281/202324/I1.csv,2026-08-04 21:38:15,290,bec09f7ade1b77371c8ba0c37dfd0090fd6fa2cbb1054cbc94a7bf3aba28d186
2024-03-30,2023/24,Serie A,Genoa,Frosinone,1,1,3,8,11,football-data-csv,I1_2324.csv,https://www.football-data.co.uk/mmz4281/202324/I1.csv,2026-08-04 21:38:15,291,807f81bcf2b677339b288e40a283cf9a94b45c13283a78f07c3b5935b5096a17
2024-03-30,2023/24,Serie A,Lazio,Juventus,1,0,7,2,9,football-data-csv,I1_2324.csv,https://www.football-data.co.uk/mmz4281/202324/I1.csv,2026-08-04 21:38:15,292,ffffd45887a1796bfe4b4eef587a50eb1da2df4fd7eefb887a9da6883220de16
2024-03-30,2023/24,Serie A,Napoli,Atalanta,0,3,7,5,12,football-data-csv,I1_2324.csv,https://www.football-data.co.uk/mmz4281/202324/I1.csv,2026-08-04 21:38:15,293,cbf0b7e88489210fc9169fcf25e9d30e0909f50d15da21b0efd3ccf3c0369610
2024-03-30,2023/24,Serie A,Torino,Monza,1,0,7,2,9,football-data-csv,I1_2324.csv,https://www.football-data.co.uk/mmz4281/202324/I1.csv,2026-08-04 21:38:15,294,e5cdfab687a4c28a09378dd259b1fb91deaeb9f3da09c67729e3b1929d9973d3
2024-04-01,2023/24,Serie A,Bologna,Salernitana,3,0,5,3,8,football-data-csv,I1_2324.csv,https://www.football-data.co.uk/mmz4281/202324/I1.csv,2026-08-04 21:38:15,295,e856d8d55873c7fb0b6d9f74c961154bbb6e99b5037016e143a625438a85b492
2024-04-01,2023/24,Serie A,Cagliari,Verona,1,1,7,2,9,football-data-csv,I1_2324.csv,https://www.football-data.co.uk/mmz4281/202324/I1.csv,2026-08-04 21:38:15,296,a0f65f289ab1a9de031dbe5de233404dc0be9c13ebf43462e7921140c42ad4e0
2024-04-01,2023/24,Serie A,Inter,Empoli,2,0,8,6,14,football-data-csv,I1_2324.csv,https://www.football-data.co.uk/mmz4281/202324/I1.csv,2026-08-04 21:38:15,297,839504ac854c410eb73a9e01bde0580e7effbc95b2f263a4dbeb9738d0f5ef59
2024-04-01,2023/24,Serie A,Lecce,Roma,0,0,8,4,12,football-data-csv,I1_2324.csv,https://www.football-data.co.uk/mmz4281/202324/I1.csv,2026-08-04 21:38:15,298,6fb1dff1185af2b9aa5a7c0cc0cd844d512fc4cdf59a268abf5a4c42d2394817
2024-04-01,2023/24,Serie A,Sassuolo,Udinese,1,1,10,1,11,football-data-csv,I1_2324.csv,https://www.football-data.co.uk/mmz4281/202324/I1.csv,2026-08-04 21:38:15,299,f19cc5b7773ab8846c80cbe465d6cc5437dfb07ebf0935049b0bd97dbe6f5b72
2024-04-05,2023/24,Serie A,Salernitana,Sassuolo,2,2,4,9,13,football-data-csv,I1_2324.csv,https://www.football-data.co.uk/mmz4281/202324/I1.csv,2026-08-04 21:38:15,300,9a2d495a3e4b5b0ac08d922dded29ceb4814dbfa73ddec8bb821d94e74424b57
2024-04-06,2023/24,Serie A,Empoli,Torino,3,2,1,7,8,football-data-csv,I1_2324.csv,https://www.football-data.co.uk/mmz4281/202324/I1.csv,2026-08-04 21:38:15,301,a27b82d4cd2321aa8ec6f4a9315e4ba1ac33aaafdfba21783aa1edd93c4cf3b8
2024-04-06,2023/24,Serie A,Milan,Lecce,3,0,5,1,6,football-data-csv,I1_2324.csv,https://www.football-data.co.uk/mmz4281/202324/I1.csv,2026-08-04 21:38:15,302,84e68f6516fb9b0a97a96456ef1d2371bba7ce604de80d2afa4725d0e61c10ea
2024-04-06,2023/24,Serie A,Roma,Lazio,1,0,3,6,9,football-data-csv,I1_2324.csv,https://www.football-data.co.uk/mmz4281/202324/I1.csv,2026-08-04 21:38:15,303,4e445b35ee2f370ea0241cef6a7f2773148e3dfe868006c1e261257c03b34714
2024-04-07,2023/24,Serie A,Cagliari,Atalanta,2,1,4,4,8,football-data-csv,I1_2324.csv,https://www.football-data.co.uk/mmz4281/202324/I1.csv,2026-08-04 21:38:15,304,ab8893a9a2328a12dc621ae1a9363695f849e5acf7fa04002f180f5c6fb02cff
2024-04-07,2023/24,Serie A,Frosinone,Bologna,0,0,5,2,7,football-data-csv,I1_2324.csv,https://www.football-data.co.uk/mmz4281/202324/I1.csv,2026-08-04 21:38:15,305,3f8eacb58c9c54afca7a8ca1d32bf78e31c6d5cd234f84f1ddd2d0941e2a1ab1
2024-04-07,2023/24,Serie A,Juventus,Fiorentina,1,0,5,6,11,football-data-csv,I1_2324.csv,https://www.football-data.co.uk/mmz4281/202324/I1.csv,2026-08-04 21:38:15,306,7a376bd23a198bd80adab6da675e4cc9ccbe4596a261650bdba224fce11b2cfb
2024-04-07,2023/24,Serie A,Monza,Napoli,2,4,1,6,7,football-data-csv,I1_2324.csv,https://www.football-data.co.uk/mmz4281/202324/I1.csv,2026-08-04 21:38:15,307,0f091a4a7482a84402cb88f15c0c0382fe81c3a6d927d6772059b5fb41d021f1
2024-04-07,2023/24,Serie A,Verona,Genoa,1,2,5,3,8,football-data-csv,I1_2324.csv,https://www.football-data.co.uk/mmz4281/202324/I1.csv,2026-08-04 21:38:15,308,48e9128425d70fdc7c7ddef91eeb5ea6f25fe369a0c3f65f7d9abe06508231b8
2024-04-08,2023/24,Serie A,Udinese,Inter,1,2,0,8,8,football-data-csv,I1_2324.csv,https://www.football-data.co.uk/mmz4281/202324/I1.csv,2026-08-04 21:38:15,309,01d0b24e34f8898dc1d6a66184f3f8d7e672ef7bdf541797903ce217f55f2edd
2024-04-12,2023/24,Serie A,Lazio,Salernitana,4,1,9,0,9,football-data-csv,I1_2324.csv,https://www.football-data.co.uk/mmz4281/202324/I1.csv,2026-08-04 21:38:15,310,f1e686dc7c041666b2ed31795aab306ae9d2b94f8ea91c43af43fbf31080234b
2024-04-13,2023/24,Serie A,Bologna,Monza,0,0,10,0,10,football-data-csv,I1_2324.csv,https://www.football-data.co.uk/mmz4281/202324/I1.csv,2026-08-04 21:38:15,311,f39b89844eb1d722eb7570362a5dd1d65087b1800f06af9231618696aae7eef8
2024-04-13,2023/24,Serie A,Lecce,Empoli,1,0,10,3,13,football-data-csv,I1_2324.csv,https://www.football-data.co.uk/mmz4281/202324/I1.csv,2026-08-04 21:38:15,312,27182d2ed133d0079eea9eddc265e62211ef717f4887642d55d39738a2df3d23
2024-04-13,2023/24,Serie A,Torino,Juventus,0,0,6,2,8,football-data-csv,I1_2324.csv,https://www.football-data.co.uk/mmz4281/202324/I1.csv,2026-08-04 21:38:15,313,3c1cbc33b893acdfdf6bea1337464b67ce05ab07e1beac0839bead898426fc4e
2024-04-14,2023/24,Serie A,Inter,Cagliari,2,2,7,0,7,football-data-csv,I1_2324.csv,https://www.football-data.co.uk/mmz4281/202324/I1.csv,2026-08-04 21:38:15,314,01029c5c0d44485b769dee6f16712ccca2fdcb66809ee01c16ecaf74505352a4
2024-04-14,2023/24,Serie A,Napoli,Frosinone,2,2,6,2,8,football-data-csv,I1_2324.csv,https://www.football-data.co.uk/mmz4281/202324/I1.csv,2026-08-04 21:38:15,315,dc5c9bef07b5b3cd5e852bf07c5660e62de6a397b59d52091dc5f35996dd193e
2024-04-14,2023/24,Serie A,Sassuolo,Milan,3,3,2,6,8,football-data-csv,I1_2324.csv,https://www.football-data.co.uk/mmz4281/202324/I1.csv,2026-08-04 21:38:15,316,8b18999fc8ec1a786548fba967eb82ff2160545133522da53303df2d22f6add4
2024-04-15,2023/24,Serie A,Atalanta,Verona,2,2,5,4,9,football-data-csv,I1_2324.csv,https://www.football-data.co.uk/mmz4281/202324/I1.csv,2026-08-04 21:38:15,317,51b65f3df5f2d326daa210b02aa55b4e633ce1ef2702c37068ef3259419b5c24
2024-04-15,2023/24,Serie A,Fiorentina,Genoa,1,1,6,2,8,football-data-csv,I1_2324.csv,https://www.football-data.co.uk/mmz4281/202324/I1.csv,2026-08-04 21:38:15,318,a244ce26462d850570de85a52384467621bfde29146e60f84906110be627776b
2024-04-19,2023/24,Serie A,Cagliari,Juventus,2,2,4,3,7,football-data-csv,I1_2324.csv,https://www.football-data.co.uk/mmz4281/202324/I1.csv,2026-08-04 21:38:15,319,bd3e1e6d872171661378c3d56941ea572a7a4c016f61b4ab0154662e423ebed2
2024-04-19,2023/24,Serie A,Genoa,Lazio,0,1,2,9,11,football-data-csv,I1_2324.csv,https://www.football-data.co.uk/mmz4281/202324/I1.csv,2026-08-04 21:38:15,320,053f65de9ec3f7e92d985121032c8e4375dd29a29d238a661a82e8f0bd19b973
2024-04-20,2023/24,Serie A,Empoli,Napoli,1,0,2,8,10,football-data-csv,I1_2324.csv,https://www.football-data.co.uk/mmz4281/202324/I1.csv,2026-08-04 21:38:15,321,2d40237f5f3079168fcecace03e5631daa8d36e071836fd8436165924348f6b4
2024-04-20,2023/24,Serie A,Verona,Udinese,1,0,10,6,16,football-data-csv,I1_2324.csv,https://www.football-data.co.uk/mmz4281/202324/I1.csv,2026-08-04 21:38:15,322,ab92b55bd6130c643526c3003a7698677855ff1b200e24cda0cbc703f23fd85f
2024-04-21,2023/24,Serie A,Monza,Atalanta,1,2,2,8,10,football-data-csv,I1_2324.csv,https://www.football-data.co.uk/mmz4281/202324/I1.csv,2026-08-04 21:38:15,323,892d70910c6795bdebb64519401a959afd84ede8cfa483e4d0048b98cb423278
2024-04-21,2023/24,Serie A,Salernitana,Fiorentina,0,2,2,5,7,football-data-csv,I1_2324.csv,https://www.football-data.co.uk/mmz4281/202324/I1.csv,2026-08-04 21:38:15,324,a8d8b2deaf83b0ac9ae4efb9cb2c8cfe54b50d8a39b63edb13de79dec7c83d9d
2024-04-21,2023/24,Serie A,Sassuolo,Lecce,0,3,9,4,13,football-data-csv,I1_2324.csv,https://www.football-data.co.uk/mmz4281/202324/I1.csv,2026-08-04 21:38:15,325,1a5a311cdb3646e3c54d5af9e36131dded901bc25989df88d20a61ca516f590f
2024-04-21,2023/24,Serie A,Torino,Frosinone,0,0,6,4,10,football-data-csv,I1_2324.csv,https://www.football-data.co.uk/mmz4281/202324/I1.csv,2026-08-04 21:38:15,326,7e51b49626481a3fcf8821fe77673ac886965e71e283c76686b76a6a2a061078
2024-04-22,2023/24,Serie A,Milan,Inter,1,2,5,3,8,football-data-csv,I1_2324.csv,https://www.football-data.co.uk/mmz4281/202324/I1.csv,2026-08-04 21:38:15,327,2f8c62d98b65d69291bd49d253ffd64d6e7e32e820b4b13f5afc553152c51748
2024-04-22,2023/24,Serie A,Roma,Bologna,1,3,8,2,10,football-data-csv,I1_2324.csv,https://www.football-data.co.uk/mmz4281/202324/I1.csv,2026-08-04 21:38:15,328,14586dd1809c0f901481b25f98c4318f4d6c48d950892c140e649f1a6ff2e0c8
2024-04-25,2023/24,Serie A,Udinese,Roma,1,2,5,8,13,football-data-csv,I1_2324.csv,https://www.football-data.co.uk/mmz4281/202324/I1.csv,2026-08-04 21:38:15,329,f32652ffd78cf9dc05ff5df81f3d17bf3b59a868474438c7a7821f3d17f7b315
2024-04-26,2023/24,Serie A,Frosinone,Salernitana,3,0,7,3,10,football-data-csv,I1_2324.csv,https://www.football-data.co.uk/mmz4281/202324/I1.csv,2026-08-04 21:38:15,330,cee913f44b5b3493a26a229018ad8a0d55aaac7e6f7e1475e8826d2f95f7e10b
2024-04-27,2023/24,Serie A,Juventus,Milan,0,0,9,4,13,football-data-csv,I1_2324.csv,https://www.football-data.co.uk/mmz4281/202324/I1.csv,2026-08-04 21:38:15,331,e113672314396fa8f80918b579aeff2bf7cb4ae399bd829f2fac84e6049d4cad
2024-04-27,2023/24,Serie A,Lazio,Verona,1,0,4,2,6,football-data-csv,I1_2324.csv,https://www.football-data.co.uk/mmz4281/202324/I1.csv,2026-08-04 21:38:15,332,fcf4749690f9c3f5653e184d36e11be1430d2e704d4fe6927fa149d378481e0a
2024-04-27,2023/24,Serie A,Lecce,Monza,1,1,0,5,5,football-data-csv,I1_2324.csv,https://www.football-data.co.uk/mmz4281/202324/I1.csv,2026-08-04 21:38:15,333,26c604f15c5e4d605d171e3639140ae1d0e8456d4f82c513ef3205461293e264
2024-04-28,2023/24,Serie A,Atalanta,Empoli,2,0,8,1,9,football-data-csv,I1_2324.csv,https://www.football-data.co.uk/mmz4281/202324/I1.csv,2026-08-04 21:38:15,334,5a639f703ed6bc917e3cedb6fd4a247a1508e9a7b9e6d030af07414017146d45
2024-04-28,2023/24,Serie A,Bologna,Udinese,1,1,10,3,13,football-data-csv,I1_2324.csv,https://www.football-data.co.uk/mmz4281/202324/I1.csv,2026-08-04 21:38:15,335,5f4f0d84e53c064d933eb5410442f112ef17cdcc8a5c875e054b0b7583490da4
2024-04-28,2023/24,Serie A,Fiorentina,Sassuolo,5,1,10,2,12,football-data-csv,I1_2324.csv,https://www.football-data.co.uk/mmz4281/202324/I1.csv,2026-08-04 21:38:15,336,fa8486236fa2ca8bba5600a7a06e65d80dcbca6213a65bd10c7506e129e0eaf9
2024-04-28,2023/24,Serie A,Inter,Torino,2,0,5,4,9,football-data-csv,I1_2324.csv,https://www.football-data.co.uk/mmz4281/202324/I1.csv,2026-08-04 21:38:15,337,8d019f0ef20ae0f2cc49bf5adf7ce47488e090f89bfc888e8662785c778f55c1
2024-04-28,2023/24,Serie A,Napoli,Roma,2,2,9,2,11,football-data-csv,I1_2324.csv,https://www.football-data.co.uk/mmz4281/202324/I1.csv,2026-08-04 21:38:15,338,02c0a0bd65de62fd1fe41d6f3583fa66187592ee258e9665a861c9717d5765f1
2024-04-29,2023/24,Serie A,Genoa,Cagliari,3,0,2,4,6,football-data-csv,I1_2324.csv,https://www.football-data.co.uk/mmz4281/202324/I1.csv,2026-08-04 21:38:15,339,35bec160c30bbd14677c7ac41e56e361f9b07c9e22572c317a874822733e289a
2024-05-03,2023/24,Serie A,Torino,Bologna,0,0,2,4,6,football-data-csv,I1_2324.csv,https://www.football-data.co.uk/mmz4281/202324/I1.csv,2026-08-04 21:38:15,340,73edeb317355aea7dc5861a2f67e802d41a20375595043229e4f84b8ee4f076c
2024-05-04,2023/24,Serie A,Monza,Lazio,2,2,5,4,9,football-data-csv,I1_2324.csv,https://www.football-data.co.uk/mmz4281/202324/I1.csv,2026-08-04 21:38:15,341,f3ce50a5e90932018e1712362fb16ad0800fe7e82e232344da188ed616c23a67
2024-05-04,2023/24,Serie A,Sassuolo,Inter,1,0,2,5,7,football-data-csv,I1_2324.csv,https://www.football-data.co.uk/mmz4281/202324/I1.csv,2026-08-04 21:38:15,342,81c1d13a983dd1cac32bb7428c8cf2abc339551821ec913d32553e4df83b7255
2024-05-05,2023/24,Serie A,Cagliari,Lecce,1,1,3,10,13,football-data-csv,I1_2324.csv,https://www.football-data.co.uk/mmz4281/202324/I1.csv,2026-08-04 21:38:15,343,293872f96d66835cb62d522a7055681aee236d9250262af81bc90975ac5cb20c
2024-05-05,2023/24,Serie A,Empoli,Frosinone,0,0,3,8,11,football-data-csv,I1_2324.csv,https://www.football-data.co.uk/mmz4281/202324/I1.csv,2026-08-04 21:38:15,344,ced54882fd4c592994f925b90979138760ebcb0de25f326bafc684765873003a
2024-05-05,2023/24,Serie A,Milan,Genoa,3,3,7,1,8,football-data-csv,I1_2324.csv,https://www.football-data.co.uk/mmz4281/202324/I1.csv,2026-08-04 21:38:15,345,8308fb18a92df4cc03129fbc8e0df937759b622e0e41f7081f29ed464790dbb7
2024-05-05,2023/24,Serie A,Roma,Juventus,1,1,9,6,15,football-data-csv,I1_2324.csv,https://www.football-data.co.uk/mmz4281/202324/I1.csv,2026-08-04 21:38:15,346,b1b43658e9a5385b35af72ac308d69fcdd32f85bd6310323c9f7a3df03601aba
2024-05-05,2023/24,Serie A,Verona,Fiorentina,2,1,1,2,3,football-data-csv,I1_2324.csv,https://www.football-data.co.uk/mmz4281/202324/I1.csv,2026-08-04 21:38:15,347,ebc926609c75a9b7d00625c702175253b0097f9a3946aadee500d2f8427834f5
2024-05-06,2023/24,Serie A,Salernitana,Atalanta,1,2,1,7,8,football-data-csv,I1_2324.csv,https://www.football-data.co.uk/mmz4281/202324/I1.csv,2026-08-04 21:38:15,348,cc569a651865c1dd6be55afcc653e56f68c44f450c40d113284d9fe2df1e2f15
2024-05-06,2023/24,Serie A,Udinese,Napoli,1,1,7,5,12,football-data-csv,I1_2324.csv,https://www.football-data.co.uk/mmz4281/202324/I1.csv,2026-08-04 21:38:15,349,6864276fe1af629dfb1438519ba3e0baa8ae44e50cb1e1796719e6c3d6a6e6ba
2024-05-10,2023/24,Serie A,Frosinone,Inter,0,5,8,4,12,football-data-csv,I1_2324.csv,https://www.football-data.co.uk/mmz4281/202324/I1.csv,2026-08-04 21:38:15,350,75e8378ea109fb3c098f68dc804c3bb5a9bbe4512156a7fd2994c12ddef747d7
2024-05-11,2023/24,Serie A,Milan,Cagliari,5,1,6,3,9,football-data-csv,I1_2324.csv,https://www.football-data.co.uk/mmz4281/202324/I1.csv,2026-08-04 21:38:15,351,a2d69891f75a88f0e0042a93f4d1b80dc05259d536b82ec7e7b516c58ddae6f4
2024-05-11,2023/24,Serie A,Napoli,Bologna,0,2,9,3,12,football-data-csv,I1_2324.csv,https://www.football-data.co.uk/mmz4281/202324/I1.csv,2026-08-04 21:38:15,352,10118f98430805674aa7cc712f11cdd3e13a46fb4e23b535383bad53c73ab103
2024-05-12,2023/24,Serie A,Atalanta,Roma,2,1,6,1,7,football-data-csv,I1_2324.csv,https://www.football-data.co.uk/mmz4281/202324/I1.csv,2026-08-04 21:38:15,353,f591975d82438ee384b44a559bb6fa7093fb70f2e0b929c33e103be3c748cb29
2024-05-12,2023/24,Serie A,Genoa,Sassuolo,2,1,3,7,10,football-data-csv,I1_2324.csv,https://www.football-data.co.uk/mmz4281/202324/I1.csv,2026-08-04 21:38:15,354,b2dc0256e8ba3eb67f39071da6bf30f51d6de406c4bc8a3a0a9dd89e6d3c945b
2024-05-12,2023/24,Serie A,Juventus,Salernitana,1,1,9,4,13,football-data-csv,I1_2324.csv,https://www.football-data.co.uk/mmz4281/202324/I1.csv,2026-08-04 21:38:15,355,0294c990e7554ff06eb8d8a365c6a30dd709d3ce6f2e18c584c35dc278cb38d9
2024-05-12,2023/24,Serie A,Lazio,Empoli,2,0,7,7,14,football-data-csv,I1_2324.csv,https://www.football-data.co.uk/mmz4281/202324/I1.csv,2026-08-04 21:38:15,356,5d7ed2e718c2856aec92e782d7ab07febf6d2eb749f2b3bcb5d119858bfce282
2024-05-12,2023/24,Serie A,Verona,Torino,1,2,7,4,11,football-data-csv,I1_2324.csv,https://www.football-data.co.uk/mmz4281/202324/I1.csv,2026-08-04 21:38:15,357,85b2e549b298c39154e024f801983fbb07161babf293aca6f2a1db9583190dc6
2024-05-13,2023/24,Serie A,Fiorentina,Monza,2,1,6,1,7,football-data-csv,I1_2324.csv,https://www.football-data.co.uk/mmz4281/202324/I1.csv,2026-08-04 21:38:15,358,cc069cb020488e1d9e5160a2604874b3ed03eba9f85dcdbf63fc3fd348e842b9
2024-05-13,2023/24,Serie A,Lecce,Udinese,0,2,8,2,10,football-data-csv,I1_2324.csv,https://www.football-data.co.uk/mmz4281/202324/I1.csv,2026-08-04 21:38:15,359,c2d41b50020eed8b51e804c19d8d1746430fc0735f3e75041e77036c1e41855c
2024-05-17,2023/24,Serie A,Fiorentina,Napoli,2,2,5,3,8,football-data-csv,I1_2324.csv,https://www.football-data.co.uk/mmz4281/202324/I1.csv,2026-08-04 21:38:15,360,4f5297b2db44267c55d755d7676fabc2a9f5dc26aa1060f940342b60df22b78f
2024-05-18,2023/24,Serie A,Lecce,Atalanta,0,2,2,5,7,football-data-csv,I1_2324.csv,https://www.football-data.co.uk/mmz4281/202324/I1.csv,2026-08-04 21:38:15,361,7a7bdee83a85af73f4607ba3eeeaedf1f349b99b08b54d625958fc10172764c5
2024-05-18,2023/24,Serie A,Torino,Milan,3,1,3,8,11,football-data-csv,I1_2324.csv,https://www.football-data.co.uk/mmz4281/202324/I1.csv,2026-08-04 21:38:15,362,02ed44e1edc8d005ce09b632974b0eca0a4aecbecb9ff347385718b61b183655
2024-05-19,2023/24,Serie A,Inter,Lazio,1,1,8,0,8,football-data-csv,I1_2324.csv,https://www.football-data.co.uk/mmz4281/202324/I1.csv,2026-08-04 21:38:15,363,94c772581ab240b7d919c151047d417cef1c83bffc84f79dff5e8784b6a4082b
2024-05-19,2023/24,Serie A,Monza,Frosinone,0,1,3,4,7,football-data-csv,I1_2324.csv,https://www.football-data.co.uk/mmz4281/202324/I1.csv,2026-08-04 21:38:15,364,1ec22b4177c1416355490bddfac076356e41734a0ed7c96c17fa651bd9012564
2024-05-19,2023/24,Serie A,Roma,Genoa,1,0,6,3,9,football-data-csv,I1_2324.csv,https://www.football-data.co.uk/mmz4281/202324/I1.csv,2026-08-04 21:38:15,365,42ae4775c72016f1e8b0b516b2f7b90fb3f9ca0c250e4d56befb96abce55ed73
2024-05-19,2023/24,Serie A,Sassuolo,Cagliari,0,2,5,6,11,football-data-csv,I1_2324.csv,https://www.football-data.co.uk/mmz4281/202324/I1.csv,2026-08-04 21:38:15,366,42efc8f88c558f0852ab1c31fc98ebce7ad6c7d867228dadd62acf5ea57f1269
2024-05-19,2023/24,Serie A,Udinese,Empoli,1,1,5,5,10,football-data-csv,I1_2324.csv,https://www.football-data.co.uk/mmz4281/202324/I1.csv,2026-08-04 21:38:15,367,4c5a84d0ac43819943e214d7df9f54b4c70ad160f049d03f55e4ae38aaaf5c75
2024-05-20,2023/24,Serie A,Bologna,Juventus,3,3,3,2,5,football-data-csv,I1_2324.csv,https://www.football-data.co.uk/mmz4281/202324/I1.csv,2026-08-04 21:38:15,368,3a746f57d395ea3736855345ccacbca89b5626e0a0215e1893895f937bfcf192
2024-05-20,2023/24,Serie A,Salernitana,Verona,1,2,4,6,10,football-data-csv,I1_2324.csv,https://www.football-data.co.uk/mmz4281/202324/I1.csv,2026-08-04 21:38:15,369,eec23851cef8dedf3d83b735d372378332120cb4e72e961f9376ced771d2fd1a
2024-05-23,2023/24,Serie A,Cagliari,Fiorentina,2,3,4,5,9,football-data-csv,I1_2324.csv,https://www.football-data.co.uk/mmz4281/202324/I1.csv,2026-08-04 21:38:15,370,06cc90e2edb833cf111f1c5094f3d35a6f2edc28e52754cf74f4f364cb029e37
2024-05-24,2023/24,Serie A,Genoa,Bologna,2,0,3,6,9,football-data-csv,I1_2324.csv,https://www.football-data.co.uk/mmz4281/202324/I1.csv,2026-08-04 21:38:15,371,11f3e039fa2c18b6f78563a80beab4bbbd222e26095d570208408364e7fd8eeb
2024-05-25,2023/24,Serie A,Juventus,Monza,2,0,3,4,7,football-data-csv,I1_2324.csv,https://www.football-data.co.uk/mmz4281/202324/I1.csv,2026-08-04 21:38:15,372,1a019419998015b809439e1d25302c2367cd00e0e41651a60219a7fffd61474f
2024-05-25,2023/24,Serie A,Milan,Salernitana,3,3,13,3,16,football-data-csv,I1_2324.csv,https://www.football-data.co.uk/mmz4281/202324/I1.csv,2026-08-04 21:38:15,373,2599b685a8f355922de5f583eebf03ef1bf3c1092f60a7f9c284ce5fdeb3b56f
2024-05-26,2023/24,Serie A,Atalanta,Torino,3,0,2,5,7,football-data-csv,I1_2324.csv,https://www.football-data.co.uk/mmz4281/202324/I1.csv,2026-08-04 21:38:15,374,84d80afd1ff4cea6fa7fa5d158fbaad220bd1720103a4387ec0d709f1452bc52
2024-05-26,2023/24,Serie A,Empoli,Roma,2,1,4,5,9,football-data-csv,I1_2324.csv,https://www.football-data.co.uk/mmz4281/202324/I1.csv,2026-08-04 21:38:15,375,3742e2f4207cc3280549f952eaa6e458d2ff73d42d7bd1c3554b3afdafd56b81
2024-05-26,2023/24,Serie A,Frosinone,Udinese,0,1,11,1,12,football-data-csv,I1_2324.csv,https://www.football-data.co.uk/mmz4281/202324/I1.csv,2026-08-04 21:38:15,376,5830644a209aa08fcb79f1d41eaad8bf8263bd51944e9b8947b0b212658c338f
2024-05-26,2023/24,Serie A,Lazio,Sassuolo,1,1,5,3,8,football-data-csv,I1_2324.csv,https://www.football-data.co.uk/mmz4281/202324/I1.csv,2026-08-04 21:38:15,377,b75fb55079a290a21ebb4926fb3224e8212fd40c5c4239fb690bde92814b15e2
2024-05-26,2023/24,Serie A,Napoli,Lecce,0,0,4,1,5,football-data-csv,I1_2324.csv,https://www.football-data.co.uk/mmz4281/202324/I1.csv,2026-08-04 21:38:15,378,69d4f5b82b585a8905b83bab2a23c59fe4515f62804229edc5c1962221af045f
2024-05-26,2023/24,Serie A,Verona,Inter,2,2,9,3,12,football-data-csv,I1_2324.csv,https://www.football-data.co.uk/mmz4281/202324/I1.csv,2026-08-04 21:38:15,379,3bb8f4fc1d5b89a4c9948837e3d90e29a983d506ba52cf7bbb4d03c3699419a8
2024-06-02,2023/24,Serie A,Atalanta,Fiorentina,2,3,4,4,8,football-data-csv,I1_2324.csv,https://www.football-data.co.uk/mmz4281/202324/I1.csv,2026-08-04 21:38:15,380,4e436ea9ba07ec9d488329fd9b989f3147e1313cf5ef8622968b14e231f4e18d
2024-08-17,2024/25,Serie A,Empoli,Monza,0,0,7,3,10,football-data-csv,I1_2425.csv,https://www.football-data.co.uk/mmz4281/202425/I1.csv,2026-08-04 21:38:15,381,120be8d89a62bffafbbc53acca14fbf08b204a9a066087092201402ff936a300
2024-08-17,2024/25,Serie A,Genoa,Inter,2,2,1,4,5,football-data-csv,I1_2425.csv,https://www.football-data.co.uk/mmz4281/202425/I1.csv,2026-08-04 21:38:15,382,5ea2577d9c825d4e4718c386d8e2a1d17861d1e25077809f23db7953ef993120
2024-08-17,2024/25,Serie A,Milan,Torino,2,2,9,2,11,football-data-csv,I1_2425.csv,https://www.football-data.co.uk/mmz4281/202425/I1.csv,2026-08-04 21:38:15,383,e0a229817b367328087821afe352c9d238ad5de9350885adfcd0fbb27da0f471
2024-08-17,2024/25,Serie A,Parma,Fiorentina,1,1,4,9,13,football-data-csv,I1_2425.csv,https://www.football-data.co.uk/mmz4281/202425/I1.csv,2026-08-04 21:38:15,384,0f01b451c3e69f7a0c8fd7de4060e440463a21f3e813f4c2e627e979f56abf1c
2024-08-18,2024/25,Serie A,Bologna,Udinese,1,1,7,5,12,football-data-csv,I1_2425.csv,https://www.football-data.co.uk/mmz4281/202425/I1.csv,2026-08-04 21:38:15,385,0fa224014f91d1407174ba1927d38e0a85ac678c58f82ffc1b9eb876850927a6
2024-08-18,2024/25,Serie A,Cagliari,Roma,0,0,5,3,8,football-data-csv,I1_2425.csv,https://www.football-data.co.uk/mmz4281/202425/I1.csv,2026-08-04 21:38:15,386,5b6b4d992465aeea66b37d3e0c0d7842f021331d8c414c6028c401f0f32e28eb
2024-08-18,2024/25,Serie A,Lazio,Venezia,3,1,6,3,9,football-data-csv,I1_2425.csv,https://www.football-data.co.uk/mmz4281/202425/I1.csv,2026-08-04 21:38:15,387,2d344901458d9d6e0566afd3c9f148a03b11b0b984404bce46b529b837b5a914
2024-08-18,2024/25,Serie A,Verona,Napoli,3,0,1,5,6,football-data-csv,I1_2425.csv,https://www.football-data.co.uk/mmz4281/202425/I1.csv,2026-08-04 21:38:15,388,b749c62b340c28d2ae129b0bdbaca1e8ce77b3c997c0d61b6633a843713edc44
2024-08-19,2024/25,Serie A,Juventus,Como,3,0,3,0,3,football-data-csv,I1_2425.csv,https://www.football-data.co.uk/mmz4281/202425/I1.csv,2026-08-04 21:38:15,389,56053c993e0ced4e8c793df2ad25a8525daaf5d146745332fce336b790fab5d6
2024-08-19,2024/25,Serie A,Lecce,Atalanta,0,4,5,3,8,football-data-csv,I1_2425.csv,https://www.football-data.co.uk/mmz4281/202425/I1.csv,2026-08-04 21:38:15,390,a3b5f2caef3e8c085db79b9661fbe78d3e03a236777c1f3dc648e35e1ff5cffe
2024-08-24,2024/25,Serie A,Inter,Lecce,2,0,10,6,16,football-data-csv,I1_2425.csv,https://www.football-data.co.uk/mmz4281/202425/I1.csv,2026-08-04 21:38:15,391,1c769ed7eef7efde63deaa3e430a01332ed144e264b6365be8b6101b924889a9
2024-08-24,2024/25,Serie A,Monza,Genoa,0,1,8,3,11,football-data-csv,I1_2425.csv,https://www.football-data.co.uk/mmz4281/202425/I1.csv,2026-08-04 21:38:15,392,09c7353af4af1f1a355fb1ccb697852b3da6543d8addf5afcde3ba9829e94985
2024-08-24,2024/25,Serie A,Parma,Milan,2,1,3,9,12,football-data-csv,I1_2425.csv,https://www.football-data.co.uk/mmz4281/202425/I1.csv,2026-08-04 21:38:15,393,ac16cc674ff6088b7ae787ce64ad42e4836f5e9b879eb3f69f7ed4b24b481fed
2024-08-24,2024/25,Serie A,Udinese,Lazio,2,1,4,13,17,football-data-csv,I1_2425.csv,https://www.football-data.co.uk/mmz4281/202425/I1.csv,2026-08-04 21:38:15,394,8c413a6b2dc6f6a6c8db880141196963e9ef559367a2606b1a682b8deb216670
2024-08-25,2024/25,Serie A,Fiorentina,Venezia,0,0,7,3,10,football-data-csv,I1_2425.csv,https://www.football-data.co.uk/mmz4281/202425/I1.csv,2026-08-04 21:38:15,395,8c411cd70ed1c122e236136d658d54adc573c491c41d69ea9be26aacc00363fd
2024-08-25,2024/25,Serie A,Napoli,Bologna,3,0,7,5,12,football-data-csv,I1_2425.csv,https://www.football-data.co.uk/mmz4281/202425/I1.csv,2026-08-04 21:38:15,396,29c2e924f567de83223b043db8b28647a89868ca957fed77549778ad0d002a0f
2024-08-25,2024/25,Serie A,Roma,Empoli,1,2,8,5,13,football-data-csv,I1_2425.csv,https://www.football-data.co.uk/mmz4281/202425/I1.csv,2026-08-04 21:38:15,397,b8c865021c212b03cda327e52b0aa8671fa2fe6883c2feafa7abb4b1746ea65e
2024-08-25,2024/25,Serie A,Torino,Atalanta,2,1,4,6,10,football-data-csv,I1_2425.csv,https://www.football-data.co.uk/mmz4281/202425/I1.csv,2026-08-04 21:38:15,398,7e78848cc45bea987347073ed3ce68899a7f318bd01d2ea2b88884b5ee1cbd8a
2024-08-26,2024/25,Serie A,Cagliari,Como,1,1,5,6,11,football-data-csv,I1_2425.csv,https://www.football-data.co.uk/mmz4281/202425/I1.csv,2026-08-04 21:38:15,399,e9844dfa2bda8bc22aad18ea91562490092e10a756ea0b4bbc4ed8f54d6e091b
2024-08-26,2024/25,Serie A,Verona,Juventus,0,3,4,1,5,football-data-csv,I1_2425.csv,https://www.football-data.co.uk/mmz4281/202425/I1.csv,2026-08-04 21:38:15,400,dacb115df82eb2fb8a0ac25f64a00be35780919f3a2ae7302b858e3a487a5e2b
2024-08-30,2024/25,Serie A,Inter,Atalanta,4,0,3,4,7,football-data-csv,I1_2425.csv,https://www.football-data.co.uk/mmz4281/202425/I1.csv,2026-08-04 21:38:15,401,9fce1f3da644a4bfa5a5e2eb6214b820642b11ee802c4a29d1fc6b8d84e0e2b1
2024-08-30,2024/25,Serie A,Venezia,Torino,0,1,3,3,6,football-data-csv,I1_2425.csv,https://www.football-data.co.uk/mmz4281/202425/I1.csv,2026-08-04 21:38:15,402,a4e235dc3677fbf92248a4cf5d2ee5838ef764e9b8091e7fe961c7a853303f02
2024-08-31,2024/25,Serie A,Bologna,Empoli,1,1,6,3,9,football-data-csv,I1_2425.csv,https://www.football-data.co.uk/mmz4281/202425/I1.csv,2026-08-04 21:38:15,403,c39ee4cb2e3923dc72b30f3995a737c37866806252361edc8cfb52c218fb0bfb
2024-08-31,2024/25,Serie A,Lazio,Milan,2,2,5,7,12,football-data-csv,I1_2425.csv,https://www.football-data.co.uk/mmz4281/202425/I1.csv,2026-08-04 21:38:15,404,0c2cf72d5b721ffd1e3e57201b425bb215a99574bd5cd314852ba7de6f2e6240
2024-08-31,2024/25,Serie A,Lecce,Cagliari,1,0,7,10,17,football-data-csv,I1_2425.csv,https://www.football-data.co.uk/mmz4281/202425/I1.csv,2026-08-04 21:38:15,405,dd6a755aa14e6a5b52de5f87e4f691fb8f4234ebced7529caf2eb140ab70393c
2024-08-31,2024/25,Serie A,Napoli,Parma,2,1,6,4,10,football-data-csv,I1_2425.csv,https://www.football-data.co.uk/mmz4281/202425/I1.csv,2026-08-04 21:38:15,406,03ede1af6facdfd21eb8aef25c9abe4bf192c632aa52970e80605074d8b2fb4f
2024-09-01,2024/25,Serie A,Fiorentina,Monza,2,2,6,0,6,football-data-csv,I1_2425.csv,https://www.football-data.co.uk/mmz4281/202425/I1.csv,2026-08-04 21:38:15,407,ae5f0e8382d163a665cbf448af4ac2d8a6888f68bdfef422e803779dbb6cdbaa
2024-09-01,2024/25,Serie A,Genoa,Verona,0,2,3,1,4,football-data-csv,I1_2425.csv,https://www.football-data.co.uk/mmz4281/202425/I1.csv,2026-08-04 21:38:15,408,e3ca5bc02d7279a1f794ecb6a298541e0a6f633eaec68a08e3ac294e9d8848a9
2024-09-01,2024/25,Serie A,Juventus,Roma,0,0,6,4,10,football-data-csv,I1_2425.csv,https://www.football-data.co.uk/mmz4281/202425/I1.csv,2026-08-04 21:38:15,409,e8bcab61c8362f210a71d0ea9a7c133f989c8a902bca5234bca983973b0eb3e3
2024-09-01,2024/25,Serie A,Udinese,Como,1,0,4,6,10,football-data-csv,I1_2425.csv,https://www.football-data.co.uk/mmz4281/202425/I1.csv,2026-08-04 21:38:15,410,0695a99655b8e6d73c0f1f17841d9e5930d36e52818b611134db6afc25069d4b
2024-09-14,2024/25,Serie A,Como,Bologna,2,2,4,3,7,football-data-csv,I1_2425.csv,https://www.football-data.co.uk/mmz4281/202425/I1.csv,2026-08-04 21:38:15,411,1af97a1d6575b9e14a166040850251e99dddfd7054098fb0f8c070fb25881a26
2024-09-14,2024/25,Serie A,Empoli,Juventus,0,0,4,8,12,football-data-csv,I1_2425.csv,https://www.football-data.co.uk/mmz4281/202425/I1.csv,2026-08-04 21:38:15,412,ec1760c8e4afe6e5cf34a3ca1938012782280b6e2094484daa90299e5247ab8a
2024-09-14,2024/25,Serie A,Milan,Venezia,4,0,6,1,7,football-data-csv,I1_2425.csv,https://www.football-data.co.uk/mmz4281/202425/I1.csv,2026-08-04 21:38:15,413,2d1c679d622dd4f4ca5b6345e59eb15a6ca447403c094e193f6ca6bd6b399075
2024-09-15,2024/25,Serie A,Atalanta,Fiorentina,3,2,4,2,6,football-data-csv,I1_2425.csv,https://www.football-data.co.uk/mmz4281/202425/I1.csv,2026-08-04 21:38:15,414,ce481844379c295d97d14f0fe74824a68304c9209cef1cf8a25976d6c3b8fd43
2024-09-15,2024/25,Serie A,Cagliari,Napoli,0,4,7,4,11,football-data-csv,I1_2425.csv,https://www.football-data.co.uk/mmz4281/202425/I1.csv,2026-08-04 21:38:15,415,47c64519d49dfe59ee8b0f7c10c9013c9b56019444a75b8c57e73d0a4e114962
2024-09-15,2024/25,Serie A,Genoa,Roma,1,1,4,5,9,football-data-csv,I1_2425.csv,https://www.football-data.co.uk/mmz4281/202425/I1.csv,2026-08-04 21:38:15,416,fd441aedb7c83277c3a9d5819ce15ea7ef7b41338ad835785c74e3e65b591f4f
2024-09-15,2024/25,Serie A,Monza,Inter,1,1,1,8,9,football-data-csv,I1_2425.csv,https://www.football-data.co.uk/mmz4281/202425/I1.csv,2026-08-04 21:38:15,417,492641ffc586075dfe7155fb64daf4c21014cffaa67b56645c58d4c9c1503c95
2024-09-15,2024/25,Serie A,Torino,Lecce,0,0,2,7,9,football-data-csv,I1_2425.csv,https://www.football-data.co.uk/mmz4281/202425/I1.csv,2026-08-04 21:38:15,418,566de1bdd225666273c74bac328e1ef7f43cc12e7a56a77d374d5659c561921b
2024-09-16,2024/25,Serie A,Lazio,Verona,2,1,9,6,15,football-data-csv,I1_2425.csv,https://www.football-data.co.uk/mmz4281/202425/I1.csv,2026-08-04 21:38:15,419,1687da07afcad11456918345cb3848e8c7020398ab3a9e45dd87f4a199956e74
2024-09-16,2024/25,Serie A,Parma,Udinese,2,3,5,6,11,football-data-csv,I1_2425.csv,https://www.football-data.co.uk/mmz4281/202425/I1.csv,2026-08-04 21:38:15,420,3a4fa289ab946a5253e5925f44be10e902e98f511f9ad084f20d1f8b3e11b763
2024-09-20,2024/25,Serie A,Cagliari,Empoli,0,2,10,4,14,football-data-csv,I1_2425.csv,https://www.football-data.co.uk/mmz4281/202425/I1.csv,2026-08-04 21:38:15,421,70126a1beb865f19fa666bb11752aa94a9ed7a03597bfdfbff7f58d3d9c4090c
2024-09-20,2024/25,Serie A,Verona,Torino,2,3,5,6,11,football-data-csv,I1_2425.csv,https://www.football-data.co.uk/mmz4281/202425/I1.csv,2026-08-04 21:38:15,422,410be391aff8d3ab432af8977322ca65032befd6c4d8daf42a3be48f6f9c699f
2024-09-21,2024/25,Serie A,Juventus,Napoli,0,0,4,3,7,football-data-csv,I1_2425.csv,https://www.football-data.co.uk/mmz4281/202425/I1.csv,2026-08-04 21:38:15,423,2b68093187fcd8894fae46af2a8adc32352bdda1d67220eb0f33b59ede1ff7a0
2024-09-21,2024/25,Serie A,Lecce,Parma,2,2,2,12,14,football-data-csv,I1_2425.csv,https://www.football-data.co.uk/mmz4281/202425/I1.csv,2026-08-04 21:38:15,424,ea13f9c908727f582038ff464638a56ff2a4a74b756623297626613c56ce222b
2024-09-21,2024/25,Serie A,Venezia,Genoa,2,0,3,4,7,football-data-csv,I1_2425.csv,https://www.football-data.co.uk/mmz4281/202425/I1.csv,2026-08-04 21:38:15,425,68060450f7c2e018af73139386240b4a38cef3f5d16bd8956634226e24bcc087
2024-09-22,2024/25,Serie A,Fiorentina,Lazio,2,1,3,10,13,football-data-csv,I1_2425.csv,https://www.football-data.co.uk/mmz4281/202425/I1.csv,2026-08-04 21:38:15,426,41ab251d32cdfd08b87e13a1a60cb4716ce23e1c51e5f36d6a5ae00f1ea1ec5f
2024-09-22,2024/25,Serie A,Inter,Milan,1,2,6,2,8,football-data-csv,I1_2425.csv,https://www.football-data.co.uk/mmz4281/202425/I1.csv,2026-08-04 21:38:15,427,3afa676f90394fe1b08e7b202a9a5147875217cf265996b2ec26f7d4ee3f4932
2024-09-22,2024/25,Serie A,Monza,Bologna,1,2,2,2,4,football-data-csv,I1_2425.csv,https://www.football-data.co.uk/mmz4281/202425/I1.csv,2026-08-04 21:38:15,428,8231fa55d20c6626b2bb0bc759463d47c13aa3e9c752640b4aa473212da63e22
2024-09-22,2024/25,Serie A,Roma,Udinese,3,0,2,1,3,football-data-csv,I1_2425.csv,https://www.football-data.co.uk/mmz4281/202425/I1.csv,2026-08-04 21:38:15,429,989a7d560cc25a9e1abb05ad031f967410b9c483b0e2a9ee0549926624334947
2024-09-24,2024/25,Serie A,Atalanta,Como,2,3,6,2,8,football-data-csv,I1_2425.csv,https://www.football-data.co.uk/mmz4281/202425/I1.csv,2026-08-04 21:38:15,430,3b6d0282f356d0b25e63567c81cb899545b776eb7b5ecbe43de733aab280a40a
2024-09-27,2024/25,Serie A,Milan,Lecce,3,0,4,7,11,football-data-csv,I1_2425.csv,https://www.football-data.co.uk/mmz4281/202425/I1.csv,2026-08-04 21:38:15,431,8e5eaf437121aab80e2f0fa3340d1055bd96db8a0b92eb93695c10f3633964f5
2024-09-28,2024/25,Serie A,Bologna,Atalanta,1,1,2,9,11,football-data-csv,I1_2425.csv,https://www.football-data.co.uk/mmz4281/202425/I1.csv,2026-08-04 21:38:15,432,e855cd8737f91e49ff87cfea31e81e6a149efa7be7d1a14cf9cf3ccc8a01549e
2024-09-28,2024/25,Serie A,Genoa,Juventus,0,3,5,3,8,football-data-csv,I1_2425.csv,https://www.football-data.co.uk/mmz4281/202425/I1.csv,2026-08-04 21:38:15,433,56b2cc92e1dfa61b0d9478462e5601832c840346656917dac1dbc8c557dfc081
2024-09-28,2024/25,Serie A,Udinese,Inter,2,3,7,3,10,football-data-csv,I1_2425.csv,https://www.football-data.co.uk/mmz4281/202425/I1.csv,2026-08-04 21:38:15,434,2458dc6b1123558dd12902b57eafe6fb713e27d075134a2824b6ef751eb596b7
2024-09-29,2024/25,Serie A,Como,Verona,3,2,9,1,10,football-data-csv,I1_2425.csv,https://www.football-data.co.uk/mmz4281/202425/I1.csv,2026-08-04 21:38:15,435,6d7f6ca560c523e86b571aa5e7c9c2efecd14990ae17ed5aaf1b02d4c654a50e
2024-09-29,2024/25,Serie A,Empoli,Fiorentina,0,0,2,4,6,football-data-csv,I1_2425.csv,https://www.football-data.co.uk/mmz4281/202425/I1.csv,2026-08-04 21:38:15,436,fed92790344a302da15bdd79c5e5d7d11133775a63300127cd75d6053fcfa9b0
2024-09-29,2024/25,Serie A,Napoli,Monza,2,0,1,3,4,football-data-csv,I1_2425.csv,https://www.football-data.co.uk/mmz4281/202425/I1.csv,2026-08-04 21:38:15,437,cd1988b7d1a23815ce526cbb38f52d38176ddf25b1961bfa26649f5bde2fba1e
2024-09-29,2024/25,Serie A,Roma,Venezia,2,1,6,3,9,football-data-csv,I1_2425.csv,https://www.football-data.co.uk/mmz4281/202425/I1.csv,2026-08-04 21:38:15,438,4fdb4ddb93f053cb4ba86f1aeaa65bdbc57e0dbd1043d009ce5a9aade965f0a1
2024-09-29,2024/25,Serie A,Torino,Lazio,2,3,3,1,4,football-data-csv,I1_2425.csv,https://www.football-data.co.uk/mmz4281/202425/I1.csv,2026-08-04 21:38:15,439,ca7f78aba52734b21bc8405ba0f1a8141108fb30f6d0010c292070046fa7fdf9
2024-09-30,2024/25,Serie A,Parma,Cagliari,2,3,5,3,8,football-data-csv,I1_2425.csv,https://www.football-data.co.uk/mmz4281/202425/I1.csv,2026-08-04 21:38:15,440,5ce463849d5bd6a357919d5adff3c9d8e3629b0ec21912489cabc6e11df1ea27
2024-10-04,2024/25,Serie A,Napoli,Como,3,1,4,1,5,football-data-csv,I1_2425.csv,https://www.football-data.co.uk/mmz4281/202425/I1.csv,2026-08-04 21:38:15,441,4a021ad4fe16ddd4d104bed0a308256246f160581dca7adb50406062884198af
2024-10-04,2024/25,Serie A,Verona,Venezia,2,1,13,6,19,football-data-csv,I1_2425.csv,https://www.football-data.co.uk/mmz4281/202425/I1.csv,2026-08-04 21:38:15,442,264d60500dafcb178b6188344ca14f8c993c5df74b050788769e3060f6b78872
2024-10-05,2024/25,Serie A,Atalanta,Genoa,5,1,4,2,6,football-data-csv,I1_2425.csv,https://www.football-data.co.uk/mmz4281/202425/I1.csv,2026-08-04 21:38:15,443,da10bfca3cf8682000d4d46caaba790cc624175d1d0e311773bcec37c4748eab
2024-10-05,2024/25,Serie A,Inter,Torino,3,2,14,0,14,football-data-csv,I1_2425.csv,https://www.football-data.co.uk/mmz4281/202425/I1.csv,2026-08-04 21:38:15,444,296064759c3ffaa31c3b28f661278806294e886851d48835dfd73a7281e7fae4
2024-10-05,2024/25,Serie A,Udinese,Lecce,1,0,5,0,5,football-data-csv,I1_2425.csv,https://www.football-data.co.uk/mmz4281/202425/I1.csv,2026-08-04 21:38:15,445,5bad50f355fe483bc320a8f8272f418233f036fc29f44c95d6b5f8abc9db9839
2024-10-06,2024/25,Serie A,Bologna,Parma,0,0,13,6,19,football-data-csv,I1_2425.csv,https://www.football-data.co.uk/mmz4281/202425/I1.csv,2026-08-04 21:38:15,446,2a2ea91f329f0e9a07900be827fc89df669165d14f128df0ed6c2eb175423ba7
2024-10-06,2024/25,Serie A,Fiorentina,Milan,2,1,0,7,7,football-data-csv,I1_2425.csv,https://www.football-data.co.uk/mmz4281/202425/I1.csv,2026-08-04 21:38:15,447,797fda875ad01f9ef716d0440ba372a81d68b0d9b1106493951315c938e05473
2024-10-06,2024/25,Serie A,Juventus,Cagliari,1,1,8,3,11,football-data-csv,I1_2425.csv,https://www.football-data.co.uk/mmz4281/202425/I1.csv,2026-08-04 21:38:15,448,6685a7e0bc138c6f12867541c16283653f57fa1a5d13aaaf2022e3b8c5730267
2024-10-06,2024/25,Serie A,Lazio,Empoli,2,1,5,3,8,football-data-csv,I1_2425.csv,https://www.football-data.co.uk/mmz4281/202425/I1.csv,2026-08-04 21:38:15,449,3c41b99933fdd45a3ec8bc78970a24f01ea22569fdaf2390894f345571a5bdb5
2024-10-06,2024/25,Serie A,Monza,Roma,1,1,1,3,4,football-data-csv,I1_2425.csv,https://www.football-data.co.uk/mmz4281/202425/I1.csv,2026-08-04 21:38:15,450,f4ce13cf98394abd1ca51a8e042b261d3c175ee237763ec9de5fed33cdd8e0e4
2024-10-19,2024/25,Serie A,Como,Parma,1,1,7,4,11,football-data-csv,I1_2425.csv,https://www.football-data.co.uk/mmz4281/202425/I1.csv,2026-08-04 21:38:15,451,7b3aa135035b8574dd59dddf5731e5a69a98659d1d2c5018684ba657e6bf249a
2024-10-19,2024/25,Serie A,Genoa,Bologna,2,2,1,7,8,football-data-csv,I1_2425.csv,https://www.football-data.co.uk/mmz4281/202425/I1.csv,2026-08-04 21:38:15,452,4c9c22371f039e8bfe4e5621ec2fc5f1207519b5c580353ea3a136ed81131313
2024-10-19,2024/25,Serie A,Juventus,Lazio,1,0,7,1,8,football-data-csv,I1_2425.csv,https://www.football-data.co.uk/mmz4281/202425/I1.csv,2026-08-04 21:38:15,453,5c1d5a63c819e354af44694868531c0d62e8e4d18f29425db6efc6d4ef840b08
2024-10-19,2024/25,Serie A,Milan,Udinese,1,0,8,4,12,football-data-csv,I1_2425.csv,https://www.football-data.co.uk/mmz4281/202425/I1.csv,2026-08-04 21:38:15,454,b6969ea4a40e258f17a0c44964d08be23b4880ddc58fce621dd5c76f53bafd36
2024-10-20,2024/25,Serie A,Cagliari,Torino,3,2,9,12,21,football-data-csv,I1_2425.csv,https://www.football-data.co.uk/mmz4281/202425/I1.csv,2026-08-04 21:38:15,455,bcda5d35128fad6c54d663be0150a730a2734b2a46235f568b3146c9d7d2cd86
2024-10-20,2024/25,Serie A,Empoli,Napoli,0,1,7,7,14,football-data-csv,I1_2425.csv,https://www.football-data.co.uk/mmz4281/202425/I1.csv,2026-08-04 21:38:15,456,a5bce233459490f207d7ea2f36eeccdac24221744b0df0f76d68d72b92225bdb
2024-10-20,2024/25,Serie A,Lecce,Fiorentina,0,6,1,3,4,football-data-csv,I1_2425.csv,https://www.football-data.co.uk/mmz4281/202425/I1.csv,2026-08-04 21:38:15,457,237718a2248cf8a5f8d3c0289a296dd386c86dc71716725da1398d0b35ed56df
2024-10-20,2024/25,Serie A,Roma,Inter,0,1,3,3,6,football-data-csv,I1_2425.csv,https://www.football-data.co.uk/mmz4281/202425/I1.csv,2026-08-04 21:38:15,458,c79b2d7f054b42ccd6f159c5d14cea8c49d0755e334c4eafe4798b4193b4d5a6
2024-10-20,2024/25,Serie A,Venezia,Atalanta,0,2,2,5,7,football-data-csv,I1_2425.csv,https://www.football-data.co.uk/mmz4281/202425/I1.csv,2026-08-04 21:38:15,459,7440ef3ffe21eaf060de2e6548261fafeac893f48c32d814b196d21935d3ca29
2024-10-21,2024/25,Serie A,Verona,Monza,0,3,9,6,15,football-data-csv,I1_2425.csv,https://www.football-data.co.uk/mmz4281/202425/I1.csv,2026-08-04 21:38:15,460,da6e30e50635d0ce1943fa1b937b413ce713a7c6db6634d88bf2376999ea9682
2024-10-25,2024/25,Serie A,Torino,Como,1,0,1,3,4,football-data-csv,I1_2425.csv,https://www.football-data.co.uk/mmz4281/202425/I1.csv,2026-08-04 21:38:15,461,3523d14824fc06f7a5378d9c7d7f2c4200df68a76d7d998b35b1b429ea125431
2024-10-25,2024/25,Serie A,Udinese,Cagliari,2,0,2,4,6,football-data-csv,I1_2425.csv,https://www.football-data.co.uk/mmz4281/202425/I1.csv,2026-08-04 21:38:15,462,cda295f1ded9f203614c10cdd9a51e2e943fa8e3ec0c85d9d9060278788c338c
2024-10-26,2024/25,Serie A,Atalanta,Verona,6,1,4,2,6,football-data-csv,I1_2425.csv,https://www.football-data.co.uk/mmz4281/202425/I1.csv,2026-08-04 21:38:15,463,14d2a37847ef1cd28535a26eaf9a1029161c0209620901f6f6d7aa3afef79e3b
2024-10-26,2024/25,Serie A,Napoli,Lecce,1,0,16,5,21,football-data-csv,I1_2425.csv,https://www.football-data.co.uk/mmz4281/202425/I1.csv,2026-08-04 21:38:15,464,80827d829193de3b117be84119dbc6f65d63e2036b38881b13bcac262f5aeb08
2024-10-27,2024/25,Serie A,Fiorentina,Roma,5,1,6,2,8,football-data-csv,I1_2425.csv,https://www.football-data.co.uk/mmz4281/202425/I1.csv,2026-08-04 21:38:15,465,e1237e15acbc5b24446a9a5360e8a7a1a22c1009d149e0cbe0e9dc716a83f97d
2024-10-27,2024/25,Serie A,Inter,Juventus,4,4,13,5,18,football-data-csv,I1_2425.csv,https://www.football-data.co.uk/mmz4281/202425/I1.csv,2026-08-04 21:38:15,466,ab1fbfa7f6c3d7eda522890f3f6d27c1fe630a562deafcd0dc63d49aaceb8845
2024-10-27,2024/25,Serie A,Lazio,Genoa,3,0,7,4,11,football-data-csv,I1_2425.csv,https://www.football-data.co.uk/mmz4281/202425/I1.csv,2026-08-04 21:38:15,467,2249c0ba58cd88f709816112c769da42c6bd59e78999d0200843b8c7ee1e29d4
2024-10-27,2024/25,Serie A,Monza,Venezia,2,2,4,3,7,football-data-csv,I1_2425.csv,https://www.football-data.co.uk/mmz4281/202425/I1.csv,2026-08-04 21:38:15,468,e78eb99f5cdd14f4f5da948354cf582edf5049eee8d36491c1f6a4a0e35b1c8e
2024-10-27,2024/25,Serie A,Parma,Empoli,1,1,9,3,12,football-data-csv,I1_2425.csv,https://www.football-data.co.uk/mmz4281/202425/I1.csv,2026-08-04 21:38:15,469,937575219d62c74e0eb9efc650c39a3a3faa739ec09bb65260d0a7691b044d34
2024-10-29,2024/25,Serie A,Cagliari,Bologna,0,2,7,2,9,football-data-csv,I1_2425.csv,https://www.football-data.co.uk/mmz4281/202425/I1.csv,2026-08-04 21:38:15,470,5ae5567f178035f273fb529af4a6833dbc6519d6106c9c2b26883a7892ae01fb
2024-10-29,2024/25,Serie A,Lecce,Verona,1,0,3,4,7,football-data-csv,I1_2425.csv,https://www.football-data.co.uk/mmz4281/202425/I1.csv,2026-08-04 21:38:15,471,0c83a003c697b15420164802da6e70ec80716d32453824e9bea0ce2bdc45471d
2024-10-29,2024/25,Serie A,Milan,Napoli,0,2,5,1,6,football-data-csv,I1_2425.csv,https://www.football-data.co.uk/mmz4281/202425/I1.csv,2026-08-04 21:38:15,472,2255bd638d7100ca027de9b527aa75a064700e7cbf84d20ff028b172c0885975
2024-10-30,2024/25,Serie A,Atalanta,Monza,2,0,5,1,6,football-data-csv,I1_2425.csv,https://www.football-data.co.uk/mmz4281/202425/I1.csv,2026-08-04 21:38:15,473,f101316489708080823bf0ba0ec17b29d3a389ce47c34fa9d419c8ee94bea46a
2024-10-30,2024/25,Serie A,Empoli,Inter,0,3,1,4,5,football-data-csv,I1_2425.csv,https://www.football-data.co.uk/mmz4281/202425/I1.csv,2026-08-04 21:38:15,474,bbed6f91c3fe3431baa1d772e70c182f9e207bf15d21437306136ca0bbcb4c88
2024-10-30,2024/25,Serie A,Juventus,Parma,2,2,10,6,16,football-data-csv,I1_2425.csv,https://www.football-data.co.uk/mmz4281/202425/I1.csv,2026-08-04 21:38:15,475,f483de2611dd16f9e4fc5bafcec484779d8d71c6745368c5a2fedfbdb1ebdf12
2024-10-30,2024/25,Serie A,Venezia,Udinese,3,2,2,6,8,football-data-csv,I1_2425.csv,https://www.football-data.co.uk/mmz4281/202425/I1.csv,2026-08-04 21:38:15,476,dbaa625633a1a28d7c427c71f7c33e119c85516cec97d95e673060376672fc4a
2024-10-31,2024/25,Serie A,Como,Lazio,1,5,3,5,8,football-data-csv,I1_2425.csv,https://www.football-data.co.uk/mmz4281/202425/I1.csv,2026-08-04 21:38:15,477,9687d0665b436e2f14129ae3f6e77bc4b42788f577c7f36e334d4e4f3b0f7c1f
2024-10-31,2024/25,Serie A,Genoa,Fiorentina,0,1,4,4,8,football-data-csv,I1_2425.csv,https://www.football-data.co.uk/mmz4281/202425/I1.csv,2026-08-04 21:38:15,478,dae026df943e8102be185843619875db855e20e45e1325cc591f995729dcd0ca
2024-10-31,2024/25,Serie A,Roma,Torino,1,0,3,5,8,football-data-csv,I1_2425.csv,https://www.football-data.co.uk/mmz4281/202425/I1.csv,2026-08-04 21:38:15,479,94b00c7dc07f49f9177371671acd8c8c6ec38cabfb8a15c23bf210ea077fc4d9
2024-11-02,2024/25,Serie A,Bologna,Lecce,1,0,9,1,10,football-data-csv,I1_2425.csv,https://www.football-data.co.uk/mmz4281/202425/I1.csv,2026-08-04 21:38:15,480,d064ebadd76c85b0f5f622a218fd7ea205a8ec980d51444addea30b11f972b13
2024-11-02,2024/25,Serie A,Monza,Milan,0,1,3,5,8,football-data-csv,I1_2425.csv,https://www.football-data.co.uk/mmz4281/202425/I1.csv,2026-08-04 21:38:15,481,4f51b1feacef1293a6c5bcbce83fbd3c3a4a1c802b486eef8422b5d2cc71d296
2024-11-02,2024/25,Serie A,Udinese,Juventus,0,2,10,3,13,football-data-csv,I1_2425.csv,https://www.football-data.co.uk/mmz4281/202425/I1.csv,2026-08-04 21:38:15,482,955429b682522b5f58f33dbfaaac69c8937c3392cc28020a297383a86ba39877
2024-11-03,2024/25,Serie A,Inter,Venezia,1,0,9,3,12,football-data-csv,I1_2425.csv,https://www.football-data.co.uk/mmz4281/202425/I1.csv,2026-08-04 21:38:15,483,fb802d52aa4e75e0b0ccd08c79ac511e2a184122b5bd97eac94f1a0d40abccdd
2024-11-03,2024/25,Serie A,Napoli,Atalanta,0,3,4,3,7,football-data-csv,I1_2425.csv,https://www.football-data.co.uk/mmz4281/202425/I1.csv,2026-08-04 21:38:15,484,545b762a1fa645a10bdd68b31ce260d024023bf423425fdf0ab513b425b41ff3
2024-11-03,2024/25,Serie A,Torino,Fiorentina,0,1,1,3,4,football-data-csv,I1_2425.csv,https://www.football-data.co.uk/mmz4281/202425/I1.csv,2026-08-04 21:38:15,485,9dbadd31e514250c4cca32f7ee57fff84b808de1d2106a991a997cd69738dcd3
2024-11-03,2024/25,Serie A,Verona,Roma,3,2,2,2,4,football-data-csv,I1_2425.csv,https://www.football-data.co.uk/mmz4281/202425/I1.csv,2026-08-04 21:38:15,486,83ae2773b7e14a5e3ce91e7179ad573ac3d0daaeefbc02ba750312f27d671fb7
2024-11-04,2024/25,Serie A,Empoli,Como,1,0,3,6,9,football-data-csv,I1_2425.csv,https://www.football-data.co.uk/mmz4281/202425/I1.csv,2026-08-04 21:38:15,487,cab3644b8ff9b17f0a86e6d5e63d75b6bf0d06442e563daa130b1c1ba9f67c06
2024-11-04,2024/25,Serie A,Lazio,Cagliari,2,1,2,3,5,football-data-csv,I1_2425.csv,https://www.football-data.co.uk/mmz4281/202425/I1.csv,2026-08-04 21:38:15,488,5503ac0c3bfea706dfd99fff7d349b5147ab77f34150f8b523aa16d868a2cbd3
2024-11-04,2024/25,Serie A,Parma,Genoa,0,1,3,7,10,football-data-csv,I1_2425.csv,https://www.football-data.co.uk/mmz4281/202425/I1.csv,2026-08-04 21:38:15,489,ecf3c7cedfb488c55796a08893061b52c2f393de595c5307bb66af90434a2927
2024-11-07,2024/25,Serie A,Genoa,Como,1,1,8,5,13,football-data-csv,I1_2425.csv,https://www.football-data.co.uk/mmz4281/202425/I1.csv,2026-08-04 21:38:15,490,9a2950d2e62ec35468426103c0a78e6b6159e4ace9076ee84f4e452857425136
2024-11-08,2024/25,Serie A,Lecce,Empoli,1,1,4,3,7,football-data-csv,I1_2425.csv,https://www.football-data.co.uk/mmz4281/202425/I1.csv,2026-08-04 21:38:15,491,7350056c63f06a69e838663c6a4b2ad0a4bd0fd6c3e4d055bfa1623a4c3ffe95
2024-11-09,2024/25,Serie A,Cagliari,Milan,3,3,6,3,9,football-data-csv,I1_2425.csv,https://www.football-data.co.uk/mmz4281/202425/I1.csv,2026-08-04 21:38:15,492,39fac63000ffa341507655be94a1b41840222b18012102c10a317fc37cc6b38e
2024-11-09,2024/25,Serie A,Juventus,Torino,2,0,5,5,10,football-data-csv,I1_2425.csv,https://www.football-data.co.uk/mmz4281/202425/I1.csv,2026-08-04 21:38:15,493,7e6b4539ce2574a95b56cb4a31e212ed6a35adeb640273d366958a35d1d02a64
2024-11-09,2024/25,Serie A,Venezia,Parma,1,2,6,6,12,football-data-csv,I1_2425.csv,https://www.football-data.co.uk/mmz4281/202425/I1.csv,2026-08-04 21:38:15,494,b15da40c815afcd7efff969c4ab1173d6dce2ce158deebc1d9a806b8fbd8b337
2024-11-10,2024/25,Serie A,Atalanta,Udinese,2,1,4,5,9,football-data-csv,I1_2425.csv,https://www.football-data.co.uk/mmz4281/202425/I1.csv,2026-08-04 21:38:15,495,3ecf84c390f3d1083c8074d9f61ddb5ad770d10899441ae90ebd48a834cb558f
2024-11-10,2024/25,Serie A,Fiorentina,Verona,3,1,8,3,11,football-data-csv,I1_2425.csv,https://www.football-data.co.uk/mmz4281/202425/I1.csv,2026-08-04 21:38:15,496,a1109fd8b3fb11d28480c6aed482601974a985bc6fdcb29461ef5a8908040ca2
2024-11-10,2024/25,Serie A,Inter,Napoli,1,1,4,2,6,football-data-csv,I1_2425.csv,https://www.football-data.co.uk/mmz4281/202425/I1.csv,2026-08-04 21:38:15,497,e855c0df222ded346a37e56898c2276c777c93d27b186ae8ec048fe0d4298866
2024-11-10,2024/25,Serie A,Monza,Lazio,0,1,6,6,12,football-data-csv,I1_2425.csv,https://www.football-data.co.uk/mmz4281/202425/I1.csv,2026-08-04 21:38:15,498,8ec91a04265c3a4ce93cfcc8bebffab81d684c13082eb76c1a29d98c183910a3
2024-11-10,2024/25,Serie A,Roma,Bologna,2,3,4,3,7,football-data-csv,I1_2425.csv,https://www.football-data.co.uk/mmz4281/202425/I1.csv,2026-08-04 21:38:15,499,c95dfc1e296d69b09d80843b3dc58ca61ddf3c291310bc3afd46625b69bcb0cf
2024-11-23,2024/25,Serie A,Milan,Juventus,0,0,2,4,6,football-data-csv,I1_2425.csv,https://www.football-data.co.uk/mmz4281/202425/I1.csv,2026-08-04 21:38:15,500,e99f921f68c20608a971cdf4014f95d066bffc34cf23a97c88fb9fa89a0e96df
2024-11-23,2024/25,Serie A,Parma,Atalanta,1,3,2,5,7,football-data-csv,I1_2425.csv,https://www.football-data.co.uk/mmz4281/202425/I1.csv,2026-08-04 21:38:15,501,b3853d06795ebc6fabf9fdf3496132ae6b7039ea50183dc009d8c17bb90eac93
2024-11-23,2024/25,Serie A,Verona,Inter,0,5,4,2,6,football-data-csv,I1_2425.csv,https://www.football-data.co.uk/mmz4281/202425/I1.csv,2026-08-04 21:38:15,502,71482d929b775527b13049fa8acd41ac59b9c3e7b51c9a8e25ee481391a4cb0a
2024-11-24,2024/25,Serie A,Como,Fiorentina,0,2,3,4,7,football-data-csv,I1_2425.csv,https://www.football-data.co.uk/mmz4281/202425/I1.csv,2026-08-04 21:38:15,503,e4425d4773d448e7623df483dc0d642614684bcc66126b7b8d208a0bf6eb7fa8
2024-11-24,2024/25,Serie A,Genoa,Cagliari,2,2,6,8,14,football-data-csv,I1_2425.csv,https://www.football-data.co.uk/mmz4281/202425/I1.csv,2026-08-04 21:38:15,504,a91121e78d6341394d56b889effbc67567f0e8c0ac303a8d4c748edb2d7e5875
2024-11-24,2024/25,Serie A,Lazio,Bologna,3,0,3,0,3,football-data-csv,I1_2425.csv,https://www.football-data.co.uk/mmz4281/202425/I1.csv,2026-08-04 21:38:15,505,307b9664d7384c2a7c9fea7fb0595bfcfbab2b37f743b3ba81e67a2a742b4bdb
2024-11-24,2024/25,Serie A,Napoli,Roma,1,0,8,2,10,football-data-csv,I1_2425.csv,https://www.football-data.co.uk/mmz4281/202425/I1.csv,2026-08-04 21:38:15,506,6e268931473a9e1e247749828b404e9d5d0fb5cc4a56fe744dea8fafded374d9
2024-11-24,2024/25,Serie A,Torino,Monza,1,1,7,3,10,football-data-csv,I1_2425.csv,https://www.football-data.co.uk/mmz4281/202425/I1.csv,2026-08-04 21:38:15,507,a9bb35471488815529b7f1cb2bbedad7509a77816a5b39c2045b03c26975a1b0
2024-11-25,2024/25,Serie A,Empoli,Udinese,1,1,1,8,9,football-data-csv,I1_2425.csv,https://www.football-data.co.uk/mmz4281/202425/I1.csv,2026-08-04 21:38:15,508,1a998fb0939fe9c381cee457db931dc34ac5fde84b8c2929902e08f81d948801
2024-11-25,2024/25,Serie A,Venezia,Lecce,0,1,6,2,8,football-data-csv,I1_2425.csv,https://www.football-data.co.uk/mmz4281/202425/I1.csv,2026-08-04 21:38:15,509,63fa44388e668639f8805581a7fb8044291deaf9aa396705a463c4e247c637b3
2024-11-29,2024/25,Serie A,Cagliari,Verona,1,0,7,1,8,football-data-csv,I1_2425.csv,https://www.football-data.co.uk/mmz4281/202425/I1.csv,2026-08-04 21:38:15,510,3d106fab722b93b0721b695b984801f1079db636c3f92e182127e0c3596c991b
2024-11-30,2024/25,Serie A,Bologna,Venezia,3,0,1,0,1,football-data-csv,I1_2425.csv,https://www.football-data.co.uk/mmz4281/202425/I1.csv,2026-08-04 21:38:15,511,63e3a7bb77f5a3e961814c4877e32eeb3812de45b329e053132f4d0f27747d33
2024-11-30,2024/25,Serie A,Como,Monza,1,1,11,4,15,football-data-csv,I1_2425.csv,https://www.football-data.co.uk/mmz4281/202425/I1.csv,2026-08-04 21:38:15,512,5f062568a814e128254abe4997c2ca752f19c5bde31a8d15b6b3d71d7a353bdd
2024-11-30,2024/25,Serie A,Milan,Empoli,3,0,7,3,10,football-data-csv,I1_2425.csv,https://www.football-data.co.uk/mmz4281/202425/I1.csv,2026-08-04 21:38:15,513,169a054a11cacbe498dba7f22b09fd7cbdd49baf8d56cd54d782fba6454688fb
2024-12-01,2024/25,Serie A,Lecce,Juventus,1,1,2,7,9,football-data-csv,I1_2425.csv,https://www.football-data.co.uk/mmz4281/202425/I1.csv,2026-08-04 21:38:15,514,ff6e66b5c03fe0052605b8ba650a5e169a71c9a90522fe0cf6e1e7982bdd9037
2024-12-01,2024/25,Serie A,Parma,Lazio,3,1,4,10,14,football-data-csv,I1_2425.csv,https://www.football-data.co.uk/mmz4281/202425/I1.csv,2026-08-04 21:38:15,515,1af854f954882447105d442276e9c52004206be6a532b356b7e83ddd44de3ebe
2024-12-01,2024/25,Serie A,Torino,Napoli,0,1,4,7,11,football-data-csv,I1_2425.csv,https://www.football-data.co.uk/mmz4281/202425/I1.csv,2026-08-04 21:38:15,516,3902decdb18938f94f08002052c8f97796d8d67bea54d78e1c2882b256356aaa
2024-12-01,2024/25,Serie A,Udinese,Genoa,0,2,6,4,10,football-data-csv,I1_2425.csv,https://www.football-data.co.uk/mmz4281/202425/I1.csv,2026-08-04 21:38:15,517,e08706b2f1ca7162b6bacf09b8da739faec12646f873944a8b6ec259b7230949
2024-12-02,2024/25,Serie A,Roma,Atalanta,0,2,2,4,6,football-data-csv,I1_2425.csv,https://www.football-data.co.uk/mmz4281/202425/I1.csv,2026-08-04 21:38:15,518,2b4685d5cbe527e7ac23dfffeb4cd27d7d78c7878428d53eae28712fd452d670
2024-12-06,2024/25,Serie A,Atalanta,Milan,2,1,7,0,7,football-data-csv,I1_2425.csv,https://www.football-data.co.uk/mmz4281/202425/I1.csv,2026-08-04 21:38:15,519,e7aacbe2e4b7977b1483e4a46a2688ffb7d402acdf174a370c3cd99daab0452d
2024-12-06,2024/25,Serie A,Inter,Parma,3,1,10,1,11,football-data-csv,I1_2425.csv,https://www.football-data.co.uk/mmz4281/202425/I1.csv,2026-08-04 21:38:15,520,fc98c6eca29aff560d80178c35bf79e93e5abdb7c283cadd2a92f2e3c8a867d4
2024-12-07,2024/25,Serie A,Genoa,Torino,0,0,4,4,8,football-data-csv,I1_2425.csv,https://www.football-data.co.uk/mmz4281/202425/I1.csv,2026-08-04 21:38:15,521,bf16dd13b93b9260025174a4477766675bf78bd72429c744f8b94fe771d3a555
2024-12-07,2024/25,Serie A,Juventus,Bologna,2,2,1,4,5,football-data-csv,I1_2425.csv,https://www.football-data.co.uk/mmz4281/202425/I1.csv,2026-08-04 21:38:15,522,c43c99ec75c82bad8eb9270fdaf8d5e7cb05e3e7898e2603ee13ce71be161eaa
2024-12-07,2024/25,Serie A,Roma,Lecce,4,1,8,1,9,football-data-csv,I1_2425.csv,https://www.football-data.co.uk/mmz4281/202425/I1.csv,2026-08-04 21:38:15,523,35210792fdcb942dfd988723f587b371a0cfea5989a13670a224130853610232
2024-12-08,2024/25,Serie A,Fiorentina,Cagliari,1,0,6,4,10,football-data-csv,I1_2425.csv,https://www.football-data.co.uk/mmz4281/202425/I1.csv,2026-08-04 21:38:15,524,5cc9caf32c61c27f590ada2891abf407dfc417d9bc4eba91bae09c9b388b4026
2024-12-08,2024/25,Serie A,Napoli,Lazio,0,1,6,2,8,football-data-csv,I1_2425.csv,https://www.football-data.co.uk/mmz4281/202425/I1.csv,2026-08-04 21:38:15,525,757790848831850c9c0653c397ce4d225118e5fa6d8461c4b582ead11c4bb3af
2024-12-08,2024/25,Serie A,Venezia,Como,2,2,5,9,14,football-data-csv,I1_2425.csv,https://www.football-data.co.uk/mmz4281/202425/I1.csv,2026-08-04 21:38:15,526,2c2745041876059d8aa0c5e648735e20ae2029e219a5ebcbcafd4a51b1e6348c
2024-12-08,2024/25,Serie A,Verona,Empoli,1,4,5,8,13,football-data-csv,I1_2425.csv,https://www.football-data.co.uk/mmz4281/202425/I1.csv,2026-08-04 21:38:15,527,de9a9245f97ff09014d79b955a65ff7f9e7a78806ca149b65d4227b6297975f2
2024-12-09,2024/25,Serie A,Monza,Udinese,1,2,10,1,11,football-data-csv,I1_2425.csv,https://www.football-data.co.uk/mmz4281/202425/I1.csv,2026-08-04 21:38:15,528,cfe68fede8d6e6dc971ec4449ae2950afdb21c03e54a9e9fd0e931750c45e013
2024-12-13,2024/25,Serie A,Empoli,Torino,0,1,12,3,15,football-data-csv,I1_2425.csv,https://www.football-data.co.uk/mmz4281/202425/I1.csv,2026-08-04 21:38:15,529,49dfb29712c27335f58273113a0e83c9aea36d0ee4ff52ffc145b9e0539cac2c
2024-12-14,2024/25,Serie A,Cagliari,Atalanta,0,1,2,5,7,football-data-csv,I1_2425.csv,https://www.football-data.co.uk/mmz4281/202425/I1.csv,2026-08-04 21:38:15,530,07d7ba59fcaba2ae131ddfd734c672cabf7b36ab7d3a15bbb345fbafe191a279
2024-12-14,2024/25,Serie A,Juventus,Venezia,2,2,7,4,11,football-data-csv,I1_2425.csv,https://www.football-data.co.uk/mmz4281/202425/I1.csv,2026-08-04 21:38:15,531,634910efaf43fdcd6c5978b49a620a19faa016656ca34e69a9eab09b5bcca081
2024-12-14,2024/25,Serie A,Udinese,Napoli,1,3,3,9,12,football-data-csv,I1_2425.csv,https://www.football-data.co.uk/mmz4281/202425/I1.csv,2026-08-04 21:38:15,532,50d3c04f7d5728c8f97e43700a58676272daf49478a70871bfa6b9c0cac94930
2024-12-15,2024/25,Serie A,Bologna,Fiorentina,1,0,1,3,4,football-data-csv,I1_2425.csv,https://www.football-data.co.uk/mmz4281/202425/I1.csv,2026-08-04 21:38:15,533,906c3563dafee691255acea9b19eaf612faf85805221e8ce8b5615113581db1d
2024-12-15,2024/25,Serie A,Como,Roma,2,0,6,5,11,football-data-csv,I1_2425.csv,https://www.football-data.co.uk/mmz4281/202425/I1.csv,2026-08-04 21:38:15,534,09033ca83263bf8cdd24458be37e2b9486ae1b9876ce83ba3eb3cff271315854
2024-12-15,2024/25,Serie A,Lecce,Monza,2,1,2,7,9,football-data-csv,I1_2425.csv,https://www.football-data.co.uk/mmz4281/202425/I1.csv,2026-08-04 21:38:15,535,46faedc7e06309d2f50e1d00fd64cc6bf24e040585d1d489d993709c4d495575
2024-12-15,2024/25,Serie A,Milan,Genoa,0,0,9,2,11,football-data-csv,I1_2425.csv,https://www.football-data.co.uk/mmz4281/202425/I1.csv,2026-08-04 21:38:15,536,95a444bd4da339bbbc2ac5a681d351cc37ef49f02204149dd63cb6a73cb07938
2024-12-15,2024/25,Serie A,Parma,Verona,2,3,5,2,7,football-data-csv,I1_2425.csv,https://www.football-data.co.uk/mmz4281/202425/I1.csv,2026-08-04 21:38:15,537,f065c84d98abb1185425dd99c047fd2ae6a4dc9aa5ada423e27f34dd6f4bde4f
2024-12-16,2024/25,Serie A,Lazio,Inter,0,6,4,2,6,football-data-csv,I1_2425.csv,https://www.football-data.co.uk/mmz4281/202425/I1.csv,2026-08-04 21:38:15,538,e94e36d776360c91a97094314190e6848f715980b182181b15e691f70c345ace
2024-12-20,2024/25,Serie A,Verona,Milan,0,1,3,8,11,football-data-csv,I1_2425.csv,https://www.football-data.co.uk/mmz4281/202425/I1.csv,2026-08-04 21:38:15,539,f73840e72fb09ef1ff23cbfbe5c6915df063bc03399de1a05629c60e105a2cd7
2024-12-21,2024/25,Serie A,Genoa,Napoli,1,2,5,6,11,football-data-csv,I1_2425.csv,https://www.football-data.co.uk/mmz4281/202425/I1.csv,2026-08-04 21:38:15,540,eea5cf25b33b33018df0b8c6ea5f113b0a904b24057e1ec4d224525ecb4c6bcd
2024-12-21,2024/25,Serie A,Lecce,Lazio,1,2,6,6,12,football-data-csv,I1_2425.csv,https://www.football-data.co.uk/mmz4281/202425/I1.csv,2026-08-04 21:38:15,541,f97249cdd918de4300f48708c93a8c8015281de365752cf44918708718748e98
2024-12-21,2024/25,Serie A,Torino,Bologna,0,2,4,0,4,football-data-csv,I1_2425.csv,https://www.football-data.co.uk/mmz4281/202425/I1.csv,2026-08-04 21:38:15,542,6754b2163f8a0b8f0390ecc48d3c1f1ad5bf4bb21c96e48ddb239dfde587ec48
2024-12-22,2024/25,Serie A,Atalanta,Empoli,3,2,6,3,9,football-data-csv,I1_2425.csv,https://www.football-data.co.uk/mmz4281/202425/I1.csv,2026-08-04 21:38:15,543,68bc9c8d29bf49d732d43291a62973709d081cdd3dbd59fca3af694aa9342b06
2024-12-22,2024/25,Serie A,Monza,Juventus,1,2,3,7,10,football-data-csv,I1_2425.csv,https://www.football-data.co.uk/mmz4281/202425/I1.csv,2026-08-04 21:38:15,544,d847f562b7aa9b2b51aeea5a88e1503e7c56824ee806462536dab5bedd152347
2024-12-22,2024/25,Serie A,Roma,Parma,5,0,5,2,7,football-data-csv,I1_2425.csv,https://www.football-data.co.uk/mmz4281/202425/I1.csv,2026-08-04 21:38:15,545,a3a38653bd29eaa7e36726c455251e5d05da6a583502769fd32f06e3be296542
2024-12-22,2024/25,Serie A,Venezia,Cagliari,2,1,4,8,12,football-data-csv,I1_2425.csv,https://www.football-data.co.uk/mmz4281/202425/I1.csv,2026-08-04 21:38:15,546,0cad3ce235ce57527ce6d536ec2dc6752e9049a75c9fb8435becf5809b96caa8
2024-12-23,2024/25,Serie A,Fiorentina,Udinese,1,2,10,2,12,football-data-csv,I1_2425.csv,https://www.football-data.co.uk/mmz4281/202425/I1.csv,2026-08-04 21:38:15,547,3075aef8ea861a9d825fa63a3f49c758071f4049039ba8af828d15285ee84e36
2024-12-23,2024/25,Serie A,Inter,Como,2,0,7,1,8,football-data-csv,I1_2425.csv,https://www.football-data.co.uk/mmz4281/202425/I1.csv,2026-08-04 21:38:15,548,5a0337d3acb229d3eaf1775dd0828ca38189840d9ea4381c7d6c8f819e7b9f53
2024-12-28,2024/25,Serie A,Cagliari,Inter,0,3,5,7,12,football-data-csv,I1_2425.csv,https://www.football-data.co.uk/mmz4281/202425/I1.csv,2026-08-04 21:38:15,549,88821d236255d9373a8dcf4032e56175915948a65b1112a71806b82dd4bcb22d
2024-12-28,2024/25,Serie A,Empoli,Genoa,1,2,7,4,11,football-data-csv,I1_2425.csv,https://www.football-data.co.uk/mmz4281/202425/I1.csv,2026-08-04 21:38:15,550,040f323ab23e4876507af02555ad4d89e0054a152dff0442de0d64b44d6bba6d
2024-12-28,2024/25,Serie A,Lazio,Atalanta,1,1,2,7,9,football-data-csv,I1_2425.csv,https://www.football-data.co.uk/mmz4281/202425/I1.csv,2026-08-04 21:38:15,551,21a6a2ab680ff653abcb015d66f3538d5b72ce0b736eb5978da98ee6bc4f04e8
2024-12-28,2024/25,Serie A,Parma,Monza,2,1,4,6,10,football-data-csv,I1_2425.csv,https://www.football-data.co.uk/mmz4281/202425/I1.csv,2026-08-04 21:38:15,552,91d51651ce8e29ab734a40684653192b2e179f37aeb9fa05ac96d0dfff8a1ecc
2024-12-29,2024/25,Serie A,Juventus,Fiorentina,2,2,7,2,9,football-data-csv,I1_2425.csv,https://www.football-data.co.uk/mmz4281/202425/I1.csv,2026-08-04 21:38:15,553,c9369cbe2cf147d1517f2f3e1580edca3b22fb8cae8a7232134cbf561ee036c8
2024-12-29,2024/25,Serie A,Milan,Roma,1,1,6,5,11,football-data-csv,I1_2425.csv,https://www.football-data.co.uk/mmz4281/202425/I1.csv,2026-08-04 21:38:15,554,b5fd74d4d51f2a7a7c6c0e73bb3f26d52debff9769a7682c85cde01719a431d0
2024-12-29,2024/25,Serie A,Napoli,Venezia,1,0,14,4,18,football-data-csv,I1_2425.csv,https://www.football-data.co.uk/mmz4281/202425/I1.csv,2026-08-04 21:38:15,555,0a1ea81b0372e10ee30450f29a8c7479ae4268cb7f23dc459df024e6f0958361
2024-12-29,2024/25,Serie A,Udinese,Torino,2,2,4,3,7,football-data-csv,I1_2425.csv,https://www.football-data.co.uk/mmz4281/202425/I1.csv,2026-08-04 21:38:15,556,598cfcd47927414dbf016337848679733b87b8fc675880d2c95219ff3249ec14
2024-12-30,2024/25,Serie A,Bologna,Verona,2,3,11,5,16,football-data-csv,I1_2425.csv,https://www.football-data.co.uk/mmz4281/202425/I1.csv,2026-08-04 21:38:15,557,3c22463c67340c9ab48a3e6db4e9e323e47aac30b041115c983a57d6f72d58f1
2024-12-30,2024/25,Serie A,Como,Lecce,2,0,4,4,8,football-data-csv,I1_2425.csv,https://www.football-data.co.uk/mmz4281/202425/I1.csv,2026-08-04 21:38:15,558,bd51f0f07755787c7e08e83dcbcf524dd6d6042e09706364d3e12d019a9ac354
2025-01-04,2024/25,Serie A,Fiorentina,Napoli,0,3,4,2,6,football-data-csv,I1_2425.csv,https://www.football-data.co.uk/mmz4281/202425/I1.csv,2026-08-04 21:38:15,559,2bda4a3d531ae8a6df79818841b893e78da03992e41fb272bf2089002dc335ab
2025-01-04,2024/25,Serie A,Venezia,Empoli,1,1,2,8,10,football-data-csv,I1_2425.csv,https://www.football-data.co.uk/mmz4281/202425/I1.csv,2026-08-04 21:38:15,560,1097c250d2066b1f33f9fa7f1e4eefc6110a731e9d401e3407861c1ed4d06679
2025-01-04,2024/25,Serie A,Verona,Udinese,0,0,7,3,10,football-data-csv,I1_2425.csv,https://www.football-data.co.uk/mmz4281/202425/I1.csv,2026-08-04 21:38:15,561,430eb7297742e702eb3555604c914bec1325ff4926427badc6553a357f751a49
2025-01-05,2024/25,Serie A,Lecce,Genoa,0,0,9,4,13,football-data-csv,I1_2425.csv,https://www.football-data.co.uk/mmz4281/202425/I1.csv,2026-08-04 21:38:15,562,cb03684d18973c1c67abecdb8cc722d2aef9c778facdbd52e324d9549232d850
2025-01-05,2024/25,Serie A,Monza,Cagliari,1,2,1,3,4,football-data-csv,I1_2425.csv,https://www.football-data.co.uk/mmz4281/202425/I1.csv,2026-08-04 21:38:15,563,32cf4b44d66a2a6de4daee61b7513b1824f38e853be2cc3a733a006c4bc2bb3c
2025-01-05,2024/25,Serie A,Roma,Lazio,2,0,3,10,13,football-data-csv,I1_2425.csv,https://www.football-data.co.uk/mmz4281/202425/I1.csv,2026-08-04 21:38:15,564,57ecfd4010f01f652290c3b4c012d227894d42c1babfb1357f82d1b39d67787c
2025-01-05,2024/25,Serie A,Torino,Parma,0,0,8,7,15,football-data-csv,I1_2425.csv,https://www.football-data.co.uk/mmz4281/202425/I1.csv,2026-08-04 21:38:15,565,779bedfc7881b9c7ee5fd7530ac8259d83a8e4d39e12ef3a488cb8e0e6f3ae0f
2025-01-10,2024/25,Serie A,Lazio,Como,1,1,7,7,14,football-data-csv,I1_2425.csv,https://www.football-data.co.uk/mmz4281/202425/I1.csv,2026-08-04 21:38:15,566,1c01a6bfd62710a0b4fe861a1e1a7e31be96f7053d04709d9f99229ae2510f51
2025-01-11,2024/25,Serie A,Empoli,Lecce,1,3,9,2,11,football-data-csv,I1_2425.csv,https://www.football-data.co.uk/mmz4281/202425/I1.csv,2026-08-04 21:38:15,567,88c4f39a14f5520e39dba244b601696d9cd5c499ef5436496c894c0de46e8a5d
2025-01-11,2024/25,Serie A,Milan,Cagliari,1,1,9,1,10,football-data-csv,I1_2425.csv,https://www.football-data.co.uk/mmz4281/202425/I1.csv,2026-08-04 21:38:15,568,56332663ee84edac6be6844010445c1d0047bb09ee0a2bc7a3c724631a922dad
2025-01-11,2024/25,Serie A,Torino,Juventus,1,1,9,1,10,football-data-csv,I1_2425.csv,https://www.football-data.co.uk/mmz4281/202425/I1.csv,2026-08-04 21:38:15,569,8612f506e4c53141ce07cb0829884ada85d2e2142e2dbec6e81a979ca2fccc2a
2025-01-11,2024/25,Serie A,Udinese,Atalanta,0,0,5,3,8,football-data-csv,I1_2425.csv,https://www.football-data.co.uk/mmz4281/202425/I1.csv,2026-08-04 21:38:15,570,2220829a1061ebba58c194c1bde02c3c9f4d1e9c10636a8314f46619f2569f0c
2025-01-12,2024/25,Serie A,Bologna,Roma,2,2,5,4,9,football-data-csv,I1_2425.csv,https://www.football-data.co.uk/mmz4281/202425/I1.csv,2026-08-04 21:38:15,571,d1160523c0dce2dc5af77ed3f0927aca4f76b43e605acaf4ba835e1b673479fe
2025-01-12,2024/25,Serie A,Genoa,Parma,1,0,6,9,15,football-data-csv,I1_2425.csv,https://www.football-data.co.uk/mmz4281/202425/I1.csv,2026-08-04 21:38:15,572,0069b8a6ac8d3b8182c7122a3ad3e57e5abfdc5a30d066e18c89601ccf0f5c53
2025-01-12,2024/25,Serie A,Napoli,Verona,2,0,8,1,9,football-data-csv,I1_2425.csv,https://www.football-data.co.uk/mmz4281/202425/I1.csv,2026-08-04 21:38:15,573,80bff1d23a4ecd548d32eca0de9f3bf67f8a23c3e86cf81c10ce098c8f50d91d
2025-01-12,2024/25,Serie A,Venezia,Inter,0,1,4,5,9,football-data-csv,I1_2425.csv,https://www.football-data.co.uk/mmz4281/202425/I1.csv,2026-08-04 21:38:15,574,5bfa82296bc6aaedcca754373cf1fae55bf1a1911c106211500ef8c0a278810b
2025-01-13,2024/25,Serie A,Monza,Fiorentina,2,1,2,4,6,football-data-csv,I1_2425.csv,https://www.football-data.co.uk/mmz4281/202425/I1.csv,2026-08-04 21:38:15,575,a1be33c33a1e8b8c8da14da4d3feb3126d1f7b14b77c36a7887b96f3b09ecb6b
2025-01-14,2024/25,Serie A,Atalanta,Juventus,1,1,3,3,6,football-data-csv,I1_2425.csv,https://www.football-data.co.uk/mmz4281/202425/I1.csv,2026-08-04 21:38:15,576,caa75e5dcf4d2d6afcb03d937526bc06f6af637fd36851d27c33e3b72399ef02
2025-01-14,2024/25,Serie A,Como,Milan,1,2,2,4,6,football-data-csv,I1_2425.csv,https://www.football-data.co.uk/mmz4281/202425/I1.csv,2026-08-04 21:38:15,577,86cf1cfe3790deb17a7c242e68d5562c2fe9eeb6694884c24e8ee46187cbb499
2025-01-15,2024/25,Serie A,Inter,Bologna,2,2,3,3,6,football-data-csv,I1_2425.csv,https://www.football-data.co.uk/mmz4281/202425/I1.csv,2026-08-04 21:38:15,578,d005a99c97ae676374e48f93d9252742b2e574f58590a5b0d1675cc6bb357115
2025-01-17,2024/25,Serie A,Roma,Genoa,3,1,3,2,5,football-data-csv,I1_2425.csv,https://www.football-data.co.uk/mmz4281/202425/I1.csv,2026-08-04 21:38:15,579,9e71be3f3fd97858856b3e71ceadfa1d063ecf34f65f0b8188c0d3221c676b9a
2025-01-18,2024/25,Serie A,Atalanta,Napoli,2,3,3,1,4,football-data-csv,I1_2425.csv,https://www.football-data.co.uk/mmz4281/202425/I1.csv,2026-08-04 21:38:15,580,c7e72bb448c7ecf53fb0028251a76d0634e2f6f7b23683c48f64d5ca44959721
2025-01-18,2024/25,Serie A,Bologna,Monza,3,1,4,0,4,football-data-csv,I1_2425.csv,https://www.football-data.co.uk/mmz4281/202425/I1.csv,2026-08-04 21:38:15,581,2cc851fe49387faa1121243569da1b81e5f5605e9d3e74524008b2d12372ac89
2025-01-18,2024/25,Serie A,Juventus,Milan,2,0,5,5,10,football-data-csv,I1_2425.csv,https://www.football-data.co.uk/mmz4281/202425/I1.csv,2026-08-04 21:38:15,582,bce5ce1282b70427073d0bf95104a05d8c10734cec98af3497ed8bdbb4cd7413
2025-01-19,2024/25,Serie A,Cagliari,Lecce,4,1,6,1,7,football-data-csv,I1_2425.csv,https://www.football-data.co.uk/mmz4281/202425/I1.csv,2026-08-04 21:38:15,583,184bc3905a15fe4901d86087be540a4820f17870e41cd5dda99b50424b02e3bc
2025-01-19,2024/25,Serie A,Fiorentina,Torino,1,1,9,2,11,football-data-csv,I1_2425.csv,https://www.football-data.co.uk/mmz4281/202425/I1.csv,2026-08-04 21:38:15,584,113febf6b882d45adc951a515f7771116771ec00b37cf96015e6f01b1f612ddd
2025-01-19,2024/25,Serie A,Inter,Empoli,3,1,7,3,10,football-data-csv,I1_2425.csv,https://www.football-data.co.uk/mmz4281/202425/I1.csv,2026-08-04 21:38:15,585,26dd1b798b6a253e2f2a896556953bb064bda84b8c9a0a173e9f1dd28c213c5f
2025-01-19,2024/25,Serie A,Parma,Venezia,1,1,8,2,10,football-data-csv,I1_2425.csv,https://www.football-data.co.uk/mmz4281/202425/I1.csv,2026-08-04 21:38:15,586,93eecfe6dd0f14ea8922c36c189316795456a1faafe17f65a254251a6f496961
2025-01-19,2024/25,Serie A,Verona,Lazio,0,3,5,6,11,football-data-csv,I1_2425.csv,https://www.football-data.co.uk/mmz4281/202425/I1.csv,2026-08-04 21:38:15,587,b8fb54abdd72e37417fb79449cf68b0e32bb358498a1b5520b7608adff726803
2025-01-20,2024/25,Serie A,Como,Udinese,4,1,3,2,5,football-data-csv,I1_2425.csv,https://www.football-data.co.uk/mmz4281/202425/I1.csv,2026-08-04 21:38:15,588,195233fac2181a121863104cc5546f3516f0181e5a8cd5319ca1d35cf57038ae
2025-01-24,2024/25,Serie A,Torino,Cagliari,2,0,6,3,9,football-data-csv,I1_2425.csv,https://www.football-data.co.uk/mmz4281/202425/I1.csv,2026-08-04 21:38:15,589,3778981b98470455e5ca38c083a4aed6288d0ead9243d1f139bd39e453308a07
2025-01-25,2024/25,Serie A,Como,Atalanta,1,2,4,5,9,football-data-csv,I1_2425.csv,https://www.football-data.co.uk/mmz4281/202425/I1.csv,2026-08-04 21:38:15,590,3633b2587df81522aed738522718b834846c55c39ceda5beb0c7b4c856cb375d
2025-01-25,2024/25,Serie A,Empoli,Bologna,1,1,2,4,6,football-data-csv,I1_2425.csv,https://www.football-data.co.uk/mmz4281/202425/I1.csv,2026-08-04 21:38:15,591,8178ea848e6ea841b0294d6e5c33d9b521ef9e744bd2092a0ecd6d0dd16d36a0
2025-01-25,2024/25,Serie A,Napoli,Juventus,2,1,9,1,10,football-data-csv,I1_2425.csv,https://www.football-data.co.uk/mmz4281/202425/I1.csv,2026-08-04 21:38:15,592,47aa56f2cb4f6bbdd7a29313f159b1cb5dcd69ff4df90299d630f8fe02c63940
2025-01-26,2024/25,Serie A,Lazio,Fiorentina,1,2,14,2,16,football-data-csv,I1_2425.csv,https://www.football-data.co.uk/mmz4281/202425/I1.csv,2026-08-04 21:38:15,593,9f792dccc52217f9dee98cd872e2a4f0d509ca02a137e09e85ff08bc571a91c2
2025-01-26,2024/25,Serie A,Lecce,Inter,0,4,7,0,7,football-data-csv,I1_2425.csv,https://www.football-data.co.uk/mmz4281/202425/I1.csv,2026-08-04 21:38:15,594,fecd4af003c978193530127e2385bc016383daf608b70230057cdd3117f72e96
2025-01-26,2024/25,Serie A,Milan,Parma,3,2,7,4,11,football-data-csv,I1_2425.csv,https://www.football-data.co.uk/mmz4281/202425/I1.csv,2026-08-04 21:38:15,595,8e3ad915b02ca1eab141dcb0f0bdd95d3c3a18f1c202d30d5f1fd33ac4fd1583
2025-01-26,2024/25,Serie A,Udinese,Roma,1,2,1,5,6,football-data-csv,I1_2425.csv,https://www.football-data.co.uk/mmz4281/202425/I1.csv,2026-08-04 21:38:15,596,aab25cf4bf1941d4ada1fd6cef206a60139085cb6a4cd7acb39b62100fc46fd7
2025-01-27,2024/25,Serie A,Genoa,Monza,2,0,9,6,15,football-data-csv,I1_2425.csv,https://www.football-data.co.uk/mmz4281/202425/I1.csv,2026-08-04 21:38:15,597,5343d34745300e93af890d009c10133348c4a5dbbbd8978360a2e40383102d6d
2025-01-27,2024/25,Serie A,Venezia,Verona,1,1,7,9,16,football-data-csv,I1_2425.csv,https://www.football-data.co.uk/mmz4281/202425/I1.csv,2026-08-04 21:38:15,598,3b3e5e55955f1c77774cb9d1d5cb9d688745fd1aa423a15e9904774958371ec9
2025-01-31,2024/25,Serie A,Parma,Lecce,1,3,3,2,5,football-data-csv,I1_2425.csv,https://www.football-data.co.uk/mmz4281/202425/I1.csv,2026-08-04 21:38:15,599,e35ad3839d5b40e3a43aca451a31f5bd56ed565c8b3181cd66240b815264ffde
2025-02-01,2024/25,Serie A,Atalanta,Torino,1,1,8,0,8,football-data-csv,I1_2425.csv,https://www.football-data.co.uk/mmz4281/202425/I1.csv,2026-08-04 21:38:15,600,1f28d874219156aec92ad02dc8d4e80307a665ce2d48269b2920f43fe55b15bf
2025-02-01,2024/25,Serie A,Bologna,Como,2,0,4,2,6,football-data-csv,I1_2425.csv,https://www.football-data.co.uk/mmz4281/202425/I1.csv,2026-08-04 21:38:15,601,01d5791cebb53950a2767f67e8a4ad713fd4d6526d291c8a94e27ac44fc7aea8
2025-02-01,2024/25,Serie A,Monza,Verona,0,1,7,3,10,football-data-csv,I1_2425.csv,https://www.football-data.co.uk/mmz4281/202425/I1.csv,2026-08-04 21:38:15,602,8cedc15006517b05df632d50232181d3a483bc0f10a69ff3471cf29d57c9f42c
2025-02-01,2024/25,Serie A,Udinese,Venezia,3,2,4,6,10,football-data-csv,I1_2425.csv,https://www.football-data.co.uk/mmz4281/202425/I1.csv,2026-08-04 21:38:15,603,1fdffdc27c6b09a02e97dc6b8f3d89d822d4c69ae3a6b6435a77a035503e8316
2025-02-02,2024/25,Serie A,Fiorentina,Genoa,2,1,1,8,9,football-data-csv,I1_2425.csv,https://www.football-data.co.uk/mmz4281/202425/I1.csv,2026-08-04 21:38:15,604,6aabe23d422c8cea610ca362fd6dce408df0cf02d2f653cd40774b9ade76e659
2025-02-02,2024/25,Serie A,Juventus,Empoli,4,1,8,6,14,football-data-csv,I1_2425.csv,https://www.football-data.co.uk/mmz4281/202425/I1.csv,2026-08-04 21:38:15,605,8df869798dedbe1d261d8e1a4ae1c9987a6ec8bd618fab2ac703fbe3afc89b56
2025-02-02,2024/25,Serie A,Milan,Inter,1,1,8,11,19,football-data-csv,I1_2425.csv,https://www.football-data.co.uk/mmz4281/202425/I1.csv,2026-08-04 21:38:15,606,75dadba445635fd7c9ebb11c5b37ef51952b0f61c4fe58ce2b2bf4ac086a241d
2025-02-02,2024/25,Serie A,Roma,Napoli,1,1,2,3,5,football-data-csv,I1_2425.csv,https://www.football-data.co.uk/mmz4281/202425/I1.csv,2026-08-04 21:38:15,607,d1383915c11a9a09a358dab002bb2920e5cf5c51a4e15b5ba15987c5f6677e55
2025-02-03,2024/25,Serie A,Cagliari,Lazio,1,2,7,7,14,football-data-csv,I1_2425.csv,https://www.football-data.co.uk/mmz4281/202425/I1.csv,2026-08-04 21:38:15,608,f940de8d53db8fcbac488a1d2658b805a0a8c943622e7d43cf38a7118cf5975e
2025-02-06,2024/25,Serie A,Fiorentina,Inter,3,0,1,8,9,football-data-csv,I1_2425.csv,https://www.football-data.co.uk/mmz4281/202425/I1.csv,2026-08-04 21:38:15,609,ba24c84f49eff8ef2692c04b0a5b6a58237625497faec32a6baaa3d094115e41
2025-02-07,2024/25,Serie A,Como,Juventus,1,2,9,1,10,football-data-csv,I1_2425.csv,https://www.football-data.co.uk/mmz4281/202425/I1.csv,2026-08-04 21:38:15,610,e9b1f159da0437c26207680d22c518d7502ba635dbeb2a4778d5350cc1a1324b
2025-02-08,2024/25,Serie A,Empoli,Milan,0,2,2,6,8,football-data-csv,I1_2425.csv,https://www.football-data.co.uk/mmz4281/202425/I1.csv,2026-08-04 21:38:15,611,441c7c0e0bd8efeaa3618503ecfa894ad938245ab1e8cfdf1921114a5d7d1ffb
2025-02-08,2024/25,Serie A,Torino,Genoa,1,1,4,2,6,football-data-csv,I1_2425.csv,https://www.football-data.co.uk/mmz4281/202425/I1.csv,2026-08-04 21:38:15,612,8d629dd06e93d33e5b41c38787f4aab4ae3e7ad81348bebc8d4669b1186e0e79
2025-02-08,2024/25,Serie A,Verona,Atalanta,0,5,7,2,9,football-data-csv,I1_2425.csv,https://www.football-data.co.uk/mmz4281/202425/I1.csv,2026-08-04 21:38:15,613,674ce5d690d32761cff4d06df9fdd6b753808d507bd9559b25887f66780e0692
2025-02-09,2024/25,Serie A,Cagliari,Parma,2,1,7,6,13,football-data-csv,I1_2425.csv,https://www.football-data.co.uk/mmz4281/202425/I1.csv,2026-08-04 21:38:15,614,a78cc5ee9d8d0c2baef672a74079e098c5c3567a49f24757ae31ea55d64661dd
2025-02-09,2024/25,Serie A,Lazio,Monza,5,1,8,1,9,football-data-csv,I1_2425.csv,https://www.football-data.co.uk/mmz4281/202425/I1.csv,2026-08-04 21:38:15,615,ba76bc10b6560aa105667c3fa162b2cccb5bd4c78d0ef08fae7244e1eb7e0d80
2025-02-09,2024/25,Serie A,Lecce,Bologna,0,0,6,5,11,football-data-csv,I1_2425.csv,https://www.football-data.co.uk/mmz4281/202425/I1.csv,2026-08-04 21:38:15,616,cae44bf8fd1294b32d92906838bcb8a443dc85dfb0256f6c8f353f2d2abec628
2025-02-09,2024/25,Serie A,Napoli,Udinese,1,1,6,6,12,football-data-csv,I1_2425.csv,https://www.football-data.co.uk/mmz4281/202425/I1.csv,2026-08-04 21:38:15,617,bb18f3fbc1150c74c1c3fa3035f0f8c1517320c82d2a114a2a466f1267ecafe6
2025-02-09,2024/25,Serie A,Venezia,Roma,0,1,4,6,10,football-data-csv,I1_2425.csv,https://www.football-data.co.uk/mmz4281/202425/I1.csv,2026-08-04 21:38:15,618,8f435694930ba29da14be876365833b0e3df657d9ea4575560460f144b8d9b48
2025-02-10,2024/25,Serie A,Inter,Fiorentina,2,1,8,1,9,football-data-csv,I1_2425.csv,https://www.football-data.co.uk/mmz4281/202425/I1.csv,2026-08-04 21:38:15,619,a3acadaf1392af31c00c8d87ff30a726119c08ebf95daeef7b2cac8938d9b4eb
2025-02-14,2024/25,Serie A,Bologna,Torino,3,2,8,2,10,football-data-csv,I1_2425.csv,https://www.football-data.co.uk/mmz4281/202425/I1.csv,2026-08-04 21:38:15,620,d71f1cf670040eb3fc07e7fbafbfe65d8fe2ae27d8057260b630d813c7eb788c
2025-02-15,2024/25,Serie A,Atalanta,Cagliari,0,0,8,2,10,football-data-csv,I1_2425.csv,https://www.football-data.co.uk/mmz4281/202425/I1.csv,2026-08-04 21:38:15,621,3de89e8e810313d2caaa2b25f6a98a9bd259d4097e89c16401549ff4bdf3926b
2025-02-15,2024/25,Serie A,Lazio,Napoli,2,2,7,1,8,football-data-csv,I1_2425.csv,https://www.football-data.co.uk/mmz4281/202425/I1.csv,2026-08-04 21:38:15,622,3440ae94b00a00503f18cf4c62b5624826e8131c35c632b9291a1b24f4b7d208
2025-02-15,2024/25,Serie A,Milan,Verona,1,0,10,7,17,football-data-csv,I1_2425.csv,https://www.football-data.co.uk/mmz4281/202425/I1.csv,2026-08-04 21:38:15,623,b0ea275f2cc5101447f5d0eb7ff5df36ea18671ad577cbae9ae6d654b0a016c6
2025-02-16,2024/25,Serie A,Fiorentina,Como,0,2,2,1,3,football-data-csv,I1_2425.csv,https://www.football-data.co.uk/mmz4281/202425/I1.csv,2026-08-04 21:38:15,624,38117e1542406f49d2c044e3d4c1943336ea2ddf46961cb126ad01242c569ca2
2025-02-16,2024/25,Serie A,Juventus,Inter,1,0,7,5,12,football-data-csv,I1_2425.csv,https://www.football-data.co.uk/mmz4281/202425/I1.csv,2026-08-04 21:38:15,625,4d88576caa93d7fb4e551e01b961bca46f5160df2f2d79e98d4d94dd1cd7640c
2025-02-16,2024/25,Serie A,Monza,Lecce,0,0,3,7,10,football-data-csv,I1_2425.csv,https://www.football-data.co.uk/mmz4281/202425/I1.csv,2026-08-04 21:38:15,626,4a2ac38f223fc604c84bf24e056a70a909c082e57f9f09b550d7cd149fe4c6b4
2025-02-16,2024/25,Serie A,Parma,Roma,0,1,1,10,11,football-data-csv,I1_2425.csv,https://www.football-data.co.uk/mmz4281/202425/I1.csv,2026-08-04 21:38:15,627,b1f8db091207dcf04b804dcce2ed0134ee530ce33417f719d16eca04559ed455
2025-02-16,2024/25,Serie A,Udinese,Empoli,3,0,9,5,14,football-data-csv,I1_2425.csv,https://www.football-data.co.uk/mmz4281/202425/I1.csv,2026-08-04 21:38:15,628,6f7b2cfd9ea5293b2055078e09608377f34e2febb5768f39dfa8fa962b5cfd8c
2025-02-17,2024/25,Serie A,Genoa,Venezia,2,0,4,5,9,football-data-csv,I1_2425.csv,https://www.football-data.co.uk/mmz4281/202425/I1.csv,2026-08-04 21:38:15,629,cf95dfea5ac4986de0a82bc2d9e4c37f5e7e19276b1619145bf753ace111cbd4
2025-02-21,2024/25,Serie A,Lecce,Udinese,0,1,11,8,19,football-data-csv,I1_2425.csv,https://www.football-data.co.uk/mmz4281/202425/I1.csv,2026-08-04 21:38:15,630,6070419e7cdca59a7b7282a69b7e31f4d0019a65d6036e0c4f687f063cf5392a
2025-02-22,2024/25,Serie A,Inter,Genoa,1,0,6,7,13,football-data-csv,I1_2425.csv,https://www.football-data.co.uk/mmz4281/202425/I1.csv,2026-08-04 21:38:15,631,847bb031da5358f84f43b75c8d516eddad4d6a7e2e2018720a6e88e314d3859f
2025-02-22,2024/25,Serie A,Parma,Bologna,2,0,0,4,4,football-data-csv,I1_2425.csv,https://www.football-data.co.uk/mmz4281/202425/I1.csv,2026-08-04 21:38:15,632,633b25c1845d3622b770613e38d3856d4ee09524a50c5c67349bc00df72e01b1
2025-02-22,2024/25,Serie A,Torino,Milan,2,1,4,11,15,football-data-csv,I1_2425.csv,https://www.football-data.co.uk/mmz4281/202425/I1.csv,2026-08-04 21:38:15,633,848baad4d6359924b05647abed2cef9baa14eda65eae2008dc25fcc8638e5a3c
2025-02-22,2024/25,Serie A,Venezia,Lazio,0,0,6,6,12,football-data-csv,I1_2425.csv,https://www.football-data.co.uk/mmz4281/202425/I1.csv,2026-08-04 21:38:15,634,ea78fe987bd728fd956931a7d263348f98bd343cd92c3645b13a0f1d8ef9379a
2025-02-23,2024/25,Serie A,Cagliari,Juventus,0,1,3,4,7,football-data-csv,I1_2425.csv,https://www.football-data.co.uk/mmz4281/202425/I1.csv,2026-08-04 21:38:15,635,bfef74eaf15cc70a78c7b8234d235792f00b5d0db8983a01f6a4143d367a57cb
2025-02-23,2024/25,Serie A,Como,Napoli,2,1,4,6,10,football-data-csv,I1_2425.csv,https://www.football-data.co.uk/mmz4281/202425/I1.csv,2026-08-04 21:38:15,636,b8385856820b6c4d203a5fb3d416c74e3d65707e2344b43e3e655b7fe837d1f9
2025-02-23,2024/25,Serie A,Empoli,Atalanta,0,5,3,4,7,football-data-csv,I1_2425.csv,https://www.football-data.co.uk/mmz4281/202425/I1.csv,2026-08-04 21:38:15,637,7497711d053873f5040b100eac5fec1f1b7f477838a684cfba7b30971d4d7c36
2025-02-23,2024/25,Serie A,Verona,Fiorentina,1,0,4,1,5,football-data-csv,I1_2425.csv,https://www.football-data.co.uk/mmz4281/202425/I1.csv,2026-08-04 21:38:15,638,ab717a8857adef1285f4cfa0bfb746aa74ce7cbb103f5a5e22ddd9be07891f46
2025-02-24,2024/25,Serie A,Roma,Monza,4,0,6,3,9,football-data-csv,I1_2425.csv,https://www.football-data.co.uk/mmz4281/202425/I1.csv,2026-08-04 21:38:15,639,6f8872a7cde2fa3df83ba2f39db3511be64144bb3db2a58b229fd43aea5e07be
2025-02-27,2024/25,Serie A,Bologna,Milan,2,1,4,5,9,football-data-csv,I1_2425.csv,https://www.football-data.co.uk/mmz4281/202425/I1.csv,2026-08-04 21:38:15,640,86b1224dcd21433085e83dbf83fa069df16a1a61fa6751afb140b594d21cddc1
2025-02-28,2024/25,Serie A,Fiorentina,Lecce,1,0,5,2,7,football-data-csv,I1_2425.csv,https://www.football-data.co.uk/mmz4281/202425/I1.csv,2026-08-04 21:38:15,641,99cde6fd795eb51b5accf9f232709e3b2af94b9e27750d730b10d8e4a1fd99ef
2025-03-01,2024/25,Serie A,Atalanta,Venezia,0,0,3,2,5,football-data-csv,I1_2425.csv,https://www.football-data.co.uk/mmz4281/202425/I1.csv,2026-08-04 21:38:15,642,87655c4dcfc3d317ea530829e8c14b5ea1aeba5df4bfdd59fc9c384184533fe4
2025-03-01,2024/25,Serie A,Napoli,Inter,1,1,12,3,15,football-data-csv,I1_2425.csv,https://www.football-data.co.uk/mmz4281/202425/I1.csv,2026-08-04 21:38:15,643,a1d7ae924631a0b40624e9814b1ff22291425c65bb6176097635d80377ab174c
2025-03-01,2024/25,Serie A,Udinese,Parma,1,0,7,7,14,football-data-csv,I1_2425.csv,https://www.football-data.co.uk/mmz4281/202425/I1.csv,2026-08-04 21:38:15,644,d1d1cb0d0f22ab08813c61798f543bae9d975d5d7b79e4ce617d7a0ff43f94cc
2025-03-02,2024/25,Serie A,Bologna,Cagliari,2,1,4,1,5,football-data-csv,I1_2425.csv,https://www.football-data.co.uk/mmz4281/202425/I1.csv,2026-08-04 21:38:15,645,df053fb2c07b3a237d42e4fea1a7222dcd9768564d05dfd764df3936eaf19a32
2025-03-02,2024/25,Serie A,Genoa,Empoli,1,1,3,6,9,football-data-csv,I1_2425.csv,https://www.football-data.co.uk/mmz4281/202425/I1.csv,2026-08-04 21:38:15,646,ab956ce39502fbe52332090fadb7994a58f32f5a0bb5bac81e7227faa7a8950e
2025-03-02,2024/25,Serie A,Milan,Lazio,1,2,3,5,8,football-data-csv,I1_2425.csv,https://www.football-data.co.uk/mmz4281/202425/I1.csv,2026-08-04 21:38:15,647,4c6a37c412f2c4ca3f75838093ac41d87baaa9c3d9ade2d87024663f6d4dc236
2025-03-02,2024/25,Serie A,Monza,Torino,0,2,1,4,5,football-data-csv,I1_2425.csv,https://www.football-data.co.uk/mmz4281/202425/I1.csv,2026-08-04 21:38:15,648,7ad20509915303f590ab90d69dff70ef12da9b11bb495d108dbc848b7414d354
2025-03-02,2024/25,Serie A,Roma,Como,2,1,1,2,3,football-data-csv,I1_2425.csv,https://www.football-data.co.uk/mmz4281/202425/I1.csv,2026-08-04 21:38:15,649,79521ef0c94efedf4887d7abe9c55fc13b374ea4d4ecaae1dddcfc19c3299e2d
2025-03-03,2024/25,Serie A,Juventus,Verona,2,0,6,0,6,football-data-csv,I1_2425.csv,https://www.football-data.co.uk/mmz4281/202425/I1.csv,2026-08-04 21:38:15,650,333baa653a0eb6077beaf02054e3c50a26eb6769ebfe45010cc6dbacc4021f7a
2025-03-07,2024/25,Serie A,Cagliari,Genoa,1,1,2,5,7,football-data-csv,I1_2425.csv,https://www.football-data.co.uk/mmz4281/202425/I1.csv,2026-08-04 21:38:15,651,a34ea376334ee24a4c9b7167e7144c84211ca58ed6e231095360fb89cb5ffa17
2025-03-08,2024/25,Serie A,Como,Venezia,1,1,3,5,8,football-data-csv,I1_2425.csv,https://www.football-data.co.uk/mmz4281/202425/I1.csv,2026-08-04 21:38:15,652,b6cf062ee72491007ea5626ad475729c575d23307e513341fa9eb2a17afd2b59
2025-03-08,2024/25,Serie A,Inter,Monza,3,2,13,1,14,football-data-csv,I1_2425.csv,https://www.football-data.co.uk/mmz4281/202425/I1.csv,2026-08-04 21:38:15,653,63aef28d48c6685e10cf838d6da3a069c9b886c95f2365465e952b3985447b5e
2025-03-08,2024/25,Serie A,Lecce,Milan,2,3,2,7,9,football-data-csv,I1_2425.csv,https://www.football-data.co.uk/mmz4281/202425/I1.csv,2026-08-04 21:38:15,654,a9c3bf885110b14c245153e3e49048fa9a8531eb6fe434d7f66ba28c645077b7
2025-03-08,2024/25,Serie A,Parma,Torino,2,2,7,4,11,football-data-csv,I1_2425.csv,https://www.football-data.co.uk/mmz4281/202425/I1.csv,2026-08-04 21:38:15,655,285c0a09169f0b3f3ffd7e6efb30a60731bc1b787fac6fb93a3a809fdb6bc5e1
2025-03-09,2024/25,Serie A,Empoli,Roma,0,1,1,9,10,football-data-csv,I1_2425.csv,https://www.football-data.co.uk/mmz4281/202425/I1.csv,2026-08-04 21:38:15,656,ff289f4a972a83e4893a4c4bdec277c6ae76ca2de9f9cc89aca051df96691b7e
2025-03-09,2024/25,Serie A,Juventus,Atalanta,0,4,2,5,7,football-data-csv,I1_2425.csv,https://www.football-data.co.uk/mmz4281/202425/I1.csv,2026-08-04 21:38:15,657,1ac07592256fb3ada0f19da435ce0a7bc58f381de9d5c632424effb7a6c123d8
2025-03-09,2024/25,Serie A,Napoli,Fiorentina,2,1,4,4,8,football-data-csv,I1_2425.csv,https://www.football-data.co.uk/mmz4281/202425/I1.csv,2026-08-04 21:38:15,658,44b56e8368af710db705dd3ac0813bdffa1a9ccbe5971852a37d6e9fc077f8ff
2025-03-09,2024/25,Serie A,Verona,Bologna,1,2,1,3,4,football-data-csv,I1_2425.csv,https://www.football-data.co.uk/mmz4281/202425/I1.csv,2026-08-04 21:38:15,659,42b88495a25fee9331dbe523bfd1704c5fd010adfd6f6b4ba60cbb5198dc4f29
2025-03-10,2024/25,Serie A,Lazio,Udinese,1,1,4,9,13,football-data-csv,I1_2425.csv,https://www.football-data.co.uk/mmz4281/202425/I1.csv,2026-08-04 21:38:15,660,27c1d14a5a8a846777d64b57e510775c2c862362c180a5826ae4cf25fac57155
2025-03-14,2024/25,Serie A,Genoa,Lecce,2,1,3,3,6,football-data-csv,I1_2425.csv,https://www.football-data.co.uk/mmz4281/202425/I1.csv,2026-08-04 21:38:15,661,597e0087a05cf27a0234b47e09e9c22aa7caa194b5288d02863e58a955fbb2d7
2025-03-15,2024/25,Serie A,Milan,Como,2,1,0,5,5,football-data-csv,I1_2425.csv,https://www.football-data.co.uk/mmz4281/202425/I1.csv,2026-08-04 21:38:15,662,f521845d5086435a33d97f05fec1df2d6adf0972b6903c81c720ee0b8cf3e7af
2025-03-15,2024/25,Serie A,Monza,Parma,1,1,6,3,9,football-data-csv,I1_2425.csv,https://www.football-data.co.uk/mmz4281/202425/I1.csv,2026-08-04 21:38:15,663,ef04960908df08ad9f8ab21b15452ac0661df4604f05be89b7bc94bab42d4150
2025-03-15,2024/25,Serie A,Torino,Empoli,1,0,5,5,10,football-data-csv,I1_2425.csv,https://www.football-data.co.uk/mmz4281/202425/I1.csv,2026-08-04 21:38:15,664,fcd41ce146d01743522723d8d91596d6a57f662a7ed299b052b6660b44a78a16
2025-03-15,2024/25,Serie A,Udinese,Verona,0,1,2,1,3,football-data-csv,I1_2425.csv,https://www.football-data.co.uk/mmz4281/202425/I1.csv,2026-08-04 21:38:15,665,ac8de1a4b02b324e267d0dc7839dd58c99aa43394ab8df814558eef7418c9034
2025-03-16,2024/25,Serie A,Atalanta,Inter,0,2,2,6,8,football-data-csv,I1_2425.csv,https://www.football-data.co.uk/mmz4281/202425/I1.csv,2026-08-04 21:38:15,666,4f53504d8fd2cec3fe91a91c6063d400d0261751bb17d5aa933e593bdaefdbf5
2025-03-16,2024/25,Serie A,Bologna,Lazio,5,0,7,1,8,football-data-csv,I1_2425.csv,https://www.football-data.co.uk/mmz4281/202425/I1.csv,2026-08-04 21:38:15,667,cb1e8464f218356a913d7b3397bb276435a62e8c2b5126ed38bec7db8f0601b5
2025-03-16,2024/25,Serie A,Fiorentina,Juventus,3,0,1,6,7,football-data-csv,I1_2425.csv,https://www.football-data.co.uk/mmz4281/202425/I1.csv,2026-08-04 21:38:15,668,b9ed9123e6822b48433d0524eb3bc43584a38e067ef86606ebdc5811b5fea9a0
2025-03-16,2024/25,Serie A,Roma,Cagliari,1,0,8,3,11,football-data-csv,I1_2425.csv,https://www.football-data.co.uk/mmz4281/202425/I1.csv,2026-08-04 21:38:15,669,46997bd102a6a63d50961970ef07496a6ba9dee171c52b39b33ddbe94ecda546
2025-03-16,2024/25,Serie A,Venezia,Napoli,0,0,3,8,11,football-data-csv,I1_2425.csv,https://www.football-data.co.uk/mmz4281/202425/I1.csv,2026-08-04 21:38:15,670,6ab78910f53729fb98a519035939a27e96213102343362879c18196f7890f2a7
2025-03-29,2024/25,Serie A,Como,Empoli,1,1,4,1,5,football-data-csv,I1_2425.csv,https://www.football-data.co.uk/mmz4281/202425/I1.csv,2026-08-04 21:38:15,671,7525a779dbdfb9dcc41cb73a20a7e7b6e0b314294b3622dcd142f4b1281e7e27
2025-03-29,2024/25,Serie A,Juventus,Genoa,1,0,4,3,7,football-data-csv,I1_2425.csv,https://www.football-data.co.uk/mmz4281/202425/I1.csv,2026-08-04 21:38:15,672,b30c28a618157db1da7c6c00029264bc81b1daabd883a440211633fc906d4564
2025-03-29,2024/25,Serie A,Lecce,Roma,0,1,6,6,12,football-data-csv,I1_2425.csv,https://www.football-data.co.uk/mmz4281/202425/I1.csv,2026-08-04 21:38:15,673,ff634ebbfdd9b82c0415780c7404511b11ae4ea6f8d9581b9f4006d31e29ddba
2025-03-29,2024/25,Serie A,Venezia,Bologna,0,1,2,3,5,football-data-csv,I1_2425.csv,https://www.football-data.co.uk/mmz4281/202425/I1.csv,2026-08-04 21:38:15,674,a838a51e248e81977654cff2a188040b953249645b0eb369de2bc00aab52c8c7
2025-03-30,2024/25,Serie A,Cagliari,Monza,3,0,4,6,10,football-data-csv,I1_2425.csv,https://www.football-data.co.uk/mmz4281/202425/I1.csv,2026-08-04 21:38:15,675,84c8266e2c79dc936bd42c6df96fc403bf7052ecf0968bf835384d7b290c48c6
2025-03-30,2024/25,Serie A,Fiorentina,Atalanta,1,0,2,4,6,football-data-csv,I1_2425.csv,https://www.football-data.co.uk/mmz4281/202425/I1.csv,2026-08-04 21:38:15,676,130b1333845bd1e48735cef1899726c6f476877ef4c3ddd061461ebc8bcfcf1f
2025-03-30,2024/25,Serie A,Inter,Udinese,2,1,2,4,6,football-data-csv,I1_2425.csv,https://www.football-data.co.uk/mmz4281/202425/I1.csv,2026-08-04 21:38:15,677,83e391282d09a5523662cc01b599d54a37fb7153d15b59d86126173f453233fd
2025-03-30,2024/25,Serie A,Napoli,Milan,2,1,2,6,8,football-data-csv,I1_2425.csv,https://www.football-data.co.uk/mmz4281/202425/I1.csv,2026-08-04 21:38:15,678,03a19f80c96ce224959dfd6dd5e8d575b862a163257eaea51a0a09df6f5195f5
2025-03-31,2024/25,Serie A,Lazio,Torino,1,1,5,3,8,football-data-csv,I1_2425.csv,https://www.football-data.co.uk/mmz4281/202425/I1.csv,2026-08-04 21:38:15,679,d23152dfccd21f0a0144a1b790444556460b3a4659bd105ed03243cbf30c7396
2025-03-31,2024/25,Serie A,Verona,Parma,0,0,5,5,10,football-data-csv,I1_2425.csv,https://www.football-data.co.uk/mmz4281/202425/I1.csv,2026-08-04 21:38:15,680,057541d0c85401e5833a4e301f9bc944252f610d41d8de18ee4685f80399da00
2025-04-04,2024/25,Serie A,Genoa,Udinese,1,0,1,2,3,football-data-csv,I1_2425.csv,https://www.football-data.co.uk/mmz4281/202425/I1.csv,2026-08-04 21:38:15,681,2c6384f9558a240f446410e88e57e037e02f66ae44bd6b6013fe54bb8d0d8bce
2025-04-05,2024/25,Serie A,Milan,Fiorentina,2,2,7,4,11,football-data-csv,I1_2425.csv,https://www.football-data.co.uk/mmz4281/202425/I1.csv,2026-08-04 21:38:15,682,6d277f8c1b97054f5de18be03d4ddff86b813c0c1f64d8daf83c9dadfac45b15
2025-04-05,2024/25,Serie A,Monza,Como,1,3,2,2,4,football-data-csv,I1_2425.csv,https://www.football-data.co.uk/mmz4281/202425/I1.csv,2026-08-04 21:38:15,683,f59d11228b7e051818db9d21869a1dbc6cb2b2e0f741ba8436c15e45bfaafef3
2025-04-05,2024/25,Serie A,Parma,Inter,2,2,2,4,6,football-data-csv,I1_2425.csv,https://www.football-data.co.uk/mmz4281/202425/I1.csv,2026-08-04 21:38:15,684,ef8d5fd35fcb33a14a7bb2f059774f991f3d62702c2b015c3c75de95e6378169
2025-04-06,2024/25,Serie A,Atalanta,Lazio,0,1,11,4,15,football-data-csv,I1_2425.csv,https://www.football-data.co.uk/mmz4281/202425/I1.csv,2026-08-04 21:38:15,685,bee00227798731648b02718f5e7db9fbc85052f5396633469d1bdbe4064b16df
2025-04-06,2024/25,Serie A,Empoli,Cagliari,0,0,2,3,5,football-data-csv,I1_2425.csv,https://www.football-data.co.uk/mmz4281/202425/I1.csv,2026-08-04 21:38:15,686,d508119a7adaa17b5d1e1b9284cf5230119319a8485ea36ca4af48fbdbc7e6da
2025-04-06,2024/25,Serie A,Lecce,Venezia,1,1,8,3,11,football-data-csv,I1_2425.csv,https://www.football-data.co.uk/mmz4281/202425/I1.csv,2026-08-04 21:38:15,687,eaddbe91ca3029e027369d57c4b4ae052087b8f0aaa2cad782272434ed0f5d19
2025-04-06,2024/25,Serie A,Roma,Juventus,1,1,4,4,8,football-data-csv,I1_2425.csv,https://www.football-data.co.uk/mmz4281/202425/I1.csv,2026-08-04 21:38:15,688,056e79e4f607d0ad95bbafc04d8cc24d23e9b69a51a0d7513db61caa8b8a0539
2025-04-06,2024/25,Serie A,Torino,Verona,1,1,1,5,6,football-data-csv,I1_2425.csv,https://www.football-data.co.uk/mmz4281/202425/I1.csv,2026-08-04 21:38:15,689,a2c4d5ad9b2d6267cc6223858d438d91ea5b4004c38c0b4bfaa9e044c008886c
2025-04-07,2024/25,Serie A,Bologna,Napoli,1,1,8,3,11,football-data-csv,I1_2425.csv,https://www.football-data.co.uk/mmz4281/202425/I1.csv,2026-08-04 21:38:15,690,b75fe4764da0153c941cc51d5b36bb9c31041fdb9f5effb5d0fe5eabadba0a6a
2025-04-11,2024/25,Serie A,Udinese,Milan,0,4,5,7,12,football-data-csv,I1_2425.csv,https://www.football-data.co.uk/mmz4281/202425/I1.csv,2026-08-04 21:38:15,691,bf69ef83661102e73131cbc1146c120c762db0cf5af2d9931d4cd825a8bf4f97
2025-04-12,2024/25,Serie A,Inter,Cagliari,3,1,5,6,11,football-data-csv,I1_2425.csv,https://www.football-data.co.uk/mmz4281/202425/I1.csv,2026-08-04 21:38:15,692,19434797366d444bce832ed89a76fca852c17d0b3dee1354e7054d5e1ea01442
2025-04-12,2024/25,Serie A,Juventus,Lecce,2,1,9,4,13,football-data-csv,I1_2425.csv,https://www.football-data.co.uk/mmz4281/202425/I1.csv,2026-08-04 21:38:15,693,0accf2549c4acc6cf76bb75c9a00b5fa71a05d766ad0f1b1fb79f8bf7c94827d
2025-04-12,2024/25,Serie A,Venezia,Monza,1,0,3,4,7,football-data-csv,I1_2425.csv,https://www.football-data.co.uk/mmz4281/202425/I1.csv,2026-08-04 21:38:15,694,581a1e11eb7f69948ec85695a41b542daf09502b9131abe4b6a50508e893db73
2025-04-13,2024/25,Serie A,Atalanta,Bologna,2,0,4,5,9,football-data-csv,I1_2425.csv,https://www.football-data.co.uk/mmz4281/202425/I1.csv,2026-08-04 21:38:15,695,cc3e87ec22845749f3a47fde1c32ad50ea716549f401bc6867fda17f8ceefe4d
2025-04-13,2024/25,Serie A,Como,Torino,1,0,7,4,11,football-data-csv,I1_2425.csv,https://www.football-data.co.uk/mmz4281/202425/I1.csv,2026-08-04 21:38:15,696,6bdf55fd89a925086e2ddef3b4b1c7d864dc4aa716f5269ac32404d4e78abcf7
2025-04-13,2024/25,Serie A,Fiorentina,Parma,0,0,2,2,4,football-data-csv,I1_2425.csv,https://www.football-data.co.uk/mmz4281/202425/I1.csv,2026-08-04 21:38:15,697,96096a3ecbe0ace60ce135232095f522e65eb51cf41c15897e9f4c59f1691432
2025-04-13,2024/25,Serie A,Lazio,Roma,1,1,10,5,15,football-data-csv,I1_2425.csv,https://www.football-data.co.uk/mmz4281/202425/I1.csv,2026-08-04 21:38:15,698,bf8b81fb499df7479c5e44b4d7740c31f7860aa13c8d334abca0a55d10d2659c
2025-04-13,2024/25,Serie A,Verona,Genoa,0,0,6,2,8,football-data-csv,I1_2425.csv,https://www.football-data.co.uk/mmz4281/202425/I1.csv,2026-08-04 21:38:15,699,7fca219aff392819356f5649f335879165fdfb5f9a2d53a7dbe7bec2372c1b10
2025-04-14,2024/25,Serie A,Napoli,Empoli,3,0,5,5,10,football-data-csv,I1_2425.csv,https://www.football-data.co.uk/mmz4281/202425/I1.csv,2026-08-04 21:38:15,700,8d319b1bd4e8f81bd9391ca686e2b669b5252f243bbf26af4bebaedad41bbaab
2025-04-19,2024/25,Serie A,Lecce,Como,0,3,9,4,13,football-data-csv,I1_2425.csv,https://www.football-data.co.uk/mmz4281/202425/I1.csv,2026-08-04 21:38:15,701,e4fc3ad513374e8a29c946577da07a5be081c2ddb1de210f99bbd9e2b9410eaa
2025-04-19,2024/25,Serie A,Monza,Napoli,0,1,6,7,13,football-data-csv,I1_2425.csv,https://www.football-data.co.uk/mmz4281/202425/I1.csv,2026-08-04 21:38:15,702,8ffdceb314bfd75eb532d967257d94ad36d0406c3ab625dc0d2c7875cb8a51e3
2025-04-19,2024/25,Serie A,Roma,Verona,1,0,4,6,10,football-data-csv,I1_2425.csv,https://www.football-data.co.uk/mmz4281/202425/I1.csv,2026-08-04 21:38:15,703,bd700fef683b48b05d6eca3f5986ea9d8e02c2c7397aa5993d2c70e9a8f44d44
2025-04-20,2024/25,Serie A,Bologna,Inter,1,0,5,6,11,football-data-csv,I1_2425.csv,https://www.football-data.co.uk/mmz4281/202425/I1.csv,2026-08-04 21:38:15,704,1366d69f6ed36576862e27068cd38e9b46a4cf88beb33381918e2cb3242c85a0
2025-04-20,2024/25,Serie A,Empoli,Venezia,2,2,2,5,7,football-data-csv,I1_2425.csv,https://www.football-data.co.uk/mmz4281/202425/I1.csv,2026-08-04 21:38:15,705,744a558f9abdffd030e54057ddd1a42d9755b7af71e073465b61bdc439d0eda8
2025-04-20,2024/25,Serie A,Milan,Atalanta,0,1,7,5,12,football-data-csv,I1_2425.csv,https://www.football-data.co.uk/mmz4281/202425/I1.csv,2026-08-04 21:38:15,706,d783af3e2c5b1336f76d555009823f1ec51034e7acfc9e1ad4e937c4bdafec20
2025-04-23,2024/25,Serie A,Cagliari,Fiorentina,1,2,4,4,8,football-data-csv,I1_2425.csv,https://www.football-data.co.uk/mmz4281/202425/I1.csv,2026-08-04 21:38:15,707,e011ec07c20c9bcccfa1d32430b31e0fef9fac25c3996e58547349800d4bc4c2
2025-04-23,2024/25,Serie A,Genoa,Lazio,0,2,6,8,14,football-data-csv,I1_2425.csv,https://www.football-data.co.uk/mmz4281/202425/I1.csv,2026-08-04 21:38:15,708,e088358651e7fd449d954342874b91200b2dedb2839a1dc1354d0f7240240aff
2025-04-23,2024/25,Serie A,Parma,Juventus,1,0,4,9,13,football-data-csv,I1_2425.csv,https://www.football-data.co.uk/mmz4281/202425/I1.csv,2026-08-04 21:38:15,709,ce8473f30c7db7139da5ebfb5eb7449542d41e63548cd6354017182ba8d29354
2025-04-23,2024/25,Serie A,Torino,Udinese,2,0,8,7,15,football-data-csv,I1_2425.csv,https://www.football-data.co.uk/mmz4281/202425/I1.csv,2026-08-04 21:38:15,710,16ba47d3bb14fc4ebfc50a55e985ad648fd42a6c599912e55ed44c0cce96b965
2025-04-27,2024/25,Serie A,Atalanta,Lecce,1,1,12,3,15,football-data-csv,I1_2425.csv,https://www.football-data.co.uk/mmz4281/202425/I1.csv,2026-08-04 21:38:15,711,7491231cf0583c72ee725fc9f2336c432c978853cf80da801598c341d9b5682c
2025-04-27,2024/25,Serie A,Como,Genoa,1,0,6,3,9,football-data-csv,I1_2425.csv,https://www.football-data.co.uk/mmz4281/202425/I1.csv,2026-08-04 21:38:15,712,8fc3039b3bd2bc25dff1d7e7a2078d474539fe96a2c5998c796963a43e831e3f
2025-04-27,2024/25,Serie A,Fiorentina,Empoli,2,1,1,6,7,football-data-csv,I1_2425.csv,https://www.football-data.co.uk/mmz4281/202425/I1.csv,2026-08-04 21:38:15,713,c02ef791020aed2c654bfc0c19a54111af2570014b14a815b3fae108429e325b
2025-04-27,2024/25,Serie A,Inter,Roma,0,1,4,3,7,football-data-csv,I1_2425.csv,https://www.football-data.co.uk/mmz4281/202425/I1.csv,2026-08-04 21:38:15,714,c155bb960b9877a04cc0270d3dd6ee21911d5012652046f23fc70f8e5e7f1670
2025-04-27,2024/25,Serie A,Juventus,Monza,2,0,0,5,5,football-data-csv,I1_2425.csv,https://www.football-data.co.uk/mmz4281/202425/I1.csv,2026-08-04 21:38:15,715,9ed738df29a6ca40e21e70db6f196c4b2ecd93b56f5f6e23fb7a662f21815f2e
2025-04-27,2024/25,Serie A,Napoli,Torino,2,0,2,5,7,football-data-csv,I1_2425.csv,https://www.football-data.co.uk/mmz4281/202425/I1.csv,2026-08-04 21:38:15,716,48c2232da863269880d614edb80fdb053e77ae6e0a22888a65da10cdf83fadfd
2025-04-27,2024/25,Serie A,Venezia,Milan,0,2,7,2,9,football-data-csv,I1_2425.csv,https://www.football-data.co.uk/mmz4281/202425/I1.csv,2026-08-04 21:38:15,717,dc881c84d3a75d30dce91262d235d5ca56a90fff1c177ba380d49bb26656958c
2025-04-28,2024/25,Serie A,Lazio,Parma,2,2,5,1,6,football-data-csv,I1_2425.csv,https://www.football-data.co.uk/mmz4281/202425/I1.csv,2026-08-04 21:38:15,718,7b5fb064259f55d6fbe1c2553ff8a4ba62dca9ae3c926948ac4bb97bf4308372
2025-04-28,2024/25,Serie A,Udinese,Bologna,0,0,5,6,11,football-data-csv,I1_2425.csv,https://www.football-data.co.uk/mmz4281/202425/I1.csv,2026-08-04 21:38:15,719,e0dba821ef95a7a435050a70a47055473880fd0d8dabb7bff80c4b1a08c48b4a
2025-04-28,2024/25,Serie A,Verona,Cagliari,0,2,2,3,5,football-data-csv,I1_2425.csv,https://www.football-data.co.uk/mmz4281/202425/I1.csv,2026-08-04 21:38:15,720,ba132c57666d613a13f2b71caefc06a6ef1df988a196a0df8bf4d59b5bddf65a
2025-05-02,2024/25,Serie A,Torino,Venezia,1,1,5,1,6,football-data-csv,I1_2425.csv,https://www.football-data.co.uk/mmz4281/202425/I1.csv,2026-08-04 21:38:15,721,c2b5c3e36714a56794b9b7f018ae7d6240855a94950abb7e0853c9a877f6412a
2025-05-03,2024/25,Serie A,Cagliari,Udinese,1,2,5,4,9,football-data-csv,I1_2425.csv,https://www.football-data.co.uk/mmz4281/202425/I1.csv,2026-08-04 21:38:15,722,d838f00007a03f77269bec450079a5d6717936d20e3bc443b258fe684ea759d8
2025-05-03,2024/25,Serie A,Inter,Verona,1,0,4,3,7,football-data-csv,I1_2425.csv,https://www.football-data.co.uk/mmz4281/202425/I1.csv,2026-08-04 21:38:15,723,47554138635acc47d9655c96435b1a4b8018d16f45a9b1b769a131d4c198884f
2025-05-03,2024/25,Serie A,Lecce,Napoli,0,1,5,2,7,football-data-csv,I1_2425.csv,https://www.football-data.co.uk/mmz4281/202425/I1.csv,2026-08-04 21:38:15,724,cf398d5be1b63980c48f98286a6f16fe022dfa85d9cd92611161e6938e525ffa
2025-05-03,2024/25,Serie A,Parma,Como,0,1,5,5,10,football-data-csv,I1_2425.csv,https://www.football-data.co.uk/mmz4281/202425/I1.csv,2026-08-04 21:38:15,725,c1dd4401cab369fa04b0fd7bcebc6a5f9bd8829010fee95412a591f3faf5d791
2025-05-04,2024/25,Serie A,Bologna,Juventus,1,1,10,3,13,football-data-csv,I1_2425.csv,https://www.football-data.co.uk/mmz4281/202425/I1.csv,2026-08-04 21:38:15,726,69d45653350fe11384a0be91801a788223b51c8549f9d362c139969fa5b6c3bb
2025-05-04,2024/25,Serie A,Empoli,Lazio,0,1,2,7,9,football-data-csv,I1_2425.csv,https://www.football-data.co.uk/mmz4281/202425/I1.csv,2026-08-04 21:38:15,727,68389278a6dd0fd41c07f4f6e8deddc3b0a4d3ef712553010a72104a1d720d17
2025-05-04,2024/25,Serie A,Monza,Atalanta,0,4,3,7,10,football-data-csv,I1_2425.csv,https://www.football-data.co.uk/mmz4281/202425/I1.csv,2026-08-04 21:38:15,728,f3f9a2acc3d87a07356daca47a0f4c3004c4ce498704e9bf1e81b2e9e9ab5b40
2025-05-04,2024/25,Serie A,Roma,Fiorentina,1,0,7,4,11,football-data-csv,I1_2425.csv,https://www.football-data.co.uk/mmz4281/202425/I1.csv,2026-08-04 21:38:15,729,7788625db5e596e4f40df2b929f1d3b18ca5126ca05d9018162e8842da4911d5
2025-05-05,2024/25,Serie A,Genoa,Milan,1,2,8,7,15,football-data-csv,I1_2425.csv,https://www.football-data.co.uk/mmz4281/202425/I1.csv,2026-08-04 21:38:15,730,8a4dde847ceda11f7ef1426d9f31c9128fe2599613e8a7997e63ac4709e564a7
2025-05-09,2024/25,Serie A,Milan,Bologna,3,1,3,4,7,football-data-csv,I1_2425.csv,https://www.football-data.co.uk/mmz4281/202425/I1.csv,2026-08-04 21:38:15,731,ff6c015c522af3bb4e1828e6d00ec511ae8d7bcb4db4ba7bda9dfef761cc897b
2025-05-10,2024/25,Serie A,Como,Cagliari,3,1,5,1,6,football-data-csv,I1_2425.csv,https://www.football-data.co.uk/mmz4281/202425/I1.csv,2026-08-04 21:38:15,732,382575218cf721e187e775ee9507a5dc1dbf66c2bb7f966fa90e21eef887353b
2025-05-10,2024/25,Serie A,Empoli,Parma,2,1,4,0,4,football-data-csv,I1_2425.csv,https://www.football-data.co.uk/mmz4281/202425/I1.csv,2026-08-04 21:38:15,733,e0e89a954522b621d6f073ba3c38a470f5ec17530c10e7f175247ee9a55ccb84
2025-05-10,2024/25,Serie A,Lazio,Juventus,1,1,3,3,6,football-data-csv,I1_2425.csv,https://www.football-data.co.uk/mmz4281/202425/I1.csv,2026-08-04 21:38:15,734,23e9e1124f8ec525766744f3fb98366e69ff1fe8c4809d90c0c4465746c6cc16
2025-05-11,2024/25,Serie A,Napoli,Genoa,2,2,8,0,8,football-data-csv,I1_2425.csv,https://www.football-data.co.uk/mmz4281/202425/I1.csv,2026-08-04 21:38:15,735,79d2e8c0201cb2d46b409801dc834479f4e0b2d0e3f5841187c3946d26ecfa0c
2025-05-11,2024/25,Serie A,Torino,Inter,0,2,9,3,12,football-data-csv,I1_2425.csv,https://www.football-data.co.uk/mmz4281/202425/I1.csv,2026-08-04 21:38:15,736,cf523015afc67df822c58568b09ac038346ba773f44b0470ef5f4da0c9686abf
2025-05-11,2024/25,Serie A,Udinese,Monza,1,2,7,0,7,football-data-csv,I1_2425.csv,https://www.football-data.co.uk/mmz4281/202425/I1.csv,2026-08-04 21:38:15,737,e33eee45ca6fa78c573af294590af9e9a265960eb94e9d923b3889298985b9f6
2025-05-11,2024/25,Serie A,Verona,Lecce,1,1,3,6,9,football-data-csv,I1_2425.csv,https://www.football-data.co.uk/mmz4281/202425/I1.csv,2026-08-04 21:38:15,738,7197017f082f4e8923ca113368e5426deb15e5c3ae62026596b752d691740acb
2025-05-12,2024/25,Serie A,Atalanta,Roma,2,1,8,7,15,football-data-csv,I1_2425.csv,https://www.football-data.co.uk/mmz4281/202425/I1.csv,2026-08-04 21:38:15,739,acb6bbd34d1c9f6d0180de6647eca0c27ddd46b387f7ed4a084c2be181b950b7
2025-05-12,2024/25,Serie A,Venezia,Fiorentina,2,1,1,5,6,football-data-csv,I1_2425.csv,https://www.football-data.co.uk/mmz4281/202425/I1.csv,2026-08-04 21:38:15,740,7767b989e471dc8b8104312c7a5e3feeec6c7bc4b975503be5932502327327d0
2025-05-17,2024/25,Serie A,Genoa,Atalanta,2,3,7,0,7,football-data-csv,I1_2425.csv,https://www.football-data.co.uk/mmz4281/202425/I1.csv,2026-08-04 21:38:15,741,e6c79977735abb603f0db8d6fa4bfa6b6c367f823fd682cc4633a82831ff9deb
2025-05-18,2024/25,Serie A,Cagliari,Venezia,3,0,8,8,16,football-data-csv,I1_2425.csv,https://www.football-data.co.uk/mmz4281/202425/I1.csv,2026-08-04 21:38:15,742,597e364a882f78a1e2fb4aac71189990c2cee379d54a457eb78c68a30864ad76
2025-05-18,2024/25,Serie A,Fiorentina,Bologna,3,2,2,4,6,football-data-csv,I1_2425.csv,https://www.football-data.co.uk/mmz4281/202425/I1.csv,2026-08-04 21:38:15,743,db264e4c420f48b85c8f4a66c267be1741d347e0b6cb86bce1eb62e74345d689
2025-05-18,2024/25,Serie A,Inter,Lazio,2,2,5,1,6,football-data-csv,I1_2425.csv,https://www.football-data.co.uk/mmz4281/202425/I1.csv,2026-08-04 21:38:15,744,eeb024cee44a43e64d16cfda0830efb527bb8e9509274f61da45766dcc901648
2025-05-18,2024/25,Serie A,Juventus,Udinese,2,0,12,3,15,football-data-csv,I1_2425.csv,https://www.football-data.co.uk/mmz4281/202425/I1.csv,2026-08-04 21:38:15,745,0d314b9c6db95a2c7e9cb708f608578d2115f2f68d62cfca7b028c01fbff02f8
2025-05-18,2024/25,Serie A,Lecce,Torino,1,0,3,4,7,football-data-csv,I1_2425.csv,https://www.football-data.co.uk/mmz4281/202425/I1.csv,2026-08-04 21:38:15,746,cd004b9361a82587b677a5c4c16798b99ab06bc7830da43ef9bd6d13cb52fa27
2025-05-18,2024/25,Serie A,Monza,Empoli,1,3,2,6,8,football-data-csv,I1_2425.csv,https://www.football-data.co.uk/mmz4281/202425/I1.csv,2026-08-04 21:38:15,747,7fda29cfbceee93ec9bca1f2bcd9b9fc562c32b22387f7b29a36e05a544255e0
2025-05-18,2024/25,Serie A,Parma,Napoli,0,0,3,2,5,football-data-csv,I1_2425.csv,https://www.football-data.co.uk/mmz4281/202425/I1.csv,2026-08-04 21:38:15,748,0510572bd09f797aabebbbaf26c66df476f648f3f29637b34e4ea7ffe9081879
2025-05-18,2024/25,Serie A,Roma,Milan,3,1,4,2,6,football-data-csv,I1_2425.csv,https://www.football-data.co.uk/mmz4281/202425/I1.csv,2026-08-04 21:38:15,749,4956e677ef613453d23924b996b418cc7d8103dacf59d9a2cc4abab87dbcf3b7
2025-05-18,2024/25,Serie A,Verona,Como,1,1,5,5,10,football-data-csv,I1_2425.csv,https://www.football-data.co.uk/mmz4281/202425/I1.csv,2026-08-04 21:38:15,750,2a416e161bda15c6171fb9bd1f60753c6b7782770009be7633b8543c92b71000
2025-05-23,2024/25,Serie A,Como,Inter,0,2,1,4,5,football-data-csv,I1_2425.csv,https://www.football-data.co.uk/mmz4281/202425/I1.csv,2026-08-04 21:38:15,751,13994ae7f992cf0ba4328e05f0c3117c738475d33ca67a21b8f0c913cf038a5a
2025-05-23,2024/25,Serie A,Napoli,Cagliari,2,0,8,3,11,football-data-csv,I1_2425.csv,https://www.football-data.co.uk/mmz4281/202425/I1.csv,2026-08-04 21:38:15,752,ac2f5a108e878d4cf4988fbda0cc50cfc0b757923c5e0618d44d3e6b7c3f31c7
2025-05-24,2024/25,Serie A,Bologna,Genoa,1,3,13,1,14,football-data-csv,I1_2425.csv,https://www.football-data.co.uk/mmz4281/202425/I1.csv,2026-08-04 21:38:15,753,f86a064b73ac4670cec1af116990a0b0a86162158a93a8eaa95125d9dc73d076
2025-05-24,2024/25,Serie A,Milan,Monza,2,0,4,6,10,football-data-csv,I1_2425.csv,https://www.football-data.co.uk/mmz4281/202425/I1.csv,2026-08-04 21:38:15,754,045bdfa382eb4f7c68a776b5c6b4aef62434713ec7371c391cf44dc17f259e87
2025-05-25,2024/25,Serie A,Atalanta,Parma,2,3,5,6,11,football-data-csv,I1_2425.csv,https://www.football-data.co.uk/mmz4281/202425/I1.csv,2026-08-04 21:38:15,755,dcd2c273f93de467d5cde72abb8c14dec080aa8936f02199a38cf5abbc99000f
2025-05-25,2024/25,Serie A,Empoli,Verona,1,2,13,1,14,football-data-csv,I1_2425.csv,https://www.football-data.co.uk/mmz4281/202425/I1.csv,2026-08-04 21:38:15,756,1fd58e95984a26cb12c963448943c048dccc9f2ae0c962c2011b1742f937239f
2025-05-25,2024/25,Serie A,Lazio,Lecce,0,1,14,4,18,football-data-csv,I1_2425.csv,https://www.football-data.co.uk/mmz4281/202425/I1.csv,2026-08-04 21:38:16,757,539f23445ccae0598cc86d3daad323ef89d2432dacbd2ba7cc0ab21fe4f3413b
2025-05-25,2024/25,Serie A,Torino,Roma,0,2,2,1,3,football-data-csv,I1_2425.csv,https://www.football-data.co.uk/mmz4281/202425/I1.csv,2026-08-04 21:38:16,758,0f336130b49a04f50dd781b6bd60590c9fdf84136dab28ab3558074b70b27ce6
2025-05-25,2024/25,Serie A,Udinese,Fiorentina,2,3,2,8,10,football-data-csv,I1_2425.csv,https://www.football-data.co.uk/mmz4281/202425/I1.csv,2026-08-04 21:38:16,759,cecdd4c28fa1f3b84fc13d263b62f6cb0d46d296ab78ddf2cb70329e421d1d45
2025-05-25,2024/25,Serie A,Venezia,Juventus,2,3,6,6,12,football-data-csv,I1_2425.csv,https://www.football-data.co.uk/mmz4281/202425/I1.csv,2026-08-04 21:38:16,760,dc7118e251fff06c3c5bde971f95507cdc3bf3bb74d5444a3a4d98761a236863
2025-08-23,2025/26,Serie A,Genoa,Lecce,0,0,3,7,10,football-data-csv,I1_2526.csv,https://www.football-data.co.uk/mmz4281/202526/I1.csv,2026-08-04 21:38:16,761,83e5bd73112ccc3d20ca17d29f01df12a592fa323a244aa234e3588d14879de3
2025-08-23,2025/26,Serie A,Milan,Cremonese,1,2,9,2,11,football-data-csv,I1_2526.csv,https://www.football-data.co.uk/mmz4281/202526/I1.csv,2026-08-04 21:38:16,762,47eeb94fafd29c341f60c3c311898f1274e2127e6209806154d9622a4cf2f138
2025-08-23,2025/26,Serie A,Roma,Bologna,1,0,2,4,6,football-data-csv,I1_2526.csv,https://www.football-data.co.uk/mmz4281/202526/I1.csv,2026-08-04 21:38:16,763,56e0b4fa623021b7c24899ae162162d6cb27ca93343f9631040b2bb96741e965
2025-08-23,2025/26,Serie A,Sassuolo,Napoli,0,2,1,2,3,football-data-csv,I1_2526.csv,https://www.football-data.co.uk/mmz4281/202526/I1.csv,2026-08-04 21:38:16,764,a5f60fff2b31a5ab37e394282367ee4a56db7a3869dfb85fe2c137b8a7a29122
2025-08-24,2025/26,Serie A,Atalanta,Pisa,1,1,10,4,14,football-data-csv,I1_2526.csv,https://www.football-data.co.uk/mmz4281/202526/I1.csv,2026-08-04 21:38:16,765,4e55b1e52c9c6a7d426ba8a621d1fe98fd86d2eb0f3115238879fdad9fb8f7ce
2025-08-24,2025/26,Serie A,Cagliari,Fiorentina,1,1,3,2,5,football-data-csv,I1_2526.csv,https://www.football-data.co.uk/mmz4281/202526/I1.csv,2026-08-04 21:38:16,766,79d397c5f3864f4208112df89ce1a1c4fa1080c02a5dd4102e775b80bc34d884
2025-08-24,2025/26,Serie A,Como,Lazio,2,0,6,0,6,football-data-csv,I1_2526.csv,https://www.football-data.co.uk/mmz4281/202526/I1.csv,2026-08-04 21:38:16,767,da5d81117e6e0d330f9dd1aec672e3be2d4dbb365db437c9c4e5c799ad4240d6
2025-08-24,2025/26,Serie A,Juventus,Parma,2,0,6,6,12,football-data-csv,I1_2526.csv,https://www.football-data.co.uk/mmz4281/202526/I1.csv,2026-08-04 21:38:16,768,ca5c47da7eb595211be08980f2b52daf2f4618aa50425ae5c4e808c24a0dccf6
2025-08-25,2025/26,Serie A,Inter,Torino,5,0,6,5,11,football-data-csv,I1_2526.csv,https://www.football-data.co.uk/mmz4281/202526/I1.csv,2026-08-04 21:38:16,769,e60e94940ecc567035d6966dff5ee026887eaa3b450f7f25e33d5edd206207f3
2025-08-25,2025/26,Serie A,Udinese,Verona,1,1,5,1,6,football-data-csv,I1_2526.csv,https://www.football-data.co.uk/mmz4281/202526/I1.csv,2026-08-04 21:38:16,770,3a8e1b2e5516ac71268cdf624fa2a9f422e257286145bc59eaf6cda9de0a6e7d
2025-08-29,2025/26,Serie A,Cremonese,Sassuolo,3,2,5,4,9,football-data-csv,I1_2526.csv,https://www.football-data.co.uk/mmz4281/202526/I1.csv,2026-08-04 21:38:16,771,7ab1a927c64cfc38799675fd638d6a6ad02e22bf25f23613e6aa4a558e846d8e
2025-08-29,2025/26,Serie A,Lecce,Milan,0,2,4,5,9,football-data-csv,I1_2526.csv,https://www.football-data.co.uk/mmz4281/202526/I1.csv,2026-08-04 21:38:16,772,3840294c51eb59321beffab7eb8a86fb39d504952d373a3db4c2df0551ab8e37
2025-08-30,2025/26,Serie A,Bologna,Como,1,0,7,4,11,football-data-csv,I1_2526.csv,https://www.football-data.co.uk/mmz4281/202526/I1.csv,2026-08-04 21:38:16,773,273d693a240626c817cd933223d881c06fe4ac5b4a65b2f458239a861616e743
2025-08-30,2025/26,Serie A,Napoli,Cagliari,1,0,13,0,13,football-data-csv,I1_2526.csv,https://www.football-data.co.uk/mmz4281/202526/I1.csv,2026-08-04 21:38:16,774,71dc4abe5ee274ee68e4a89bd706dddba459fcbf6b48a6223a18054264e9e105
2025-08-30,2025/26,Serie A,Parma,Atalanta,1,1,1,2,3,football-data-csv,I1_2526.csv,https://www.football-data.co.uk/mmz4281/202526/I1.csv,2026-08-04 21:38:16,775,71871e43750553fdc2c286cf78817bc286d75cae332f2ef29308140b89afb3fb
2025-08-30,2025/26,Serie A,Pisa,Roma,0,1,1,7,8,football-data-csv,I1_2526.csv,https://www.football-data.co.uk/mmz4281/202526/I1.csv,2026-08-04 21:38:16,776,90b7ac868744a00bdc4b6e1a5c1a86f43ba98042e9c5d69df36f6d79e757b88a
2025-08-31,2025/26,Serie A,Genoa,Juventus,0,1,3,4,7,football-data-csv,I1_2526.csv,https://www.football-data.co.uk/mmz4281/202526/I1.csv,2026-08-04 21:38:16,777,256254ffb4eec0e8396b376e11c1a5ed1e62edec6a857e6091860f13b0686b24
2025-08-31,2025/26,Serie A,Inter,Udinese,1,2,13,2,15,football-data-csv,I1_2526.csv,https://www.football-data.co.uk/mmz4281/202526/I1.csv,2026-08-04 21:38:16,778,58fa7c2853f5161a3b251293ef60cf031f7a815a2d85f6a9d32f25cc8c041ce4
2025-08-31,2025/26,Serie A,Lazio,Verona,4,0,8,1,9,football-data-csv,I1_2526.csv,https://www.football-data.co.uk/mmz4281/202526/I1.csv,2026-08-04 21:38:16,779,66beaf253b964d0c0bffd029346c6f9f2fa7e021e3c434faa40a9f8b73fb01e8
2025-08-31,2025/26,Serie A,Torino,Fiorentina,0,0,7,3,10,football-data-csv,I1_2526.csv,https://www.football-data.co.uk/mmz4281/202526/I1.csv,2026-08-04 21:38:16,780,df20e5f71d99417f7462df491e470cfeafed24ca1ef2cfc6aa5cf07679e8b00a
2025-09-13,2025/26,Serie A,Cagliari,Parma,2,0,4,5,9,football-data-csv,I1_2526.csv,https://www.football-data.co.uk/mmz4281/202526/I1.csv,2026-08-04 21:38:16,781,5d70d4c55f7be1b901d59924da55957dbe9d30e59a1153652c6a0764d517090d
2025-09-13,2025/26,Serie A,Fiorentina,Napoli,1,3,8,5,13,football-data-csv,I1_2526.csv,https://www.football-data.co.uk/mmz4281/202526/I1.csv,2026-08-04 21:38:16,782,017c0eb7fbb08dc15c80c6a2a836099a9cb38f84002cf4826e27c5e5ad900fb1
2025-09-13,2025/26,Serie A,Juventus,Inter,4,3,5,9,14,football-data-csv,I1_2526.csv,https://www.football-data.co.uk/mmz4281/202526/I1.csv,2026-08-04 21:38:16,783,1aac0960a5e937fc4de15e677efbf569a1fce5bd508053b43c7a7d95178b8707
2025-09-14,2025/26,Serie A,Atalanta,Lecce,4,1,8,2,10,football-data-csv,I1_2526.csv,https://www.football-data.co.uk/mmz4281/202526/I1.csv,2026-08-04 21:38:16,784,4ccdcee47c7d3315f90cbf82fce4752e73b8c55c9b6ad156e35fe0e88bcc7674
2025-09-14,2025/26,Serie A,Milan,Bologna,1,0,7,4,11,football-data-csv,I1_2526.csv,https://www.football-data.co.uk/mmz4281/202526/I1.csv,2026-08-04 21:38:16,785,ce0bca6a94d5b745d94c1a367188e774cf118577ef0354a3f485ae5278d497bb
2025-09-14,2025/26,Serie A,Pisa,Udinese,0,1,8,6,14,football-data-csv,I1_2526.csv,https://www.football-data.co.uk/mmz4281/202526/I1.csv,2026-08-04 21:38:16,786,ce22b0b962cd713f5c6498148aeba6a9be63cd52dd3f6946c3feebd85b79fd4c
2025-09-14,2025/26,Serie A,Roma,Torino,0,1,7,4,11,football-data-csv,I1_2526.csv,https://www.football-data.co.uk/mmz4281/202526/I1.csv,2026-08-04 21:38:16,787,38eb1e8e1e8028df210b0f1460bfc9ce9f9e1c3cb24dad03c40ad3f19980e2fd
2025-09-14,2025/26,Serie A,Sassuolo,Lazio,1,0,3,7,10,football-data-csv,I1_2526.csv,https://www.football-data.co.uk/mmz4281/202526/I1.csv,2026-08-04 21:38:16,788,4a74612a0fb0ab01987ce6739aec182add1673275b80a5ddf674e30d657b7092
2025-09-15,2025/26,Serie A,Como,Genoa,1,1,0,8,8,football-data-csv,I1_2526.csv,https://www.football-data.co.uk/mmz4281/202526/I1.csv,2026-08-04 21:38:16,789,67f34d65ef19279bdf90424751e7b86e55cdc058dba2a000beb29b9cd721086f
2025-09-15,2025/26,Serie A,Verona,Cremonese,0,0,10,1,11,football-data-csv,I1_2526.csv,https://www.football-data.co.uk/mmz4281/202526/I1.csv,2026-08-04 21:38:16,790,a6bbabe71f59f64f0151389d71ba9e2d4077f94a0278c882438ff32c5ec08531
2025-09-19,2025/26,Serie A,Lecce,Cagliari,1,2,4,7,11,football-data-csv,I1_2526.csv,https://www.football-data.co.uk/mmz4281/202526/I1.csv,2026-08-04 21:38:16,791,35d803a11c7b93c76915a8704a425aa3346fa3176dcab181ecd00dffc2b18251
2025-09-20,2025/26,Serie A,Bologna,Genoa,2,1,8,2,10,football-data-csv,I1_2526.csv,https://www.football-data.co.uk/mmz4281/202526/I1.csv,2026-08-04 21:38:16,792,3bcd4fd6ffec5939844a8a024e6e81f2c2f5fa25f4c010b3a4d62606df0fb911
2025-09-20,2025/26,Serie A,Udinese,Milan,0,3,1,4,5,football-data-csv,I1_2526.csv,https://www.football-data.co.uk/mmz4281/202526/I1.csv,2026-08-04 21:38:16,793,34b7779362854002c9769d7c6d30fd68d134f45ac82ecfb0fa69f520bd9527da
2025-09-20,2025/26,Serie A,Verona,Juventus,1,1,5,3,8,football-data-csv,I1_2526.csv,https://www.football-data.co.uk/mmz4281/202526/I1.csv,2026-08-04 21:38:16,794,4cf521ef1f128ddd5f4011aa8c0b4f3820a82b337b66eef49f81c71940862278
2025-09-21,2025/26,Serie A,Cremonese,Parma,0,0,3,3,6,football-data-csv,I1_2526.csv,https://www.football-data.co.uk/mmz4281/202526/I1.csv,2026-08-04 21:38:16,795,fc534ceccb84e4f655e1d4b165aba60dbe2c7792c1ad756de562bfcac8f324ea
2025-09-21,2025/26,Serie A,Fiorentina,Como,1,2,2,6,8,football-data-csv,I1_2526.csv,https://www.football-data.co.uk/mmz4281/202526/I1.csv,2026-08-04 21:38:16,796,49c3ed9343bbefb3f37e9658439fbf25e178f6724b929888bcf89139b7530b7d
2025-09-21,2025/26,Serie A,Inter,Sassuolo,2,1,7,3,10,football-data-csv,I1_2526.csv,https://www.football-data.co.uk/mmz4281/202526/I1.csv,2026-08-04 21:38:16,797,7b47819756bfd1fce07fc4377b1d77d3f7602f44cbf2c30ef5a024ebdcaef5c4
2025-09-21,2025/26,Serie A,Lazio,Roma,0,1,3,6,9,football-data-csv,I1_2526.csv,https://www.football-data.co.uk/mmz4281/202526/I1.csv,2026-08-04 21:38:16,798,f05ed598d1ebcb601dbf79769e8d5e307cca098b933ad461e78d928e3792c492
2025-09-21,2025/26,Serie A,Torino,Atalanta,0,3,1,0,1,football-data-csv,I1_2526.csv,https://www.football-data.co.uk/mmz4281/202526/I1.csv,2026-08-04 21:38:16,799,d0a66c888a6df56d19194122efaa54a3a35fa32966e3080ec9394312aaf04f9d
2025-09-22,2025/26,Serie A,Napoli,Pisa,3,2,5,3,8,football-data-csv,I1_2526.csv,https://www.football-data.co.uk/mmz4281/202526/I1.csv,2026-08-04 21:38:16,800,5c9c461e63f7d23c093730db97098e5e91316698ec32cbb2c3d29cc0f2ff313a
2025-09-27,2025/26,Serie A,Cagliari,Inter,0,2,4,4,8,football-data-csv,I1_2526.csv,https://www.football-data.co.uk/mmz4281/202526/I1.csv,2026-08-04 21:38:16,801,36a79987037056afc7cf0b5d475732886ac49eca7dcc6f2fadd6c039100c74bd
2025-09-27,2025/26,Serie A,Como,Cremonese,1,1,4,3,7,football-data-csv,I1_2526.csv,https://www.football-data.co.uk/mmz4281/202526/I1.csv,2026-08-04 21:38:16,802,5b28f471b1c2734c5642c2e2fb8e6f7df7c13e3a0a86c1055086ed82824960d4
2025-09-27,2025/26,Serie A,Juventus,Atalanta,1,1,14,5,19,football-data-csv,I1_2526.csv,https://www.football-data.co.uk/mmz4281/202526/I1.csv,2026-08-04 21:38:16,803,490ad3a5f54827be5166d18508b419b494a43c5bb516a8621113d96f13b3f291
2025-09-28,2025/26,Serie A,Lecce,Bologna,2,2,3,9,12,football-data-csv,I1_2526.csv,https://www.football-data.co.uk/mmz4281/202526/I1.csv,2026-08-04 21:38:16,804,ddafc717ab1dc38da22a2a2ecca8f31e2f68f3f475d77e48fe08206843adeb47
2025-09-28,2025/26,Serie A,Milan,Napoli,2,1,1,7,8,football-data-csv,I1_2526.csv,https://www.football-data.co.uk/mmz4281/202526/I1.csv,2026-08-04 21:38:16,805,62357d8ff14c90956473e8b7e19e4c4bd6243f8f5a568e6ca42d00e2138aeca4
2025-09-28,2025/26,Serie A,Pisa,Fiorentina,0,0,4,6,10,football-data-csv,I1_2526.csv,https://www.football-data.co.uk/mmz4281/202526/I1.csv,2026-08-04 21:38:16,806,17b3d9e4e4d411d9206c3a900ef768944bde78845ed06099bffc1ea352e9782f
2025-09-28,2025/26,Serie A,Roma,Verona,2,0,8,1,9,football-data-csv,I1_2526.csv,https://www.football-data.co.uk/mmz4281/202526/I1.csv,2026-08-04 21:38:16,807,f954d349a90dae0f4ad0d00076c5cab882decfefc4bc08c3c591bb4734c03571
2025-09-28,2025/26,Serie A,Sassuolo,Udinese,3,1,1,5,6,football-data-csv,I1_2526.csv,https://www.football-data.co.uk/mmz4281/202526/I1.csv,2026-08-04 21:38:16,808,7ce6d4ecd116fcafb491c9d048b1cfc67b531efaeea7b24f2291391dfa69f826
2025-09-29,2025/26,Serie A,Genoa,Lazio,0,3,6,0,6,football-data-csv,I1_2526.csv,https://www.football-data.co.uk/mmz4281/202526/I1.csv,2026-08-04 21:38:16,809,090921fe655cbc5612b44e11d43f7015194ffb28722ef442429a28df5bd0423b
2025-09-29,2025/26,Serie A,Parma,Torino,2,1,4,3,7,football-data-csv,I1_2526.csv,https://www.football-data.co.uk/mmz4281/202526/I1.csv,2026-08-04 21:38:16,810,66bdb23cb5e6616412046220cb59949dec7d448c9d714758ea8bf50a94002765
2025-10-03,2025/26,Serie A,Verona,Sassuolo,0,1,4,2,6,football-data-csv,I1_2526.csv,https://www.football-data.co.uk/mmz4281/202526/I1.csv,2026-08-04 21:38:16,811,418ad61df1c2cd4c859cee84ebe2aab5ba35e0ad1dbc3bd8478a7c3121633d3b
2025-10-04,2025/26,Serie A,Atalanta,Como,1,1,8,3,11,football-data-csv,I1_2526.csv,https://www.football-data.co.uk/mmz4281/202526/I1.csv,2026-08-04 21:38:16,812,664727bf6790296431a5187946da9291844afcefa31cb6530026dbaf8553c5b3
2025-10-04,2025/26,Serie A,Inter,Cremonese,4,1,13,1,14,football-data-csv,I1_2526.csv,https://www.football-data.co.uk/mmz4281/202526/I1.csv,2026-08-04 21:38:16,813,3f01bdeec38e2bf9186c608ccf06a377fc43fb385f047b2677ba0fbc64c967c5
2025-10-04,2025/26,Serie A,Lazio,Torino,3,3,3,5,8,football-data-csv,I1_2526.csv,https://www.football-data.co.uk/mmz4281/202526/I1.csv,2026-08-04 21:38:16,814,fb29e752d2bc5dca801abddd47c9b71d4015d4bb3cd1b8e5d7fe9eb8dc00f390
2025-10-04,2025/26,Serie A,Parma,Lecce,0,1,4,9,13,football-data-csv,I1_2526.csv,https://www.football-data.co.uk/mmz4281/202526/I1.csv,2026-08-04 21:38:16,815,bad38afcb4e28f78458672a4b2b110fa8e7958284285f568dbdf6ea5c518b8ab
2025-10-05,2025/26,Serie A,Bologna,Pisa,4,0,2,2,4,football-data-csv,I1_2526.csv,https://www.football-data.co.uk/mmz4281/202526/I1.csv,2026-08-04 21:38:16,816,b526aafbf56402419dcafbfe2c6435a0558a9d04d7ce8787c20e5b2ecad2f61d
2025-10-05,2025/26,Serie A,Fiorentina,Roma,1,2,3,4,7,football-data-csv,I1_2526.csv,https://www.football-data.co.uk/mmz4281/202526/I1.csv,2026-08-04 21:38:16,817,00466f63f271f3c1ae528169ed9a12a5e5f0dc593ef7ea603a23b2e351c36fe3
2025-10-05,2025/26,Serie A,Juventus,Milan,0,0,6,0,6,football-data-csv,I1_2526.csv,https://www.football-data.co.uk/mmz4281/202526/I1.csv,2026-08-04 21:38:16,818,cc5f03f7040eb6007aeef5fd8666338ac4e612f5d64be287727529b279533433
2025-10-05,2025/26,Serie A,Napoli,Genoa,2,1,7,5,12,football-data-csv,I1_2526.csv,https://www.football-data.co.uk/mmz4281/202526/I1.csv,2026-08-04 21:38:16,819,8ab7798d0ff4931cf220af506b3cc0272d2937843f132d7d67d45c903ebf66b5
2025-10-05,2025/26,Serie A,Udinese,Cagliari,1,1,7,2,9,football-data-csv,I1_2526.csv,https://www.football-data.co.uk/mmz4281/202526/I1.csv,2026-08-04 21:38:16,820,fd9596d21e4f4e56d3bae6f63ea5d6c0740a5ab534b831b63492d0c764f11533
2025-10-18,2025/26,Serie A,Lecce,Sassuolo,0,0,6,4,10,football-data-csv,I1_2526.csv,https://www.football-data.co.uk/mmz4281/202526/I1.csv,2026-08-04 21:38:16,821,56dbc76aee787feb5c455c24231d1f06825ace56eb24f4967d34828bd751c870
2025-10-18,2025/26,Serie A,Pisa,Verona,0,0,3,8,11,football-data-csv,I1_2526.csv,https://www.football-data.co.uk/mmz4281/202526/I1.csv,2026-08-04 21:38:16,822,3f7b67c4c695a330ed55f4cb7a369548c1baec48840a9d1b81a5813f366e5752
2025-10-18,2025/26,Serie A,Roma,Inter,0,1,4,5,9,football-data-csv,I1_2526.csv,https://www.football-data.co.uk/mmz4281/202526/I1.csv,2026-08-04 21:38:16,823,bbcc86723c07b3fcbecef0238e47daabeb70b774e20370f28c3671c7edb96eb4
2025-10-18,2025/26,Serie A,Torino,Napoli,1,0,3,11,14,football-data-csv,I1_2526.csv,https://www.football-data.co.uk/mmz4281/202526/I1.csv,2026-08-04 21:38:16,824,bd78149f17064627d6f3cabbec8fecffe50f296e09f0e2b21570525bf65d4429
2025-10-19,2025/26,Serie A,Atalanta,Lazio,0,0,7,1,8,football-data-csv,I1_2526.csv,https://www.football-data.co.uk/mmz4281/202526/I1.csv,2026-08-04 21:38:16,825,ab3521c38a35aca521a789232e10cdf5cc67e48a87606a49f7d10f207cd95dd9
2025-10-19,2025/26,Serie A,Cagliari,Bologna,0,2,2,7,9,football-data-csv,I1_2526.csv,https://www.football-data.co.uk/mmz4281/202526/I1.csv,2026-08-04 21:38:16,826,577e4528909c8ff27453bbc2f1e09da52b328e535ab51235ba11b6a070a61841
2025-10-19,2025/26,Serie A,Como,Juventus,2,0,4,1,5,football-data-csv,I1_2526.csv,https://www.football-data.co.uk/mmz4281/202526/I1.csv,2026-08-04 21:38:16,827,f8791e091da9b8cdb4db7a027acf52c401950dcdd8b9bfa526f67a6652e54209
2025-10-19,2025/26,Serie A,Genoa,Parma,0,0,3,0,3,football-data-csv,I1_2526.csv,https://www.football-data.co.uk/mmz4281/202526/I1.csv,2026-08-04 21:38:16,828,dc4e4dd47317d6f84ee7f801b93bd43ff232ad11bd73833c41688aae6e91b98a
2025-10-19,2025/26,Serie A,Milan,Fiorentina,2,1,1,3,4,football-data-csv,I1_2526.csv,https://www.football-data.co.uk/mmz4281/202526/I1.csv,2026-08-04 21:38:16,829,7332af4443c2c1c7472fa73f5748610884beba9e188863c4ed533a14194ef06c
2025-10-20,2025/26,Serie A,Cremonese,Udinese,1,1,5,4,9,football-data-csv,I1_2526.csv,https://www.football-data.co.uk/mmz4281/202526/I1.csv,2026-08-04 21:38:16,830,01b7aed38f8a508116b9d6e378f73ad32da32934498ef858f5ad0b75e766537c
2025-10-24,2025/26,Serie A,Milan,Pisa,2,2,6,2,8,football-data-csv,I1_2526.csv,https://www.football-data.co.uk/mmz4281/202526/I1.csv,2026-08-04 21:38:16,831,79c1e60440ab244033909f84cbe1fb4985ee4c90cf151c5721c262dc97e84f95
2025-10-25,2025/26,Serie A,Cremonese,Atalanta,1,1,2,10,12,football-data-csv,I1_2526.csv,https://www.football-data.co.uk/mmz4281/202526/I1.csv,2026-08-04 21:38:16,832,4c57a414fed67b80ba561584fea423f2e0d9b15ee1b9e957fd29d486c8194e0e
2025-10-25,2025/26,Serie A,Napoli,Inter,3,1,1,4,5,football-data-csv,I1_2526.csv,https://www.football-data.co.uk/mmz4281/202526/I1.csv,2026-08-04 21:38:16,833,d037106bbf9a7292b5fb870aaa3e574836e35ceb017e14cf3f908eb1d58de4ff
2025-10-25,2025/26,Serie A,Parma,Como,0,0,3,3,6,football-data-csv,I1_2526.csv,https://www.football-data.co.uk/mmz4281/202526/I1.csv,2026-08-04 21:38:16,834,5d84c7d43df3fa8c736d8313a90cee555c5bf9d5efa707899cc2f40651b3374f
2025-10-25,2025/26,Serie A,Udinese,Lecce,3,2,4,9,13,football-data-csv,I1_2526.csv,https://www.football-data.co.uk/mmz4281/202526/I1.csv,2026-08-04 21:38:16,835,77ea5df3f3c167f29733bed03ac046f92ae34a9ef757f175e696b8c3b7b60614
2025-10-26,2025/26,Serie A,Fiorentina,Bologna,2,2,5,6,11,football-data-csv,I1_2526.csv,https://www.football-data.co.uk/mmz4281/202526/I1.csv,2026-08-04 21:38:16,836,dde624ef14a0125e48116f02b882d339335318e7d98701c22825bc4fc5aefec8
2025-10-26,2025/26,Serie A,Lazio,Juventus,1,0,2,5,7,football-data-csv,I1_2526.csv,https://www.football-data.co.uk/mmz4281/202526/I1.csv,2026-08-04 21:38:16,837,eb95cf954bc0234b471492a3095bd787340d9471dfa4ac63b127235c70445e33
2025-10-26,2025/26,Serie A,Sassuolo,Roma,0,1,6,6,12,football-data-csv,I1_2526.csv,https://www.football-data.co.uk/mmz4281/202526/I1.csv,2026-08-04 21:38:16,838,2609f567ffd4d6ff25399ff8f622c9db5ed146a3e97e6bcfd0a935131de433b5
2025-10-26,2025/26,Serie A,Torino,Genoa,2,1,9,1,10,football-data-csv,I1_2526.csv,https://www.football-data.co.uk/mmz4281/202526/I1.csv,2026-08-04 21:38:16,839,9dee67cc3d73077411fd1cc2eec871baa7a49970f8d18da5948f77bf50cff505
2025-10-26,2025/26,Serie A,Verona,Cagliari,2,2,3,2,5,football-data-csv,I1_2526.csv,https://www.football-data.co.uk/mmz4281/202526/I1.csv,2026-08-04 21:38:16,840,534b48084fd2132360372a70af5b2c96acc8ae16a41b604fe57fec432ff1a8ee
2025-10-28,2025/26,Serie A,Atalanta,Milan,1,1,9,4,13,football-data-csv,I1_2526.csv,https://www.football-data.co.uk/mmz4281/202526/I1.csv,2026-08-04 21:38:16,841,88919d4e4357554248260c6fe534d11c8ae19362f15b2e26d08fbe5a2d9b23da
2025-10-28,2025/26,Serie A,Lecce,Napoli,0,1,3,5,8,football-data-csv,I1_2526.csv,https://www.football-data.co.uk/mmz4281/202526/I1.csv,2026-08-04 21:38:16,842,f49b32400524156b998cafaba797c9dd02d171a61c16630eca65ef04dc6309dd
2025-10-29,2025/26,Serie A,Bologna,Torino,0,0,3,3,6,football-data-csv,I1_2526.csv,https://www.football-data.co.uk/mmz4281/202526/I1.csv,2026-08-04 21:38:16,843,a440009b18e6e2fd2a2912af6cfa4b1faa38047375b32a122680752884d8218a
2025-10-29,2025/26,Serie A,Como,Verona,3,1,1,3,4,football-data-csv,I1_2526.csv,https://www.football-data.co.uk/mmz4281/202526/I1.csv,2026-08-04 21:38:16,844,758442cac47a96abe279d2e643fbe97dd5470d950ab68d169a9fc89434c828e2
2025-10-29,2025/26,Serie A,Genoa,Cremonese,0,2,7,3,10,football-data-csv,I1_2526.csv,https://www.football-data.co.uk/mmz4281/202526/I1.csv,2026-08-04 21:38:16,845,ddadc18894c9c1622f74e4a43010f2544fd49df04ede3fd636112526c6689b0f
2025-10-29,2025/26,Serie A,Inter,Fiorentina,3,0,8,5,13,football-data-csv,I1_2526.csv,https://www.football-data.co.uk/mmz4281/202526/I1.csv,2026-08-04 21:38:16,846,cc70733af6a683ca65c6446ad2254c0865a1d5f78f2bef949e687f86859a5353
2025-10-29,2025/26,Serie A,Juventus,Udinese,3,1,8,4,12,football-data-csv,I1_2526.csv,https://www.football-data.co.uk/mmz4281/202526/I1.csv,2026-08-04 21:38:16,847,e77e457082d1d498cad66979c3629a23bc1c3de83f1e3899a0a4c315a34def48
2025-10-29,2025/26,Serie A,Roma,Parma,2,1,9,2,11,football-data-csv,I1_2526.csv,https://www.football-data.co.uk/mmz4281/202526/I1.csv,2026-08-04 21:38:16,848,4957aadb7459ac436b8d3f062f9dfe1ddd77036e300a55c5c85f350bbfb075bc
2025-10-30,2025/26,Serie A,Cagliari,Sassuolo,1,2,6,7,13,football-data-csv,I1_2526.csv,https://www.football-data.co.uk/mmz4281/202526/I1.csv,2026-08-04 21:38:16,849,298bce9438951dcabeab6be6c56bd6c27a928333c4a088e5854debbd6a00425a
2025-10-30,2025/26,Serie A,Pisa,Lazio,0,0,3,1,4,football-data-csv,I1_2526.csv,https://www.football-data.co.uk/mmz4281/202526/I1.csv,2026-08-04 21:38:16,850,e3d2cfc1cd9a34620ddbd0ef922d58d581fe28c97802482c57002da5f4506af0
2025-11-01,2025/26,Serie A,Cremonese,Juventus,1,2,2,3,5,football-data-csv,I1_2526.csv,https://www.football-data.co.uk/mmz4281/202526/I1.csv,2026-08-04 21:38:16,851,70b54563c69c327b84d1cc4eb3b56afff4468033626f76357a297484c4778202
2025-11-01,2025/26,Serie A,Napoli,Como,0,0,4,2,6,football-data-csv,I1_2526.csv,https://www.football-data.co.uk/mmz4281/202526/I1.csv,2026-08-04 21:38:16,852,3da87400f4b6276c55221272a36e505456f78afe65854aa00a7a7a307b981f73
2025-11-01,2025/26,Serie A,Udinese,Atalanta,1,0,5,4,9,football-data-csv,I1_2526.csv,https://www.football-data.co.uk/mmz4281/202526/I1.csv,2026-08-04 21:38:16,853,d68810ba88666de00a91fdb1c8379255b83e8b7aab717aa07c82cf56f0b72451
2025-11-02,2025/26,Serie A,Fiorentina,Lecce,0,1,4,4,8,football-data-csv,I1_2526.csv,https://www.football-data.co.uk/mmz4281/202526/I1.csv,2026-08-04 21:38:16,854,4db17da2b376043eee2f5095844080bf1a3333f7fa44d4c0e319c89cfeeee8dd
2025-11-02,2025/26,Serie A,Milan,Roma,1,0,7,8,15,football-data-csv,I1_2526.csv,https://www.football-data.co.uk/mmz4281/202526/I1.csv,2026-08-04 21:38:16,855,e4b70db8db3bfa395df1e6679d0ad90752a7744e16096f3321fcb3ce7371552d
2025-11-02,2025/26,Serie A,Parma,Bologna,1,3,1,5,6,football-data-csv,I1_2526.csv,https://www.football-data.co.uk/mmz4281/202526/I1.csv,2026-08-04 21:38:16,856,d302e88be3ee80ea44d261d1e6d34490b57b73482a8f8e0436ef662a32a1ae12
2025-11-02,2025/26,Serie A,Torino,Pisa,2,2,4,2,6,football-data-csv,I1_2526.csv,https://www.football-data.co.uk/mmz4281/202526/I1.csv,2026-08-04 21:38:16,857,d79dd40915491237bd3abc321fe4d99621e7808c2f108f133372fd95b4d630d9
2025-11-02,2025/26,Serie A,Verona,Inter,1,2,4,8,12,football-data-csv,I1_2526.csv,https://www.football-data.co.uk/mmz4281/202526/I1.csv,2026-08-04 21:38:16,858,138c174f88d20fcdabad0552649d0de0ad4a1fb477eb29e20b78e8dd45366db0
2025-11-03,2025/26,Serie A,Lazio,Cagliari,2,0,7,5,12,football-data-csv,I1_2526.csv,https://www.football-data.co.uk/mmz4281/202526/I1.csv,2026-08-04 21:38:16,859,60a32574f7beb68fec6f3341a0a7eb8425d454e928acada837bd5a1735671058
2025-11-03,2025/26,Serie A,Sassuolo,Genoa,1,2,3,7,10,football-data-csv,I1_2526.csv,https://www.football-data.co.uk/mmz4281/202526/I1.csv,2026-08-04 21:38:16,860,1d9f6c59fcbaf6b196565892cc52d7e192167bcc54cf92b3005ec798c68b51b9
2025-11-07,2025/26,Serie A,Pisa,Cremonese,1,0,4,5,9,football-data-csv,I1_2526.csv,https://www.football-data.co.uk/mmz4281/202526/I1.csv,2026-08-04 21:38:16,861,4e0beaffc0a014113f0e9975dc4bd9a552837d626409194fee6f84cc98ce1c34
2025-11-08,2025/26,Serie A,Como,Cagliari,0,0,10,0,10,football-data-csv,I1_2526.csv,https://www.football-data.co.uk/mmz4281/202526/I1.csv,2026-08-04 21:38:16,862,9c04d617d7127a7e24185bb1dfddbaa555e4eb1182c081ccc0abb373eb023d28
2025-11-08,2025/26,Serie A,Juventus,Torino,0,0,6,2,8,football-data-csv,I1_2526.csv,https://www.football-data.co.uk/mmz4281/202526/I1.csv,2026-08-04 21:38:16,863,5798f8df35e5ecf6b70fb76b75689a677984243940c553e7538edaf2580854b2
2025-11-08,2025/26,Serie A,Lecce,Verona,0,0,7,2,9,football-data-csv,I1_2526.csv,https://www.football-data.co.uk/mmz4281/202526/I1.csv,2026-08-04 21:38:16,864,429f041e3490ab9eda4cb94fbd645c2f8b82cfa2427c06c621fbec447c9a226a
2025-11-08,2025/26,Serie A,Parma,Milan,2,2,4,3,7,football-data-csv,I1_2526.csv,https://www.football-data.co.uk/mmz4281/202526/I1.csv,2026-08-04 21:38:16,865,0b2a5b254be76253afeaeb598ce4a60f346995768ef0049a241d2778367e6f73
2025-11-09,2025/26,Serie A,Atalanta,Sassuolo,0,3,4,1,5,football-data-csv,I1_2526.csv,https://www.football-data.co.uk/mmz4281/202526/I1.csv,2026-08-04 21:38:16,866,b82285076b796143843f6996992fd9bfebbcf5342efe48d1521f5c48046d428c
2025-11-09,2025/26,Serie A,Bologna,Napoli,2,0,5,4,9,football-data-csv,I1_2526.csv,https://www.football-data.co.uk/mmz4281/202526/I1.csv,2026-08-04 21:38:16,867,7aecef9f89c1edc2b2ed4fb17cdc53c3d084f8a1017fa32cff35d62632e02ab6
2025-11-09,2025/26,Serie A,Genoa,Fiorentina,2,2,3,7,10,football-data-csv,I1_2526.csv,https://www.football-data.co.uk/mmz4281/202526/I1.csv,2026-08-04 21:38:16,868,e4bc57e9a1d1e5ba182b8746a490716ea849e3c5abde72d7ef3ee9e2aaab27c5
2025-11-09,2025/26,Serie A,Inter,Lazio,2,0,3,1,4,football-data-csv,I1_2526.csv,https://www.football-data.co.uk/mmz4281/202526/I1.csv,2026-08-04 21:38:16,869,ee23d45798ae2c0149cd2c802c0e6353fd8a3ae2601527786779ce891c036cd4
2025-11-09,2025/26,Serie A,Roma,Udinese,2,0,3,4,7,football-data-csv,I1_2526.csv,https://www.football-data.co.uk/mmz4281/202526/I1.csv,2026-08-04 21:38:16,870,c445ed8119fc0ea806cd2faee5e492fe741cd2dfef9cab3d499266da2ed416c5
2025-11-22,2025/26,Serie A,Cagliari,Genoa,3,3,6,2,8,football-data-csv,I1_2526.csv,https://www.football-data.co.uk/mmz4281/202526/I1.csv,2026-08-04 21:38:16,871,d6676e95b27c036afd11f2fbaa362c5cc02b6f5bb2bcb54ee0b157d5c8d0e2bb
2025-11-22,2025/26,Serie A,Fiorentina,Juventus,1,1,7,3,10,football-data-csv,I1_2526.csv,https://www.football-data.co.uk/mmz4281/202526/I1.csv,2026-08-04 21:38:16,872,ca868c2ca92736e39e879303f91169e0bd6d0b4e20430ca48491d0645ad16e81
2025-11-22,2025/26,Serie A,Napoli,Atalanta,3,1,5,3,8,football-data-csv,I1_2526.csv,https://www.football-data.co.uk/mmz4281/202526/I1.csv,2026-08-04 21:38:16,873,34538d145094c3b06903e6b6da4f78d0ede2e3d096b3ef4f684d66dbf470e531
2025-11-22,2025/26,Serie A,Udinese,Bologna,0,3,7,2,9,football-data-csv,I1_2526.csv,https://www.football-data.co.uk/mmz4281/202526/I1.csv,2026-08-04 21:38:16,874,4d84346e40c1770ef896c4de34d11abeb96c9158969ca30aa99844d831e347be
2025-11-23,2025/26,Serie A,Cremonese,Roma,1,3,3,5,8,football-data-csv,I1_2526.csv,https://www.football-data.co.uk/mmz4281/202526/I1.csv,2026-08-04 21:38:16,875,bb81de9247167a7e9e30fe6d2d8a169034eb4e67b9b8d9bc53d7212577bd2cdc
2025-11-23,2025/26,Serie A,Inter,Milan,0,1,9,1,10,football-data-csv,I1_2526.csv,https://www.football-data.co.uk/mmz4281/202526/I1.csv,2026-08-04 21:38:16,876,d615cacf43165df158b864973d25d85deaa4f7f6a7121825ed0a0a5e100bdde7
2025-11-23,2025/26,Serie A,Lazio,Lecce,2,0,8,2,10,football-data-csv,I1_2526.csv,https://www.football-data.co.uk/mmz4281/202526/I1.csv,2026-08-04 21:38:16,877,8cef110a584c93f465886afcae46e8a99faba6577f967e0f1c9912422484d6ec
2025-11-23,2025/26,Serie A,Verona,Parma,1,2,4,4,8,football-data-csv,I1_2526.csv,https://www.football-data.co.uk/mmz4281/202526/I1.csv,2026-08-04 21:38:16,878,030ca55e9badfa26c273cd7bea1769795be3a09bf4e61baea39afdb016fa6903
2025-11-24,2025/26,Serie A,Sassuolo,Pisa,2,2,5,2,7,football-data-csv,I1_2526.csv,https://www.football-data.co.uk/mmz4281/202526/I1.csv,2026-08-04 21:38:16,879,23094e1d12148825cfa1e672793f66c3785ebd2e1aaf60221701f793462d71fc
2025-11-24,2025/26,Serie A,Torino,Como,1,5,3,4,7,football-data-csv,I1_2526.csv,https://www.football-data.co.uk/mmz4281/202526/I1.csv,2026-08-04 21:38:16,880,207a3a8e507ea6f830ee577fd48f36ac3ddccbad0aadd22dfccff56a789437e4
2025-11-28,2025/26,Serie A,Como,Sassuolo,2,0,4,4,8,football-data-csv,I1_2526.csv,https://www.football-data.co.uk/mmz4281/202526/I1.csv,2026-08-04 21:38:16,881,1de163293990a2e89b9156c2b7fbe6ba1bfc3df5131123b1b44859f568b61ff2
2025-11-29,2025/26,Serie A,Genoa,Verona,2,1,2,3,5,football-data-csv,I1_2526.csv,https://www.football-data.co.uk/mmz4281/202526/I1.csv,2026-08-04 21:38:16,882,295052fe08a4fbf106b3fbd798411672496418d3d0aa98d80853755398d2a18b
2025-11-29,2025/26,Serie A,Juventus,Cagliari,2,1,1,6,7,football-data-csv,I1_2526.csv,https://www.football-data.co.uk/mmz4281/202526/I1.csv,2026-08-04 21:38:16,883,e35de3b1d6d6c06f3233a6847355e86d921cd9d487797f005d2e825c59022a05
2025-11-29,2025/26,Serie A,Milan,Lazio,1,0,1,4,5,football-data-csv,I1_2526.csv,https://www.football-data.co.uk/mmz4281/202526/I1.csv,2026-08-04 21:38:16,884,ffdf1f10b4bc85afc3376d1938168e20a649b20aa73802e8f3d336f820d620ee
2025-11-29,2025/26,Serie A,Parma,Udinese,0,2,5,9,14,football-data-csv,I1_2526.csv,https://www.football-data.co.uk/mmz4281/202526/I1.csv,2026-08-04 21:38:16,885,f58c05b92ba591cf08af9dda6b914e65668ca6de7d0489f7f23ad77fdb9de914
2025-11-30,2025/26,Serie A,Atalanta,Fiorentina,2,0,4,5,9,football-data-csv,I1_2526.csv,https://www.football-data.co.uk/mmz4281/202526/I1.csv,2026-08-04 21:38:16,886,84c19ecbdf6490e13f290f39594e6f0a9a01e5badbe57b69f52cf5a41d8463bf
2025-11-30,2025/26,Serie A,Lecce,Torino,2,1,6,6,12,football-data-csv,I1_2526.csv,https://www.football-data.co.uk/mmz4281/202526/I1.csv,2026-08-04 21:38:16,887,b7f296e7466aff3f61e79485c791c4d9525d99ddfe0cf195023d46177b82995d
2025-11-30,2025/26,Serie A,Pisa,Inter,0,2,4,6,10,football-data-csv,I1_2526.csv,https://www.football-data.co.uk/mmz4281/202526/I1.csv,2026-08-04 21:38:16,888,e688bbd33f9e478487c3b1eaf8350033f9c4a15f7906aaab57dac6037b96c564
2025-11-30,2025/26,Serie A,Roma,Napoli,0,1,4,2,6,football-data-csv,I1_2526.csv,https://www.football-data.co.uk/mmz4281/202526/I1.csv,2026-08-04 21:38:16,889,f383eb51496ad4f7a5afef05de883d2b7032ef3f5e9d4b664a747c202dd6f3d7
2025-12-01,2025/26,Serie A,Bologna,Cremonese,1,3,13,8,21,football-data-csv,I1_2526.csv,https://www.football-data.co.uk/mmz4281/202526/I1.csv,2026-08-04 21:38:16,890,09bae87f82c9a224002ea20cb5961e9e8c9e98b9437dd632c079166ba656e669
2025-12-06,2025/26,Serie A,Inter,Como,4,0,7,4,11,football-data-csv,I1_2526.csv,https://www.football-data.co.uk/mmz4281/202526/I1.csv,2026-08-04 21:38:16,891,2752ed91eaa1889aa7095af476d5cd82a2e65f5ef0e36d61c233043ceaf4ea93
2025-12-06,2025/26,Serie A,Sassuolo,Fiorentina,3,1,7,1,8,football-data-csv,I1_2526.csv,https://www.football-data.co.uk/mmz4281/202526/I1.csv,2026-08-04 21:38:16,892,7f2416fa590ece49fe72e4151ed27f3b3fb49af111ac6440078b5f024cac0029
2025-12-06,2025/26,Serie A,Verona,Atalanta,3,1,5,5,10,football-data-csv,I1_2526.csv,https://www.football-data.co.uk/mmz4281/202526/I1.csv,2026-08-04 21:38:16,893,4200e57f8b35c374da8013440597932a7f38d475927c5a4dd44cd1d08a080077
2025-12-07,2025/26,Serie A,Cagliari,Roma,1,0,4,1,5,football-data-csv,I1_2526.csv,https://www.football-data.co.uk/mmz4281/202526/I1.csv,2026-08-04 21:38:16,894,2434df8573bfd3c588419cfa1ea6fd0177b3a3c106918ee4335f83fe2b88d98d
2025-12-07,2025/26,Serie A,Cremonese,Lecce,2,0,5,5,10,football-data-csv,I1_2526.csv,https://www.football-data.co.uk/mmz4281/202526/I1.csv,2026-08-04 21:38:16,895,e59926666dbfde64305bde40f3c48c49305a453580813233c739ed824b76c978
2025-12-07,2025/26,Serie A,Lazio,Bologna,1,1,7,3,10,football-data-csv,I1_2526.csv,https://www.football-data.co.uk/mmz4281/202526/I1.csv,2026-08-04 21:38:16,896,a726234e0fb05467e026885d6b3153b1c0de46dec052b5be50a592275fabaf84
2025-12-07,2025/26,Serie A,Napoli,Juventus,2,1,9,0,9,football-data-csv,I1_2526.csv,https://www.football-data.co.uk/mmz4281/202526/I1.csv,2026-08-04 21:38:16,897,538218b0efaaf53d70c94ddc8f6ba981d7ee89c6143e49a7ed4d9d3126a8e47f
2025-12-08,2025/26,Serie A,Pisa,Parma,0,1,6,0,6,football-data-csv,I1_2526.csv,https://www.football-data.co.uk/mmz4281/202526/I1.csv,2026-08-04 21:38:16,898,69e52ac5d05b7d7ccc63642a00b234587dd24447e9d3659df6d64123c4eb5c81
2025-12-08,2025/26,Serie A,Torino,Milan,2,3,2,4,6,football-data-csv,I1_2526.csv,https://www.football-data.co.uk/mmz4281/202526/I1.csv,2026-08-04 21:38:16,899,9cd9fc5fa144b88542fc673e8c8c0dc7f2ac74de8da37daeb214eb96e7fe27f1
2025-12-08,2025/26,Serie A,Udinese,Genoa,1,2,6,2,8,football-data-csv,I1_2526.csv,https://www.football-data.co.uk/mmz4281/202526/I1.csv,2026-08-04 21:38:16,900,a7ab94cadbe7a2f2f5347b25e0e1cee71ac8954c17d16819b5515103d9468c3f
2025-12-12,2025/26,Serie A,Lecce,Pisa,1,0,12,1,13,football-data-csv,I1_2526.csv,https://www.football-data.co.uk/mmz4281/202526/I1.csv,2026-08-04 21:38:16,901,2e7fd17c28f85f96985d178c5c439a07d66d45d47a07733fdc3f534f2a5acf8d
2025-12-13,2025/26,Serie A,Atalanta,Cagliari,2,1,5,4,9,football-data-csv,I1_2526.csv,https://www.football-data.co.uk/mmz4281/202526/I1.csv,2026-08-04 21:38:16,902,129400a52b01495c7cafb3cd467f2439798694136328a673267877fcd2b34d6d
2025-12-13,2025/26,Serie A,Parma,Lazio,0,1,4,4,8,football-data-csv,I1_2526.csv,https://www.football-data.co.uk/mmz4281/202526/I1.csv,2026-08-04 21:38:16,903,3a7ee31dbb093fb7d5a106ad2aeec1d3f693d40745c277cab8595346c4a6cbb1
2025-12-13,2025/26,Serie A,Torino,Cremonese,1,0,6,6,12,football-data-csv,I1_2526.csv,https://www.football-data.co.uk/mmz4281/202526/I1.csv,2026-08-04 21:38:16,904,da59eca609aea8745c3d5b38aca2a2bc47c4b85e2e806c1b8c0dda2062b50e57
2025-12-14,2025/26,Serie A,Bologna,Juventus,0,1,3,4,7,football-data-csv,I1_2526.csv,https://www.football-data.co.uk/mmz4281/202526/I1.csv,2026-08-04 21:38:16,905,648fded59d203da822c88368e24ca1bf5fc8dfc09f01a38b36222a6293591e4a
2025-12-14,2025/26,Serie A,Fiorentina,Verona,1,2,9,4,13,football-data-csv,I1_2526.csv,https://www.football-data.co.uk/mmz4281/202526/I1.csv,2026-08-04 21:38:16,906,947437d4c3ed5385082cb71252b9dddd252a748c13de63fd5a68f7f3986d9de6
2025-12-14,2025/26,Serie A,Genoa,Inter,1,2,1,6,7,football-data-csv,I1_2526.csv,https://www.football-data.co.uk/mmz4281/202526/I1.csv,2026-08-04 21:38:16,907,5f0d13045617fdf7443c3d812e666e71cbb08b79cd71942304e029fafccfc6ca
2025-12-14,2025/26,Serie A,Milan,Sassuolo,2,2,7,3,10,football-data-csv,I1_2526.csv,https://www.football-data.co.uk/mmz4281/202526/I1.csv,2026-08-04 21:38:16,908,0e499da3ba6bc595deccc94811ba8d2daebd8e7a763b7d1869b10552328c3794
2025-12-14,2025/26,Serie A,Udinese,Napoli,1,0,1,3,4,football-data-csv,I1_2526.csv,https://www.football-data.co.uk/mmz4281/202526/I1.csv,2026-08-04 21:38:16,909,d00088f70028bf095d2bffee72e481af5a0293e1fd4f3c20eed51eceda20c889
2025-12-15,2025/26,Serie A,Roma,Como,1,0,6,3,9,football-data-csv,I1_2526.csv,https://www.football-data.co.uk/mmz4281/202526/I1.csv,2026-08-04 21:38:16,910,373cbd8036bb40da8635da1587df12a2815af0c5ae3fe8fd02bbda2253e046a0
2025-12-20,2025/26,Serie A,Juventus,Roma,2,1,2,4,6,football-data-csv,I1_2526.csv,https://www.football-data.co.uk/mmz4281/202526/I1.csv,2026-08-04 21:38:16,911,5b510d1437e72d718eb62a825e368b67a893aa90e86ff4e49fbd435b69eef561
2025-12-20,2025/26,Serie A,Lazio,Cremonese,0,0,3,0,3,football-data-csv,I1_2526.csv,https://www.football-data.co.uk/mmz4281/202526/I1.csv,2026-08-04 21:38:16,912,d859218c2e1220853751a8b7503178e636ab85a2e9a1b30612dc81c8ca625880
2025-12-21,2025/26,Serie A,Cagliari,Pisa,2,2,2,6,8,football-data-csv,I1_2526.csv,https://www.football-data.co.uk/mmz4281/202526/I1.csv,2026-08-04 21:38:16,913,3784728a982f94a3f7e801a213a7bb66ae2ab7c2e128ffe57c640003754bd5ec
2025-12-21,2025/26,Serie A,Fiorentina,Udinese,5,1,1,4,5,football-data-csv,I1_2526.csv,https://www.football-data.co.uk/mmz4281/202526/I1.csv,2026-08-04 21:38:16,914,62a8b39ad5013ad4aa920dcda798ce4681b6b75c9e68acc611c0f6a061438549
2025-12-21,2025/26,Serie A,Genoa,Atalanta,0,1,6,10,16,football-data-csv,I1_2526.csv,https://www.football-data.co.uk/mmz4281/202526/I1.csv,2026-08-04 21:38:16,915,6e1db4f22e170a20cec8debbfd9d9ed460d2320ad75be97e8349abf3a9dfd076
2025-12-21,2025/26,Serie A,Sassuolo,Torino,0,1,2,3,5,football-data-csv,I1_2526.csv,https://www.football-data.co.uk/mmz4281/202526/I1.csv,2026-08-04 21:38:16,916,caecb402d4a564cb3451125d2c07040c3e49b886c1e14c12e4f2411476ec0bc4
2025-12-27,2025/26,Serie A,Lecce,Como,0,3,4,6,10,football-data-csv,I1_2526.csv,https://www.football-data.co.uk/mmz4281/202526/I1.csv,2026-08-04 21:38:16,917,d869374b40b276371aebea57d1e17eca08959c7195aba4eec7159460fdaa9580
2025-12-27,2025/26,Serie A,Parma,Fiorentina,1,0,5,6,11,football-data-csv,I1_2526.csv,https://www.football-data.co.uk/mmz4281/202526/I1.csv,2026-08-04 21:38:16,918,331b6f4342cefc9bf091af4da3eed9ab0e9afaf5531eccb8c929c6f45c28f682
2025-12-27,2025/26,Serie A,Pisa,Juventus,0,2,2,8,10,football-data-csv,I1_2526.csv,https://www.football-data.co.uk/mmz4281/202526/I1.csv,2026-08-04 21:38:16,919,67fea94bc2b9b24628366266c3e799280f4b31f66304da47fcbdfb22c4623387
2025-12-27,2025/26,Serie A,Torino,Cagliari,1,2,6,2,8,football-data-csv,I1_2526.csv,https://www.football-data.co.uk/mmz4281/202526/I1.csv,2026-08-04 21:38:16,920,f011a7e279cb8ef5b7ce174b72f7c43672217accaade1af43cca8e002857892a
2025-12-27,2025/26,Serie A,Udinese,Lazio,1,1,5,6,11,football-data-csv,I1_2526.csv,https://www.football-data.co.uk/mmz4281/202526/I1.csv,2026-08-04 21:38:16,921,ae91760dc7accabffff4c660bcb9d9d5fc8a69e156bd99f1c79bff5d096f2424
2025-12-28,2025/26,Serie A,Atalanta,Inter,0,1,4,7,11,football-data-csv,I1_2526.csv,https://www.football-data.co.uk/mmz4281/202526/I1.csv,2026-08-04 21:38:16,922,28b848e90cd5469bd46eaa6085dc0d4c0bb4075b795ebf96705b1380a3d4093d
2025-12-28,2025/26,Serie A,Bologna,Sassuolo,1,1,2,3,5,football-data-csv,I1_2526.csv,https://www.football-data.co.uk/mmz4281/202526/I1.csv,2026-08-04 21:38:16,923,3b6a7fe2221d04b8cd99f8342446d90459dabfb624a952fcd4ec281413edbaf2
2025-12-28,2025/26,Serie A,Cremonese,Napoli,0,2,1,10,11,football-data-csv,I1_2526.csv,https://www.football-data.co.uk/mmz4281/202526/I1.csv,2026-08-04 21:38:16,924,bca0c44a2650fc1f5cf551f3a0cacb01434cc96624488c269ffddaff2d5f65e9
2025-12-28,2025/26,Serie A,Milan,Verona,3,0,7,3,10,football-data-csv,I1_2526.csv,https://www.football-data.co.uk/mmz4281/202526/I1.csv,2026-08-04 21:38:16,925,2db0ad58d0a29b79f818098a821acc51c184983b6dd947e9f7503e5066caa70e
2025-12-29,2025/26,Serie A,Roma,Genoa,3,1,6,1,7,football-data-csv,I1_2526.csv,https://www.football-data.co.uk/mmz4281/202526/I1.csv,2026-08-04 21:38:16,926,22d6a46527c2c1039d9019f022fd237606572d3e7e436c727697dcfc5e5e6de0
2026-01-02,2025/26,Serie A,Cagliari,Milan,0,1,6,7,13,football-data-csv,I1_2526.csv,https://www.football-data.co.uk/mmz4281/202526/I1.csv,2026-08-04 21:38:16,927,3e4d4b2ba173ec01de073d8cab5bb8c3b80dd83132aebf7f60d5d6e467ed936b
2026-01-03,2025/26,Serie A,Atalanta,Roma,1,0,7,5,12,football-data-csv,I1_2526.csv,https://www.football-data.co.uk/mmz4281/202526/I1.csv,2026-08-04 21:38:16,928,9588df2dbcc782eda7c640546cfd0c96d9892d260f93e90076ae4f2babdd91ab
2026-01-03,2025/26,Serie A,Como,Udinese,1,0,3,2,5,football-data-csv,I1_2526.csv,https://www.football-data.co.uk/mmz4281/202526/I1.csv,2026-08-04 21:38:16,929,d674d506877b9822ca33e2feb2c1c9bd53871a159dbd2fb7e65cc0d760c52506
2026-01-03,2025/26,Serie A,Genoa,Pisa,1,1,2,7,9,football-data-csv,I1_2526.csv,https://www.football-data.co.uk/mmz4281/202526/I1.csv,2026-08-04 21:38:16,930,a437860d23512301214dae21ab9ceddd29964bae38558a4f5bcacaac40dabdf0
2026-01-03,2025/26,Serie A,Juventus,Lecce,1,1,10,1,11,football-data-csv,I1_2526.csv,https://www.football-data.co.uk/mmz4281/202526/I1.csv,2026-08-04 21:38:16,931,24945098896807bf65ce9c3381e5f0c383c1d42f6fb0131b8041756bce25399a
2026-01-03,2025/26,Serie A,Sassuolo,Parma,1,1,4,7,11,football-data-csv,I1_2526.csv,https://www.football-data.co.uk/mmz4281/202526/I1.csv,2026-08-04 21:38:16,932,b70b892e4d3d83244d3382b257bcc66e58150b11edb0f28711e60691f914ede4
2026-01-04,2025/26,Serie A,Fiorentina,Cremonese,1,0,7,3,10,football-data-csv,I1_2526.csv,https://www.football-data.co.uk/mmz4281/202526/I1.csv,2026-08-04 21:38:16,933,614b3d0c4219d35244526b2467a19ff504a62cc32c47e78f9dc346b8f44e8f11
2026-01-04,2025/26,Serie A,Inter,Bologna,3,1,7,1,8,football-data-csv,I1_2526.csv,https://www.football-data.co.uk/mmz4281/202526/I1.csv,2026-08-04 21:38:16,934,173de85be5107b8863148c827142199b63e2e2e4246f679adf63f05c5ba102e3
2026-01-04,2025/26,Serie A,Lazio,Napoli,0,2,2,6,8,football-data-csv,I1_2526.csv,https://www.football-data.co.uk/mmz4281/202526/I1.csv,2026-08-04 21:38:16,935,ac5106fc5aa16ba298efd3263f3b8a22ec9f64a050c64967ee881b755ad5beab
2026-01-04,2025/26,Serie A,Verona,Torino,0,3,4,7,11,football-data-csv,I1_2526.csv,https://www.football-data.co.uk/mmz4281/202526/I1.csv,2026-08-04 21:38:16,936,eb8fbeac9873c7a1c24f6bc0a16bc50fc77ed842440fb5167a3b3e242b3fb3b5
2026-01-06,2025/26,Serie A,Lecce,Roma,0,2,2,2,4,football-data-csv,I1_2526.csv,https://www.football-data.co.uk/mmz4281/202526/I1.csv,2026-08-04 21:38:16,937,4b0ca0eff6453b5b569ced8f4ece1c66ffb680dc0724cf1e39fc1722381b3a77
2026-01-06,2025/26,Serie A,Pisa,Como,0,3,1,5,6,football-data-csv,I1_2526.csv,https://www.football-data.co.uk/mmz4281/202526/I1.csv,2026-08-04 21:38:16,938,6d0093b0ea6df1fa6e7a16558b2ca11b8ebc6eda29babcc8df02357c87f2490a
2026-01-06,2025/26,Serie A,Sassuolo,Juventus,0,3,5,5,10,football-data-csv,I1_2526.csv,https://www.football-data.co.uk/mmz4281/202526/I1.csv,2026-08-04 21:38:16,939,6c182a57fcbccf458dec6f12134bcc3aed34cec3262262363c6bdab74f9f930c
2026-01-07,2025/26,Serie A,Bologna,Atalanta,0,2,6,6,12,football-data-csv,I1_2526.csv,https://www.football-data.co.uk/mmz4281/202526/I1.csv,2026-08-04 21:38:16,940,548cad01938e48360438a03b30bf9f4582c474f4f2b37d8eadd47e0b69e47024
2026-01-07,2025/26,Serie A,Lazio,Fiorentina,2,2,8,2,10,football-data-csv,I1_2526.csv,https://www.football-data.co.uk/mmz4281/202526/I1.csv,2026-08-04 21:38:16,941,17b32694bfe5458feaffa6ee227ee596985b1695cbe08f67d12d91be8b899e4b
2026-01-07,2025/26,Serie A,Napoli,Verona,2,2,6,1,7,football-data-csv,I1_2526.csv,https://www.football-data.co.uk/mmz4281/202526/I1.csv,2026-08-04 21:38:16,942,4e166d1477ff0964fb720783a4340fadbc2dc74748af4ef3a88ebb7188fcd1e4
2026-01-07,2025/26,Serie A,Parma,Inter,0,2,1,3,4,football-data-csv,I1_2526.csv,https://www.football-data.co.uk/mmz4281/202526/I1.csv,2026-08-04 21:38:16,943,502ab5722629793ba8b82402302883d166c10d65b89d5ba1cfb182adef371098
2026-01-07,2025/26,Serie A,Torino,Udinese,1,2,3,6,9,football-data-csv,I1_2526.csv,https://www.football-data.co.uk/mmz4281/202526/I1.csv,2026-08-04 21:38:16,944,d7e563ff4dc2aeb6dcbd6ddb4185e6eb214606a919a7c411c823f8c2023857bf
2026-01-08,2025/26,Serie A,Cremonese,Cagliari,2,2,2,4,6,football-data-csv,I1_2526.csv,https://www.football-data.co.uk/mmz4281/202526/I1.csv,2026-08-04 21:38:16,945,3fff25f93ea9dbee76d7c93d2ce849d5b5583e36a89483ae4b77c3ead968a16e
2026-01-08,2025/26,Serie A,Milan,Genoa,1,1,12,1,13,football-data-csv,I1_2526.csv,https://www.football-data.co.uk/mmz4281/202526/I1.csv,2026-08-04 21:38:16,946,7cdbb400eb9dfcb9aebe7e74522d86c2e3d94f7a27bdef83da02dfdf64265234
2026-01-10,2025/26,Serie A,Atalanta,Torino,2,0,5,4,9,football-data-csv,I1_2526.csv,https://www.football-data.co.uk/mmz4281/202526/I1.csv,2026-08-04 21:38:16,947,0b7f4d5238fcc639c7bb7e6f8ee4b16099eaef53168a1e877a2a0050ef85fd8d
2026-01-10,2025/26,Serie A,Como,Bologna,1,1,4,2,6,football-data-csv,I1_2526.csv,https://www.football-data.co.uk/mmz4281/202526/I1.csv,2026-08-04 21:38:16,948,7b5528452c8ed37b96155b2bcef9e122739718318400121028ba74ccaf998718
2026-01-10,2025/26,Serie A,Roma,Sassuolo,2,0,5,2,7,football-data-csv,I1_2526.csv,https://www.football-data.co.uk/mmz4281/202526/I1.csv,2026-08-04 21:38:16,949,7e032a4ede9adf0aa8081b326daf38d1318905f263b152ba547b4b3b93212eb4
2026-01-10,2025/26,Serie A,Udinese,Pisa,2,2,3,8,11,football-data-csv,I1_2526.csv,https://www.football-data.co.uk/mmz4281/202526/I1.csv,2026-08-04 21:38:16,950,1e885ef964afa4ffee45ed4716c0a1fd2cd9d514eb1710f9b846f759a990d133
2026-01-11,2025/26,Serie A,Fiorentina,Milan,1,1,8,5,13,football-data-csv,I1_2526.csv,https://www.football-data.co.uk/mmz4281/202526/I1.csv,2026-08-04 21:38:16,951,4bdde4ab6fdd5ad5afeefc45dce30518fbee3b2d22ae3f4b8d79867201b4597b
2026-01-11,2025/26,Serie A,Inter,Napoli,2,2,4,1,5,football-data-csv,I1_2526.csv,https://www.football-data.co.uk/mmz4281/202526/I1.csv,2026-08-04 21:38:16,952,9a4eee32d55ec505c6a56f5a0ace4e84062207d62349906c801d6c1fc0ca9d53
2026-01-11,2025/26,Serie A,Lecce,Parma,1,2,3,3,6,football-data-csv,I1_2526.csv,https://www.football-data.co.uk/mmz4281/202526/I1.csv,2026-08-04 21:38:16,953,102f317a1ef584486d958134ef64d4a63c6465b2f9b68881c64214760ac2896c
2026-01-11,2025/26,Serie A,Verona,Lazio,0,1,2,1,3,football-data-csv,I1_2526.csv,https://www.football-data.co.uk/mmz4281/202526/I1.csv,2026-08-04 21:38:16,954,c374f2e0662c8080fdef98317c0ddf81cb59c6fed59951797a7c854312feade7
2026-01-12,2025/26,Serie A,Genoa,Cagliari,3,0,2,3,5,football-data-csv,I1_2526.csv,https://www.football-data.co.uk/mmz4281/202526/I1.csv,2026-08-04 21:38:16,955,646d3e5322881942b3a604b97762d525dc42935b16049748309a77b63b3e453b
2026-01-12,2025/26,Serie A,Juventus,Cremonese,5,0,4,5,9,football-data-csv,I1_2526.csv,https://www.football-data.co.uk/mmz4281/202526/I1.csv,2026-08-04 21:38:16,956,6fe5075c1fde2150fec41730acf8061c8f3bd837ac94f5d84f23b6e2ee1e65a6
2026-01-14,2025/26,Serie A,Inter,Lecce,1,0,11,3,14,football-data-csv,I1_2526.csv,https://www.football-data.co.uk/mmz4281/202526/I1.csv,2026-08-04 21:38:16,957,db5c01580144afab3f4e90992ba663e7b5909860d1f6695a3ec0c1088a694323
2026-01-14,2025/26,Serie A,Napoli,Parma,0,0,7,1,8,football-data-csv,I1_2526.csv,https://www.football-data.co.uk/mmz4281/202526/I1.csv,2026-08-04 21:38:16,958,9758600d88d7577c63711d980c31fac6133cd67a56c66149ae86e1f07bd61396
2026-01-15,2025/26,Serie A,Como,Milan,1,3,8,4,12,football-data-csv,I1_2526.csv,https://www.football-data.co.uk/mmz4281/202526/I1.csv,2026-08-04 21:38:16,959,d5af40c3ebdddf60432d01908437ac193fdc24f0968447a4751e4b2d3e633ee9
2026-01-15,2025/26,Serie A,Verona,Bologna,2,3,4,5,9,football-data-csv,I1_2526.csv,https://www.football-data.co.uk/mmz4281/202526/I1.csv,2026-08-04 21:38:16,960,0b55e7caf96178de1dd10e89009868d662f121b4b7751af24fa19ad202b88f93
2026-01-16,2025/26,Serie A,Pisa,Atalanta,1,1,10,1,11,football-data-csv,I1_2526.csv,https://www.football-data.co.uk/mmz4281/202526/I1.csv,2026-08-04 21:38:16,961,4881af7bc208e51d275c33338b9108e7c9b8e977b1919162c60c731341d47f0e
2026-01-17,2025/26,Serie A,Cagliari,Juventus,1,0,1,18,19,football-data-csv,I1_2526.csv,https://www.football-data.co.uk/mmz4281/202526/I1.csv,2026-08-04 21:38:16,962,8b598374961dd3cb600ae5849924ff1fefdd4b908a69005865a2c0261dc00007
2026-01-17,2025/26,Serie A,Napoli,Sassuolo,1,0,5,4,9,football-data-csv,I1_2526.csv,https://www.football-data.co.uk/mmz4281/202526/I1.csv,2026-08-04 21:38:16,963,a1748e56c6fe439853aae029fc99e140d407c0d8ffdacede3ebd660c2a26cb02
2026-01-17,2025/26,Serie A,Udinese,Inter,0,1,2,5,7,football-data-csv,I1_2526.csv,https://www.football-data.co.uk/mmz4281/202526/I1.csv,2026-08-04 21:38:16,964,8158e57a4bf06451c8e8ded4fd4b89a885afc27b18a43f4877560801bcb234dc
2026-01-18,2025/26,Serie A,Bologna,Fiorentina,1,2,7,1,8,football-data-csv,I1_2526.csv,https://www.football-data.co.uk/mmz4281/202526/I1.csv,2026-08-04 21:38:16,965,5072f91031283125bbd5b59997ae5e023d2963248cb9be14c22c85b301515fd0
2026-01-18,2025/26,Serie A,Milan,Lecce,1,0,10,2,12,football-data-csv,I1_2526.csv,https://www.football-data.co.uk/mmz4281/202526/I1.csv,2026-08-04 21:38:16,966,08fa7da3a53c28e32de1ea0a2218fe546694ff55ac052f38a023890b8e1ee273
2026-01-18,2025/26,Serie A,Parma,Genoa,0,0,7,3,10,football-data-csv,I1_2526.csv,https://www.football-data.co.uk/mmz4281/202526/I1.csv,2026-08-04 21:38:16,967,1ac469dc5652bd5a2e15cc3aab93ccb2274d82225502204e72d6d9686f42efed
2026-01-18,2025/26,Serie A,Torino,Roma,0,2,2,1,3,football-data-csv,I1_2526.csv,https://www.football-data.co.uk/mmz4281/202526/I1.csv,2026-08-04 21:38:16,968,018ebd0580ce24b31053e6755c181b30dc0825f9c4e1cd7e78b29df801f8a513
2026-01-19,2025/26,Serie A,Cremonese,Verona,0,0,3,6,9,football-data-csv,I1_2526.csv,https://www.football-data.co.uk/mmz4281/202526/I1.csv,2026-08-04 21:38:16,969,73331dfa48df80d09e2b19cb3d5c283f3e9d5db2dd3bb31b7f7985ddb2dcb6e2
2026-01-19,2025/26,Serie A,Lazio,Como,0,3,3,2,5,football-data-csv,I1_2526.csv,https://www.football-data.co.uk/mmz4281/202526/I1.csv,2026-08-04 21:38:16,970,29f46bb787f055863259756ff873951b3d20831cb42622d8ae57eb735ae8d79e
2026-01-23,2025/26,Serie A,Inter,Pisa,6,2,7,5,12,football-data-csv,I1_2526.csv,https://www.football-data.co.uk/mmz4281/202526/I1.csv,2026-08-04 21:38:16,971,8da96390c28fcc2853c02a00d553060c5b4b8545521573f26b92bbbdaabbb394
2026-01-24,2025/26,Serie A,Como,Torino,6,0,2,1,3,football-data-csv,I1_2526.csv,https://www.football-data.co.uk/mmz4281/202526/I1.csv,2026-08-04 21:38:16,972,95734d63bb965419ef958b6a88564b60e8e45a8df5eb9324ae35a13d16eb037c
2026-01-24,2025/26,Serie A,Fiorentina,Cagliari,1,2,8,3,11,football-data-csv,I1_2526.csv,https://www.football-data.co.uk/mmz4281/202526/I1.csv,2026-08-04 21:38:16,973,a214471d6a0edef26ce92b69510a2cc51aa235091df94ec84e5ac66b87fadbf8
2026-01-24,2025/26,Serie A,Lecce,Lazio,0,0,4,1,5,football-data-csv,I1_2526.csv,https://www.football-data.co.uk/mmz4281/202526/I1.csv,2026-08-04 21:38:16,974,fe477270223987fc67231edee2847b3e9c11c51d0b52e6c28ac565fbed35ed10
2026-01-25,2025/26,Serie A,Atalanta,Parma,4,0,6,9,15,football-data-csv,I1_2526.csv,https://www.football-data.co.uk/mmz4281/202526/I1.csv,2026-08-04 21:38:16,975,2c06414d852a7609026cbe9914186b2b2e7c32f5eb57a7b8c190652233b67d9f
2026-01-25,2025/26,Serie A,Genoa,Bologna,3,2,5,2,7,football-data-csv,I1_2526.csv,https://www.football-data.co.uk/mmz4281/202526/I1.csv,2026-08-04 21:38:16,976,5f6451e335ff713ec3372d9a96be7ef3df51f1f2ff34cf6ef30c5ab08970a003
2026-01-25,2025/26,Serie A,Juventus,Napoli,3,0,2,2,4,football-data-csv,I1_2526.csv,https://www.football-data.co.uk/mmz4281/202526/I1.csv,2026-08-04 21:38:16,977,b84f374603bb58b025e5e30d19248bff706df3922c4031d5abb77ae59b5dbd2a
2026-01-25,2025/26,Serie A,Roma,Milan,1,1,5,3,8,football-data-csv,I1_2526.csv,https://www.football-data.co.uk/mmz4281/202526/I1.csv,2026-08-04 21:38:16,978,ca00187fb0fe515f6258c6ffa9fa94cc7673fd026049786e88c3809afdc23c4f
2026-01-25,2025/26,Serie A,Sassuolo,Cremonese,1,0,3,5,8,football-data-csv,I1_2526.csv,https://www.football-data.co.uk/mmz4281/202526/I1.csv,2026-08-04 21:38:16,979,017074115fa6dbb19fdf8abd8d286f7abb7c4ff34c684f53eaf7e4f671e73dbe
2026-01-26,2025/26,Serie A,Verona,Udinese,1,3,3,8,11,football-data-csv,I1_2526.csv,https://www.football-data.co.uk/mmz4281/202526/I1.csv,2026-08-04 21:38:16,980,2b761af38ba55ff1383183e40ba4fa93c9a2897517d0ecfd5e182fc54112e886
2026-01-30,2025/26,Serie A,Lazio,Genoa,3,2,5,3,8,football-data-csv,I1_2526.csv,https://www.football-data.co.uk/mmz4281/202526/I1.csv,2026-08-04 21:38:16,981,de94654108570e4414cf578cb3a2566597c606c40f8fb2502ae62fc3821a265f
2026-01-31,2025/26,Serie A,Cagliari,Verona,4,0,6,3,9,football-data-csv,I1_2526.csv,https://www.football-data.co.uk/mmz4281/202526/I1.csv,2026-08-04 21:38:16,982,6b1089ef6b367af7b432334afa1276c0bd2c2f4625e86debe2ad0818badabf33
2026-01-31,2025/26,Serie A,Napoli,Fiorentina,2,1,4,4,8,football-data-csv,I1_2526.csv,https://www.football-data.co.uk/mmz4281/202526/I1.csv,2026-08-04 21:38:16,983,ae309244ce23cd22131765cdf6be0ee19fa813c21056f5d92171598e84a4bfd6
2026-01-31,2025/26,Serie A,Pisa,Sassuolo,1,3,2,5,7,football-data-csv,I1_2526.csv,https://www.football-data.co.uk/mmz4281/202526/I1.csv,2026-08-04 21:38:16,984,55ae85931073855857646d0ab98e71546f7f67127bc7398fb04b2807194b8ba9
2026-02-01,2025/26,Serie A,Como,Atalanta,0,0,7,1,8,football-data-csv,I1_2526.csv,https://www.football-data.co.uk/mmz4281/202526/I1.csv,2026-08-04 21:38:16,985,b18e1b25dc65a3beed66a161b07f86bef00ebe33f120127cab385b20ac68366a
2026-02-01,2025/26,Serie A,Cremonese,Inter,0,2,1,6,7,football-data-csv,I1_2526.csv,https://www.football-data.co.uk/mmz4281/202526/I1.csv,2026-08-04 21:38:16,986,b1887cf799dcd436905fb421be45d08bf440b4842a3edf56c490aff65329de9d
2026-02-01,2025/26,Serie A,Parma,Juventus,1,4,5,3,8,football-data-csv,I1_2526.csv,https://www.football-data.co.uk/mmz4281/202526/I1.csv,2026-08-04 21:38:16,987,7f095d888c54d4db84f385e1626ec7d3fff0d0e49518c425c190d754177685c1
2026-02-01,2025/26,Serie A,Torino,Lecce,1,0,3,8,11,football-data-csv,I1_2526.csv,https://www.football-data.co.uk/mmz4281/202526/I1.csv,2026-08-04 21:38:16,988,582639fa3bb5090599d64b10bad789c12a06af91a861e51bc7ff95a6982da83a
2026-02-02,2025/26,Serie A,Udinese,Roma,1,0,4,7,11,football-data-csv,I1_2526.csv,https://www.football-data.co.uk/mmz4281/202526/I1.csv,2026-08-04 21:38:16,989,4921d9bce1d56509041c133b56f57aa5cbaf45c2e22754a770fcb325e1c348d7
2026-02-03,2025/26,Serie A,Bologna,Milan,0,3,5,0,5,football-data-csv,I1_2526.csv,https://www.football-data.co.uk/mmz4281/202526/I1.csv,2026-08-04 21:38:16,990,e93c5afe9c6e60b7da30f4cf1416633d998ab16611a04ac6a95e1c99992e629d
2026-02-06,2025/26,Serie A,Verona,Pisa,0,0,8,4,12,football-data-csv,I1_2526.csv,https://www.football-data.co.uk/mmz4281/202526/I1.csv,2026-08-04 21:38:16,991,e9caf3d3f435d263c227b994b40f43fff13271c2bdc049171d2c7e6a0a2db6fa
2026-02-07,2025/26,Serie A,Fiorentina,Torino,2,2,9,4,13,football-data-csv,I1_2526.csv,https://www.football-data.co.uk/mmz4281/202526/I1.csv,2026-08-04 21:38:16,992,c99a24783df95b2eb080f2e05597da38afc6d68ed2c2d257cb3abf5fdb31726b
2026-02-07,2025/26,Serie A,Genoa,Napoli,2,3,4,3,7,football-data-csv,I1_2526.csv,https://www.football-data.co.uk/mmz4281/202526/I1.csv,2026-08-04 21:38:16,993,322e9d8fbb31830e7b12261956ebcf5eb8a72e1683095abd60ba2dfc24a6333e
2026-02-08,2025/26,Serie A,Bologna,Parma,0,1,4,5,9,football-data-csv,I1_2526.csv,https://www.football-data.co.uk/mmz4281/202526/I1.csv,2026-08-04 21:38:16,994,24ef4d300fbbf56f613d0cbe72349b1d2a50cb69dcf5bb42dcd6a1d4a4237237
2026-02-08,2025/26,Serie A,Juventus,Lazio,2,2,8,1,9,football-data-csv,I1_2526.csv,https://www.football-data.co.uk/mmz4281/202526/I1.csv,2026-08-04 21:38:16,995,c71614b5a04d908d2febc8d5f837f8dff770cdb8b79cd2b7dc506906a8d72e25
2026-02-08,2025/26,Serie A,Lecce,Udinese,2,1,7,0,7,football-data-csv,I1_2526.csv,https://www.football-data.co.uk/mmz4281/202526/I1.csv,2026-08-04 21:38:16,996,51dd74c338506f164051ec7a4d557960193687fe013cf70766f3c043885a041c
2026-02-08,2025/26,Serie A,Sassuolo,Inter,0,5,5,6,11,football-data-csv,I1_2526.csv,https://www.football-data.co.uk/mmz4281/202526/I1.csv,2026-08-04 21:38:16,997,4f22d6e611e107c1c295c13b5263c360ef2e3242f1ee0091a38201913bc90b80
2026-02-09,2025/26,Serie A,Atalanta,Cremonese,2,1,13,2,15,football-data-csv,I1_2526.csv,https://www.football-data.co.uk/mmz4281/202526/I1.csv,2026-08-04 21:38:16,998,d35bef5d4e21d45b523a89d2dae770614fddd6d103c848a25b4ca68c55d1da8c
2026-02-09,2025/26,Serie A,Roma,Cagliari,2,0,7,1,8,football-data-csv,I1_2526.csv,https://www.football-data.co.uk/mmz4281/202526/I1.csv,2026-08-04 21:38:16,999,ae4349a7db1fee12e0566c9cdb0f39f05cd0618bd1d4dc9798916adc52e56e57
2026-02-13,2025/26,Serie A,Pisa,Milan,1,2,3,1,4,football-data-csv,I1_2526.csv,https://www.football-data.co.uk/mmz4281/202526/I1.csv,2026-08-04 21:38:16,1000,8baa674f782f327d340215603791a0355749a6a41555393ff79f77a754390ec4
2026-02-14,2025/26,Serie A,Como,Fiorentina,1,2,4,2,6,football-data-csv,I1_2526.csv,https://www.football-data.co.uk/mmz4281/202526/I1.csv,2026-08-04 21:38:16,1001,ae6b26e7a8798e837abf9db9ccb83ae611b2e1d196631bdcbc21a5cb3d9bc347
2026-02-14,2025/26,Serie A,Inter,Juventus,3,2,4,1,5,football-data-csv,I1_2526.csv,https://www.football-data.co.uk/mmz4281/202526/I1.csv,2026-08-04 21:38:16,1002,3f79fbe47b083e7f56f52953ef20dccd52e2b4d1d7eec96bbf58dc125611e8e5
2026-02-14,2025/26,Serie A,Lazio,Atalanta,0,2,5,4,9,football-data-csv,I1_2526.csv,https://www.football-data.co.uk/mmz4281/202526/I1.csv,2026-08-04 21:38:16,1003,e68f7a0b7a8dcc3e419de627fe4028bbb13fa340d15cbf3557f4042302382d4f
2026-02-15,2025/26,Serie A,Cremonese,Genoa,0,0,6,11,17,football-data-csv,I1_2526.csv,https://www.football-data.co.uk/mmz4281/202526/I1.csv,2026-08-04 21:38:16,1004,ffda6d7e4a39feaa886918094be9e18b71cf0281e0651d82528c8c5aae25a533
2026-02-15,2025/26,Serie A,Napoli,Roma,2,2,2,1,3,football-data-csv,I1_2526.csv,https://www.football-data.co.uk/mmz4281/202526/I1.csv,2026-08-04 21:38:16,1005,4ab6de3e3111999b29f609dd224db0a35486444378b6aeca92fc9808fa628fec
2026-02-15,2025/26,Serie A,Parma,Verona,2,1,12,1,13,football-data-csv,I1_2526.csv,https://www.football-data.co.uk/mmz4281/202526/I1.csv,2026-08-04 21:38:16,1006,9009e63c79b8bf8bc6597b471bf25fb195898a9520131e9e3b7df81380fc12f6
2026-02-15,2025/26,Serie A,Torino,Bologna,1,2,4,2,6,football-data-csv,I1_2526.csv,https://www.football-data.co.uk/mmz4281/202526/I1.csv,2026-08-04 21:38:16,1007,078552632a53420d6aa8cc0de3f93e861be7c30175396365439e85811d8dc131
2026-02-15,2025/26,Serie A,Udinese,Sassuolo,1,2,7,6,13,football-data-csv,I1_2526.csv,https://www.football-data.co.uk/mmz4281/202526/I1.csv,2026-08-04 21:38:16,1008,7974b1f25a7866cb7cb492581a7d06183ed265345ed1c48b0abf855749e341ac
2026-02-16,2025/26,Serie A,Cagliari,Lecce,0,2,8,2,10,football-data-csv,I1_2526.csv,https://www.football-data.co.uk/mmz4281/202526/I1.csv,2026-08-04 21:38:16,1009,ded722be8cf1f5d51b440df9e405dc93f247e5a6e41a35b986f9583c12d5d8e6
2026-02-18,2025/26,Serie A,Milan,Como,1,1,4,4,8,football-data-csv,I1_2526.csv,https://www.football-data.co.uk/mmz4281/202526/I1.csv,2026-08-04 21:38:16,1010,0a6f3594c38b7a8c04d4c0e13f4764db6d6c139024c83287b911a73bf62a9f93
2026-02-20,2025/26,Serie A,Sassuolo,Verona,3,0,6,5,11,football-data-csv,I1_2526.csv,https://www.football-data.co.uk/mmz4281/202526/I1.csv,2026-08-04 21:38:16,1011,b48da7e1d0c6b2fa44da703fe4e3ce162cb9569660464175180250805d435054
2026-02-21,2025/26,Serie A,Cagliari,Lazio,0,0,3,6,9,football-data-csv,I1_2526.csv,https://www.football-data.co.uk/mmz4281/202526/I1.csv,2026-08-04 21:38:16,1012,51d1ec299d6e6684e92672187335355d04d135854df3d0970c9407e70a0cf1f9
2026-02-21,2025/26,Serie A,Juventus,Como,0,2,7,2,9,football-data-csv,I1_2526.csv,https://www.football-data.co.uk/mmz4281/202526/I1.csv,2026-08-04 21:38:16,1013,e4f5d435e81b9facf96fcb7687f6dc24954d473b5d9f14c3244bf940e1c1dbd5
2026-02-21,2025/26,Serie A,Lecce,Inter,0,2,2,10,12,football-data-csv,I1_2526.csv,https://www.football-data.co.uk/mmz4281/202526/I1.csv,2026-08-04 21:38:16,1014,b627738442062ce7d6d9ca974e69fe94e0df351892aeaf59a3f3dfe38755068d
2026-02-22,2025/26,Serie A,Atalanta,Napoli,2,1,6,1,7,football-data-csv,I1_2526.csv,https://www.football-data.co.uk/mmz4281/202526/I1.csv,2026-08-04 21:38:16,1015,e693130d2f7bfb5fabc86d6bede3eb1204031365d53d16994b5be62db03da05a
2026-02-22,2025/26,Serie A,Genoa,Torino,3,0,1,3,4,football-data-csv,I1_2526.csv,https://www.football-data.co.uk/mmz4281/202526/I1.csv,2026-08-04 21:38:16,1016,267cc026859266544a6931fe8b11e7c9a159946f751defeb8fea552d8fcccd08
2026-02-22,2025/26,Serie A,Milan,Parma,0,1,5,2,7,football-data-csv,I1_2526.csv,https://www.football-data.co.uk/mmz4281/202526/I1.csv,2026-08-04 21:38:16,1017,b9a8e9c5efe67abf542e242eca4589e56dd0a0bdf3698ec51dd7cc934eeb4342
2026-02-22,2025/26,Serie A,Roma,Cremonese,3,0,9,1,10,football-data-csv,I1_2526.csv,https://www.football-data.co.uk/mmz4281/202526/I1.csv,2026-08-04 21:38:16,1018,30b66cbd96e22d5b7b7259bf7f0914f615ae41cd1cb6b7d8e05130157386bd1f
2026-02-23,2025/26,Serie A,Bologna,Udinese,1,0,4,7,11,football-data-csv,I1_2526.csv,https://www.football-data.co.uk/mmz4281/202526/I1.csv,2026-08-04 21:38:16,1019,e26fc19e6ae99db422ab385407cc415fbfae1bc5dc2fd120f3f6de1862fe76fd
2026-02-23,2025/26,Serie A,Fiorentina,Pisa,1,0,4,3,7,football-data-csv,I1_2526.csv,https://www.football-data.co.uk/mmz4281/202526/I1.csv,2026-08-04 21:38:16,1020,fc9043ef8850c64f81124e745f4487a3d2147c0ec430f863105f62eb865f4b0f
2026-02-27,2025/26,Serie A,Parma,Cagliari,1,1,6,3,9,football-data-csv,I1_2526.csv,https://www.football-data.co.uk/mmz4281/202526/I1.csv,2026-08-04 21:38:16,1021,f6197dab684314931512bbac90b3a4b66a386fa5de00d563dd5fa71601cf7d06
2026-02-28,2025/26,Serie A,Como,Lecce,3,1,5,1,6,football-data-csv,I1_2526.csv,https://www.football-data.co.uk/mmz4281/202526/I1.csv,2026-08-04 21:38:16,1022,d820d163b06dd63cfa48b0388a652bf892b350582c453f4c493247e4f285f0e0
2026-02-28,2025/26,Serie A,Inter,Genoa,2,0,10,2,12,football-data-csv,I1_2526.csv,https://www.football-data.co.uk/mmz4281/202526/I1.csv,2026-08-04 21:38:16,1023,76a917669cbc71062be134f1c516a6eded206c2ea58ceeca8a02951adaf9593f
2026-02-28,2025/26,Serie A,Verona,Napoli,1,2,2,5,7,football-data-csv,I1_2526.csv,https://www.football-data.co.uk/mmz4281/202526/I1.csv,2026-08-04 21:38:16,1024,2875c73813e9cca4d19878da1b5665e14c6a4e13255579797bc2a28934f7bc9b
2026-03-01,2025/26,Serie A,Cremonese,Milan,0,2,6,7,13,football-data-csv,I1_2526.csv,https://www.football-data.co.uk/mmz4281/202526/I1.csv,2026-08-04 21:38:16,1025,509db90d0229bc76fce66c478754955dc8dab550e0f0330f3959e97273975245
2026-03-01,2025/26,Serie A,Roma,Juventus,3,3,4,1,5,football-data-csv,I1_2526.csv,https://www.football-data.co.uk/mmz4281/202526/I1.csv,2026-08-04 21:38:16,1026,3f6b73d1957a21d869ac2c99e1a3dcf21b7284d33238462e24c0e1e770a8b2c9
2026-03-01,2025/26,Serie A,Sassuolo,Atalanta,2,1,3,9,12,football-data-csv,I1_2526.csv,https://www.football-data.co.uk/mmz4281/202526/I1.csv,2026-08-04 21:38:16,1027,b4327824eb9a5676871ebfbc93493033b534198a7edf6ffcc31349c923286ec5
2026-03-01,2025/26,Serie A,Torino,Lazio,2,0,6,9,15,football-data-csv,I1_2526.csv,https://www.football-data.co.uk/mmz4281/202526/I1.csv,2026-08-04 21:38:16,1028,d94e3af68a66287dc0f6805197c74d6bcc9b2dd76b2ddf91ba7695531626b08b
2026-03-02,2025/26,Serie A,Pisa,Bologna,0,1,7,4,11,football-data-csv,I1_2526.csv,https://www.football-data.co.uk/mmz4281/202526/I1.csv,2026-08-04 21:38:16,1029,9751c1506f03f4c132b3d82dfb4859fd36d9d34a5bf86d043bcdd39ca5b0f91d
2026-03-02,2025/26,Serie A,Udinese,Fiorentina,3,0,5,2,7,football-data-csv,I1_2526.csv,https://www.football-data.co.uk/mmz4281/202526/I1.csv,2026-08-04 21:38:16,1030,9cb17d8479714ad9d701d5b155059f3418ac934733e75133d224b14d17638439
2026-03-06,2025/26,Serie A,Napoli,Torino,2,1,11,2,13,football-data-csv,I1_2526.csv,https://www.football-data.co.uk/mmz4281/202526/I1.csv,2026-08-04 21:38:16,1031,a5361b56beab010280d5ba8ebca7cdecc93c66f6f666ff647fac9f352ec55b02
2026-03-07,2025/26,Serie A,Atalanta,Udinese,2,2,11,3,14,football-data-csv,I1_2526.csv,https://www.football-data.co.uk/mmz4281/202526/I1.csv,2026-08-04 21:38:16,1032,1d8d12797941c5355983bf07ed32c175724615e523013433cd0ed308df435108
2026-03-07,2025/26,Serie A,Cagliari,Como,1,2,2,3,5,football-data-csv,I1_2526.csv,https://www.football-data.co.uk/mmz4281/202526/I1.csv,2026-08-04 21:38:16,1033,78722a0ac58ced55eed3ffe23eb4c7221327f5bc5ea1fa4887efe0bd85ee347d
2026-03-07,2025/26,Serie A,Juventus,Pisa,4,0,4,4,8,football-data-csv,I1_2526.csv,https://www.football-data.co.uk/mmz4281/202526/I1.csv,2026-08-04 21:38:16,1034,0e08c6d9badda33e1b0fec0310e07f12f6cacd847bef3b41265f9df82a3312ef
2026-03-08,2025/26,Serie A,Bologna,Verona,1,2,5,3,8,football-data-csv,I1_2526.csv,https://www.football-data.co.uk/mmz4281/202526/I1.csv,2026-08-04 21:38:16,1035,22e5a13a967651d135afd694b758eaac3dcfe80fbe60c26cd7207ff9decec6b1
2026-03-08,2025/26,Serie A,Fiorentina,Parma,0,0,7,1,8,football-data-csv,I1_2526.csv,https://www.football-data.co.uk/mmz4281/202526/I1.csv,2026-08-04 21:38:16,1036,85dd1317a184264fe5ec17ab7ed8650f7d687f79680e9eca828b2dc9a81fe3f4
2026-03-08,2025/26,Serie A,Genoa,Roma,2,1,3,6,9,football-data-csv,I1_2526.csv,https://www.football-data.co.uk/mmz4281/202526/I1.csv,2026-08-04 21:38:16,1037,b7f018cf0d8f6cc56cf9c4de3ad6209993ec454dd5b73e3c2f6c46ad6218055c
2026-03-08,2025/26,Serie A,Lecce,Cremonese,2,1,4,4,8,football-data-csv,I1_2526.csv,https://www.football-data.co.uk/mmz4281/202526/I1.csv,2026-08-04 21:38:16,1038,ea80ad2a0cf5d2f65e987946584f36ebde06f46fb9a5db6f9fe028e685c4b2a2
2026-03-08,2025/26,Serie A,Milan,Inter,1,0,1,6,7,football-data-csv,I1_2526.csv,https://www.football-data.co.uk/mmz4281/202526/I1.csv,2026-08-04 21:38:16,1039,b554aadb8dfa48e97c3d99ab5c5470bfd71139aea437b0d8d37a7192c821fc6b
2026-03-09,2025/26,Serie A,Lazio,Sassuolo,2,1,1,6,7,football-data-csv,I1_2526.csv,https://www.football-data.co.uk/mmz4281/202526/I1.csv,2026-08-04 21:38:16,1040,c62539ac61a37715560cea697219c7624999fe96b9b0443eeba5cc80695a135f
2026-03-13,2025/26,Serie A,Torino,Parma,4,1,2,7,9,football-data-csv,I1_2526.csv,https://www.football-data.co.uk/mmz4281/202526/I1.csv,2026-08-04 21:38:16,1041,d7e63a7cc353905a2effb914a1a2ad22f743287a16594d8fc2210c72e1ea9078
2026-03-14,2025/26,Serie A,Inter,Atalanta,1,1,2,3,5,football-data-csv,I1_2526.csv,https://www.football-data.co.uk/mmz4281/202526/I1.csv,2026-08-04 21:38:16,1042,8f421c2344380202677f5cef039e3a9e86cd601b0a83b7b13b565e2d5daeaa71
2026-03-14,2025/26,Serie A,Napoli,Lecce,2,1,7,7,14,football-data-csv,I1_2526.csv,https://www.football-data.co.uk/mmz4281/202526/I1.csv,2026-08-04 21:38:16,1043,5add42a858fc6ac37dbe01a781f79f85c541ffe84bcbeb84f3a02496d2d15167
2026-03-14,2025/26,Serie A,Udinese,Juventus,0,1,2,6,8,football-data-csv,I1_2526.csv,https://www.football-data.co.uk/mmz4281/202526/I1.csv,2026-08-04 21:38:16,1044,652f372602e380ab5be161b7775412a696ac164177deed78b2d17ceaa5128701
2026-03-15,2025/26,Serie A,Como,Roma,2,1,7,1,8,football-data-csv,I1_2526.csv,https://www.football-data.co.uk/mmz4281/202526/I1.csv,2026-08-04 21:38:16,1045,fa7310faf16cfa4dd6e99d392fa4f5d6b730e4909f1c0d04dc012820028bd712
2026-03-15,2025/26,Serie A,Lazio,Milan,1,0,1,9,10,football-data-csv,I1_2526.csv,https://www.football-data.co.uk/mmz4281/202526/I1.csv,2026-08-04 21:38:16,1046,e33e833c6dd760bdb92612a381edc027103f1d2596c186f7029a060263a8bc14
2026-03-15,2025/26,Serie A,Pisa,Cagliari,3,1,1,5,6,football-data-csv,I1_2526.csv,https://www.football-data.co.uk/mmz4281/202526/I1.csv,2026-08-04 21:38:16,1047,c98fe27d678dc9eee6337140ff62da4c667e037c3cc1823872cd126f0e8b5c55
2026-03-15,2025/26,Serie A,Sassuolo,Bologna,0,1,7,4,11,football-data-csv,I1_2526.csv,https://www.football-data.co.uk/mmz4281/202526/I1.csv,2026-08-04 21:38:16,1048,828374ab9186cb0e7a7abc4a3e036bf58dfd1586d16c12eac66556221e2758cb
2026-03-15,2025/26,Serie A,Verona,Genoa,0,2,4,2,6,football-data-csv,I1_2526.csv,https://www.football-data.co.uk/mmz4281/202526/I1.csv,2026-08-04 21:38:16,1049,4e2424c59927ba7aa581afbb1906cb0c39b448b82fc142b4ad2d66cb392156d7
2026-03-16,2025/26,Serie A,Cremonese,Fiorentina,1,4,4,6,10,football-data-csv,I1_2526.csv,https://www.football-data.co.uk/mmz4281/202526/I1.csv,2026-08-04 21:38:16,1050,b57bdde375744fb199f4c21a042164544438f09229f94ac712d57992ad2029d5
2026-03-20,2025/26,Serie A,Cagliari,Napoli,0,1,2,7,9,football-data-csv,I1_2526.csv,https://www.football-data.co.uk/mmz4281/202526/I1.csv,2026-08-04 21:38:16,1051,a49ebce9fdee096cbb4b1b60b7215ee7553e299fcee276819da8e995f9b43a9b
2026-03-20,2025/26,Serie A,Genoa,Udinese,0,2,7,1,8,football-data-csv,I1_2526.csv,https://www.football-data.co.uk/mmz4281/202526/I1.csv,2026-08-04 21:38:16,1052,961505dc94984b4d7f6ec579a046b4665c86f71425cadaff9f69970e8dac920b
2026-03-21,2025/26,Serie A,Juventus,Sassuolo,1,1,9,4,13,football-data-csv,I1_2526.csv,https://www.football-data.co.uk/mmz4281/202526/I1.csv,2026-08-04 21:38:16,1053,06baf407eb0add8d3753f811c9f775f5c8058b56a4f2d848b047c3dc1619cf38
2026-03-21,2025/26,Serie A,Milan,Torino,3,2,4,6,10,football-data-csv,I1_2526.csv,https://www.football-data.co.uk/mmz4281/202526/I1.csv,2026-08-04 21:38:16,1054,307a09554b0b2438004a559f4b807ece2b7942f3a1fc37cfd50e63e21b7a3e40
2026-03-21,2025/26,Serie A,Parma,Cremonese,0,2,3,1,4,football-data-csv,I1_2526.csv,https://www.football-data.co.uk/mmz4281/202526/I1.csv,2026-08-04 21:38:16,1055,e98e910e359b1cd25469fcf2a2bee5c6f3c2c5a462ab2cc92ead03c85f5b7eb7
2026-03-22,2025/26,Serie A,Atalanta,Verona,1,0,2,4,6,football-data-csv,I1_2526.csv,https://www.football-data.co.uk/mmz4281/202526/I1.csv,2026-08-04 21:38:16,1056,c68fe183e687ffedd614e5c4949a796530a3ee82d624393fd0ef0d3f037090f9
2026-03-22,2025/26,Serie A,Bologna,Lazio,0,2,2,1,3,football-data-csv,I1_2526.csv,https://www.football-data.co.uk/mmz4281/202526/I1.csv,2026-08-04 21:38:16,1057,28ad43dc7e0eaad5bdbdb6529b02c75c2ffd76e7234c33c26d5ae84933a80b4f
2026-03-22,2025/26,Serie A,Como,Pisa,5,0,7,1,8,football-data-csv,I1_2526.csv,https://www.football-data.co.uk/mmz4281/202526/I1.csv,2026-08-04 21:38:16,1058,96e762b6508a6fd854e8f33bee04283c3a692e53910c9b61272abae8b3dcfa30
2026-03-22,2025/26,Serie A,Fiorentina,Inter,1,1,3,5,8,football-data-csv,I1_2526.csv,https://www.football-data.co.uk/mmz4281/202526/I1.csv,2026-08-04 21:38:16,1059,8cb446b0912ab92b76cb0137aaa0bb9f61436160d1184013ef83ad1fedbfe18a
2026-03-22,2025/26,Serie A,Roma,Lecce,1,0,10,2,12,football-data-csv,I1_2526.csv,https://www.football-data.co.uk/mmz4281/202526/I1.csv,2026-08-04 21:38:16,1060,a453a68fd55dcf54406e133cd7aeaa2dcac4c7cbd66e3e8e75e70e7cbeb04210
2026-04-04,2025/26,Serie A,Lazio,Parma,1,1,7,2,9,football-data-csv,I1_2526.csv,https://www.football-data.co.uk/mmz4281/202526/I1.csv,2026-08-04 21:38:16,1061,a95af67ae7a1f1efa5558bfc87963831a48c250758ec3f8fa6063053cda45004
2026-04-04,2025/26,Serie A,Sassuolo,Cagliari,2,1,2,2,4,football-data-csv,I1_2526.csv,https://www.football-data.co.uk/mmz4281/202526/I1.csv,2026-08-04 21:38:16,1062,28998008affb9148c3ee7d46272a9d0cc978d8a9168a7b4a15580150c213a041
2026-04-04,2025/26,Serie A,Verona,Fiorentina,0,1,9,1,10,football-data-csv,I1_2526.csv,https://www.football-data.co.uk/mmz4281/202526/I1.csv,2026-08-04 21:38:16,1063,0a5692529f5c430133504479359cfbdd51f22fc6faef5cf6a496d11caa3df641
2026-04-05,2025/26,Serie A,Cremonese,Bologna,1,2,2,4,6,football-data-csv,I1_2526.csv,https://www.football-data.co.uk/mmz4281/202526/I1.csv,2026-08-04 21:38:16,1064,649f624c58afd0445565b97aa4ba970fbd9a49f5ae398020686561a281c32a0b
2026-04-05,2025/26,Serie A,Inter,Roma,5,2,7,4,11,football-data-csv,I1_2526.csv,https://www.football-data.co.uk/mmz4281/202526/I1.csv,2026-08-04 21:38:16,1065,ab315f02180f2812b30f4958ef74bc7ab5f8608db606914e871579eb986ae677
2026-04-05,2025/26,Serie A,Pisa,Torino,0,1,1,2,3,football-data-csv,I1_2526.csv,https://www.football-data.co.uk/mmz4281/202526/I1.csv,2026-08-04 21:38:16,1066,e77a737e38fbe78df3c89ac5b2a2ae5f5668999c35aac4a5e0d255799109c11b
2026-04-06,2025/26,Serie A,Juventus,Genoa,2,0,5,5,10,football-data-csv,I1_2526.csv,https://www.football-data.co.uk/mmz4281/202526/I1.csv,2026-08-04 21:38:16,1067,aa570c9476b5edc3c664ba8e52a04f4255b46eb465a6730dfa737b5cb7a7f2d9
2026-04-06,2025/26,Serie A,Lecce,Atalanta,0,3,2,5,7,football-data-csv,I1_2526.csv,https://www.football-data.co.uk/mmz4281/202526/I1.csv,2026-08-04 21:38:16,1068,dfb820b60607978305ecbd9fda3514502625e2c3a871b70d8b8218e5cde88b6b
2026-04-06,2025/26,Serie A,Napoli,Milan,1,0,4,3,7,football-data-csv,I1_2526.csv,https://www.football-data.co.uk/mmz4281/202526/I1.csv,2026-08-04 21:38:16,1069,0761fe1728043bc47fda1b4a1942ea400e51f9998ed5f29687da86b3a74e92ae
2026-04-06,2025/26,Serie A,Udinese,Como,0,0,6,2,8,football-data-csv,I1_2526.csv,https://www.football-data.co.uk/mmz4281/202526/I1.csv,2026-08-04 21:38:16,1070,517569db6d6f6cc242caeb5186e200b688129285136e04b43f5b053ad2c4a9b6
2026-04-10,2025/26,Serie A,Roma,Pisa,3,0,1,3,4,football-data-csv,I1_2526.csv,https://www.football-data.co.uk/mmz4281/202526/I1.csv,2026-08-04 21:38:16,1071,5984aa5fa086f6e20bd73c7e39b2e50225fbb3d16da4ec5b51bd01ca7ae36239
2026-04-11,2025/26,Serie A,Atalanta,Juventus,0,1,13,2,15,football-data-csv,I1_2526.csv,https://www.football-data.co.uk/mmz4281/202526/I1.csv,2026-08-04 21:38:16,1072,db0a8a5a236103786554410168cd80c87ba155128f286794a7c641b2525a6b01
2026-04-11,2025/26,Serie A,Cagliari,Cremonese,1,0,6,5,11,football-data-csv,I1_2526.csv,https://www.football-data.co.uk/mmz4281/202526/I1.csv,2026-08-04 21:38:16,1073,a7eb40e8cb107d166bf7148f2dfd70a2a80c0dfdcdeb63ec5da5c54353603da9
2026-04-11,2025/26,Serie A,Milan,Udinese,0,3,4,3,7,football-data-csv,I1_2526.csv,https://www.football-data.co.uk/mmz4281/202526/I1.csv,2026-08-04 21:38:16,1074,bea7d0d45f2ada99204e9bdeaf86308771a9c75228c72a40597bcca260a2cdb7
2026-04-11,2025/26,Serie A,Torino,Verona,2,1,3,6,9,football-data-csv,I1_2526.csv,https://www.football-data.co.uk/mmz4281/202526/I1.csv,2026-08-04 21:38:16,1075,4422aa7f258308d3af736127dccc30dfd9646002fba6bdd3bfdc2bf05e1cd554
2026-04-12,2025/26,Serie A,Bologna,Lecce,2,0,8,6,14,football-data-csv,I1_2526.csv,https://www.football-data.co.uk/mmz4281/202526/I1.csv,2026-08-04 21:38:16,1076,4b33f8714bd3636224cecc8a5482b2d5fbf6c2d9ab9819664a3810d9384051dd
2026-04-12,2025/26,Serie A,Como,Inter,3,4,1,1,2,football-data-csv,I1_2526.csv,https://www.football-data.co.uk/mmz4281/202526/I1.csv,2026-08-04 21:38:16,1077,93824544bf56c31774dd45b51a6835cdf63f0e7519ac06e218fe54ca79635598
2026-04-12,2025/26,Serie A,Genoa,Sassuolo,2,1,5,3,8,football-data-csv,I1_2526.csv,https://www.football-data.co.uk/mmz4281/202526/I1.csv,2026-08-04 21:38:16,1078,2874cade55ad6764db271c391f20c946371c5552cc0ff2d1fd5a41b88becbbb0
2026-04-12,2025/26,Serie A,Parma,Napoli,1,1,3,7,10,football-data-csv,I1_2526.csv,https://www.football-data.co.uk/mmz4281/202526/I1.csv,2026-08-04 21:38:16,1079,562471f0e96b69cafe6b360f69ed1062cd7aa4b783edb5e61a41613b9a2bb7d6
2026-04-13,2025/26,Serie A,Fiorentina,Lazio,1,0,5,6,11,football-data-csv,I1_2526.csv,https://www.football-data.co.uk/mmz4281/202526/I1.csv,2026-08-04 21:38:16,1080,ed9bd192820f854f67d2cc3d0b24037d59f91a791dbc01cf138870e33c000781
2026-04-17,2025/26,Serie A,Inter,Cagliari,3,0,4,9,13,football-data-csv,I1_2526.csv,https://www.football-data.co.uk/mmz4281/202526/I1.csv,2026-08-04 21:38:16,1081,54518b7a0f222070600f784ee8c864e53d830db89244b788c4749a2848ff61cf
2026-04-17,2025/26,Serie A,Sassuolo,Como,2,1,5,8,13,football-data-csv,I1_2526.csv,https://www.football-data.co.uk/mmz4281/202526/I1.csv,2026-08-04 21:38:16,1082,5512faec7d8009c71b3d9ba34af0a774bffe6c04fbc2fe236ce31f99181bfd3f
2026-04-18,2025/26,Serie A,Napoli,Lazio,0,2,12,0,12,football-data-csv,I1_2526.csv,https://www.football-data.co.uk/mmz4281/202526/I1.csv,2026-08-04 21:38:16,1083,df698e0b18702ceca39c88556d23ae3efd23a686579dc7dcbbed36fe5fbc402c
2026-04-18,2025/26,Serie A,Roma,Atalanta,1,1,7,6,13,football-data-csv,I1_2526.csv,https://www.football-data.co.uk/mmz4281/202526/I1.csv,2026-08-04 21:38:16,1084,52605bff61e93693a6296e78b6d2610aa1e214b62d1b404d6d24c4bc89f7e8e3
2026-04-18,2025/26,Serie A,Udinese,Parma,0,1,10,5,15,football-data-csv,I1_2526.csv,https://www.football-data.co.uk/mmz4281/202526/I1.csv,2026-08-04 21:38:16,1085,4a9b679643984199fe229004a625c9f37e9b3dc1de14d007bc400a067447ff7f
2026-04-19,2025/26,Serie A,Cremonese,Torino,0,0,6,1,7,football-data-csv,I1_2526.csv,https://www.football-data.co.uk/mmz4281/202526/I1.csv,2026-08-04 21:38:16,1086,667db9b57854a813a5f32f49e90cb1fbcf6883f72c1f52ad3bce25c3fb0e0569
2026-04-19,2025/26,Serie A,Juventus,Bologna,2,0,6,1,7,football-data-csv,I1_2526.csv,https://www.football-data.co.uk/mmz4281/202526/I1.csv,2026-08-04 21:38:16,1087,b0640dc9570bcad66929d6f14802f52060dfd392e89e51f754a90c47dca5790e
2026-04-19,2025/26,Serie A,Pisa,Genoa,1,2,5,5,10,football-data-csv,I1_2526.csv,https://www.football-data.co.uk/mmz4281/202526/I1.csv,2026-08-04 21:38:16,1088,010ed21b3211bc7809007786b7ca5218169184553712bd5e5d612aa6fb7bd4bf
2026-04-19,2025/26,Serie A,Verona,Milan,0,1,6,1,7,football-data-csv,I1_2526.csv,https://www.football-data.co.uk/mmz4281/202526/I1.csv,2026-08-04 21:38:16,1089,874d74be2b50945195233d7bfe85a13a4131b1748eb5394331a53b89146a06d6
2026-04-20,2025/26,Serie A,Lecce,Fiorentina,1,1,5,2,7,football-data-csv,I1_2526.csv,https://www.football-data.co.uk/mmz4281/202526/I1.csv,2026-08-04 21:38:16,1090,524f8bf166e9af93fd1ad275a995e5067bfc6f07da170745859effb2cc9b5077
2026-04-24,2025/26,Serie A,Napoli,Cremonese,4,0,7,5,12,football-data-csv,I1_2526.csv,https://www.football-data.co.uk/mmz4281/202526/I1.csv,2026-08-04 21:38:16,1091,0c90157e458b6581c45ea4afcc4d5875dcde40e5e7799cfa780700783ee5f968
2026-04-25,2025/26,Serie A,Bologna,Roma,0,2,7,7,14,football-data-csv,I1_2526.csv,https://www.football-data.co.uk/mmz4281/202526/I1.csv,2026-08-04 21:38:16,1092,adc29530e34ef83295e4b668320bc21e0415fcfaaac5bf46423249eccb6083d5
2026-04-25,2025/26,Serie A,Parma,Pisa,1,0,7,4,11,football-data-csv,I1_2526.csv,https://www.football-data.co.uk/mmz4281/202526/I1.csv,2026-08-04 21:38:16,1093,7867001537f8983505be3d1b61348a84cb273ca1587d8f710c6adafb75d24912
2026-04-25,2025/26,Serie A,Verona,Lecce,0,0,2,4,6,football-data-csv,I1_2526.csv,https://www.football-data.co.uk/mmz4281/202526/I1.csv,2026-08-04 21:38:16,1094,a166c78932e58af903eafb1cf52b486f5f13f9b86e9e7fad5d69b22d0ef6ad10
2026-04-26,2025/26,Serie A,Fiorentina,Sassuolo,0,0,7,4,11,football-data-csv,I1_2526.csv,https://www.football-data.co.uk/mmz4281/202526/I1.csv,2026-08-04 21:38:16,1095,7d0a91abcdfc7667cbd3dd08681ff8ef5ae7f58a7adaaa0a9d52445f63f7df67
2026-04-26,2025/26,Serie A,Genoa,Como,0,2,2,3,5,football-data-csv,I1_2526.csv,https://www.football-data.co.uk/mmz4281/202526/I1.csv,2026-08-04 21:38:16,1096,f0fccd463211e63b9a9bcdaf410d0dedcdb943b8c69813af61a1d2780b488cb6
2026-04-26,2025/26,Serie A,Milan,Juventus,0,0,1,3,4,football-data-csv,I1_2526.csv,https://www.football-data.co.uk/mmz4281/202526/I1.csv,2026-08-04 21:38:16,1097,03d06ac1dc7873260667e29139c1f3e1afbd1753a60d8933def5eb2c2bc641d8
2026-04-26,2025/26,Serie A,Torino,Inter,2,2,5,5,10,football-data-csv,I1_2526.csv,https://www.football-data.co.uk/mmz4281/202526/I1.csv,2026-08-04 21:38:16,1098,60a6a5866f67730c9986af7f057f16e5a439e2dd57cd8dccb3d1b5b737fcf2fd
2026-04-27,2025/26,Serie A,Cagliari,Atalanta,3,2,4,6,10,football-data-csv,I1_2526.csv,https://www.football-data.co.uk/mmz4281/202526/I1.csv,2026-08-04 21:38:16,1099,55c1217c0195417a674d97684d4bb706646434ef8b9b1dd198fe7203357b91b7
2026-04-27,2025/26,Serie A,Lazio,Udinese,3,3,4,5,9,football-data-csv,I1_2526.csv,https://www.football-data.co.uk/mmz4281/202526/I1.csv,2026-08-04 21:38:16,1100,6c9bbcc16366409bf77d7fba4f54bf632b018c2eac6219fa7040f0acacd51494
2026-05-01,2025/26,Serie A,Pisa,Lecce,1,2,6,1,7,football-data-csv,I1_2526.csv,https://www.football-data.co.uk/mmz4281/202526/I1.csv,2026-08-04 21:38:16,1101,dc868ad404c633714226c4d09511fd5f8e25680807c1c6f1f010e28aec275042
2026-05-02,2025/26,Serie A,Atalanta,Genoa,0,0,6,2,8,football-data-csv,I1_2526.csv,https://www.football-data.co.uk/mmz4281/202526/I1.csv,2026-08-04 21:38:16,1102,d7b777f3421f4aba5c6eb421d3c6633fb97e9c0f1f09079bb3e7c29bdf026479
2026-05-02,2025/26,Serie A,Como,Napoli,0,0,3,2,5,football-data-csv,I1_2526.csv,https://www.football-data.co.uk/mmz4281/202526/I1.csv,2026-08-04 21:38:16,1103,3acd56149214380c60cd286d6574df46092c2f3fad2c9822d009c5615eed01f6
2026-05-02,2025/26,Serie A,Udinese,Torino,2,0,5,2,7,football-data-csv,I1_2526.csv,https://www.football-data.co.uk/mmz4281/202526/I1.csv,2026-08-04 21:38:16,1104,24c06064b65af32f8fdce62366045725c54d86fedc82dcd00dc9c2412b6b9852
2026-05-03,2025/26,Serie A,Bologna,Cagliari,0,0,7,2,9,football-data-csv,I1_2526.csv,https://www.football-data.co.uk/mmz4281/202526/I1.csv,2026-08-04 21:38:16,1105,06991414b05c4fc943690fea005b45f45d7d995023397492ec057ba9066cf99b
2026-05-03,2025/26,Serie A,Inter,Parma,2,0,8,3,11,football-data-csv,I1_2526.csv,https://www.football-data.co.uk/mmz4281/202526/I1.csv,2026-08-04 21:38:16,1106,09c6696918760e49ca133697881ab76092a5910acfe65f2a2a8c0ccb8b8fc497
2026-05-03,2025/26,Serie A,Juventus,Verona,1,1,14,1,15,football-data-csv,I1_2526.csv,https://www.football-data.co.uk/mmz4281/202526/I1.csv,2026-08-04 21:38:16,1107,22089d8db812ebb653a562826ac48d1ee28688d3b16db10ac610aa6b93c20c5a
2026-05-03,2025/26,Serie A,Sassuolo,Milan,2,0,2,3,5,football-data-csv,I1_2526.csv,https://www.football-data.co.uk/mmz4281/202526/I1.csv,2026-08-04 21:38:16,1108,6f184d58ac2d96a28cc1ab5b3084c5d6460310e264143008ecc80512a4e98d66
2026-05-04,2025/26,Serie A,Cremonese,Lazio,1,2,3,3,6,football-data-csv,I1_2526.csv,https://www.football-data.co.uk/mmz4281/202526/I1.csv,2026-08-04 21:38:16,1109,056dfcaa74d6aa0e8a4f13fd1b2d8e33b226974251036689123970458e16290c
2026-05-04,2025/26,Serie A,Roma,Fiorentina,4,0,4,5,9,football-data-csv,I1_2526.csv,https://www.football-data.co.uk/mmz4281/202526/I1.csv,2026-08-04 21:38:16,1110,81ad9bb45a5ce80e9da0b3b63adc30b3e7abcca72e918d75d54004299ed53981
2026-05-08,2025/26,Serie A,Torino,Sassuolo,2,1,7,5,12,football-data-csv,I1_2526.csv,https://www.football-data.co.uk/mmz4281/202526/I1.csv,2026-08-04 21:38:16,1111,05a142f91c38f1cb31bd06fef49a11ca1f525dc81c47eac66aa8755b970014e5
2026-05-09,2025/26,Serie A,Cagliari,Udinese,0,2,8,4,12,football-data-csv,I1_2526.csv,https://www.football-data.co.uk/mmz4281/202526/I1.csv,2026-08-04 21:38:16,1112,483fe84774edc44b25f6c771eed86c07f1959bec498bfd82292f88c5db80f1b3
2026-05-09,2025/26,Serie A,Lazio,Inter,0,3,5,1,6,football-data-csv,I1_2526.csv,https://www.football-data.co.uk/mmz4281/202526/I1.csv,2026-08-04 21:38:16,1113,13ab5f33fbdbc8129f48338ca0622cf71220f5ce73a5ed2e5852d97532f71a91
2026-05-09,2025/26,Serie A,Lecce,Juventus,0,1,1,7,8,football-data-csv,I1_2526.csv,https://www.football-data.co.uk/mmz4281/202526/I1.csv,2026-08-04 21:38:16,1114,74b115d82d8fa28bee22cde98ecf8dae29c6dccf5ae2635bdf8cadc2982bd8e5
2026-05-10,2025/26,Serie A,Cremonese,Pisa,3,0,7,1,8,football-data-csv,I1_2526.csv,https://www.football-data.co.uk/mmz4281/202526/I1.csv,2026-08-04 21:38:16,1115,48b83df5a9d8365729534b2f5007be8264ce1295fd189ae7d1af90121c203152
2026-05-10,2025/26,Serie A,Fiorentina,Genoa,0,0,4,3,7,football-data-csv,I1_2526.csv,https://www.football-data.co.uk/mmz4281/202526/I1.csv,2026-08-04 21:38:16,1116,e1072d3ce397fdb6981217f1b521c106f8b49a24b8f8c8686736ee72a7341e8d
2026-05-10,2025/26,Serie A,Milan,Atalanta,2,3,2,2,4,football-data-csv,I1_2526.csv,https://www.football-data.co.uk/mmz4281/202526/I1.csv,2026-08-04 21:38:16,1117,d8ae7d1895adcfdb7ebb110b5935f83ae3889b8baa0d8031db7c409b9805a09d
2026-05-10,2025/26,Serie A,Parma,Roma,2,3,3,6,9,football-data-csv,I1_2526.csv,https://www.football-data.co.uk/mmz4281/202526/I1.csv,2026-08-04 21:38:16,1118,44060a5999538e108ca940dbc5f1f11700a5b003dd14df67bedd7500aaf54052
2026-05-10,2025/26,Serie A,Verona,Como,0,1,7,7,14,football-data-csv,I1_2526.csv,https://www.football-data.co.uk/mmz4281/202526/I1.csv,2026-08-04 21:38:16,1119,4a39fdeefd6a8682aea89ca51fe03a18b33bdafb18f199a93a76f43266a78d06
2026-05-11,2025/26,Serie A,Napoli,Bologna,2,3,7,1,8,football-data-csv,I1_2526.csv,https://www.football-data.co.uk/mmz4281/202526/I1.csv,2026-08-04 21:38:16,1120,8fc727abd9badc399aff26d392f4af58ecd48a2775d570d9e6361cb342c27877
2026-05-17,2025/26,Serie A,Atalanta,Bologna,0,1,2,5,7,football-data-csv,I1_2526.csv,https://www.football-data.co.uk/mmz4281/202526/I1.csv,2026-08-04 21:38:16,1121,f237c3602ed3acaa4ec6f8c3ebb767593658e9dcbb926d0c781db7fff0290ea7
2026-05-17,2025/26,Serie A,Cagliari,Torino,2,1,5,1,6,football-data-csv,I1_2526.csv,https://www.football-data.co.uk/mmz4281/202526/I1.csv,2026-08-04 21:38:16,1122,52db5a11215821f8b92172a75c5cd58f64d2f5ae34a6ce2677c7567f998639e5
2026-05-17,2025/26,Serie A,Como,Parma,1,0,15,2,17,football-data-csv,I1_2526.csv,https://www.football-data.co.uk/mmz4281/202526/I1.csv,2026-08-04 21:38:16,1123,fb78e07febf0c56bb205891f8476cd0df7fc8ec170a4304e6f0c010694751249
2026-05-17,2025/26,Serie A,Genoa,Milan,1,2,4,4,8,football-data-csv,I1_2526.csv,https://www.football-data.co.uk/mmz4281/202526/I1.csv,2026-08-04 21:38:16,1124,f175db3ff7ed5e52e4e72865e819ba3b3993d69e5f6f0590e53a3191e91a7d64
2026-05-17,2025/26,Serie A,Inter,Verona,1,1,10,2,12,football-data-csv,I1_2526.csv,https://www.football-data.co.uk/mmz4281/202526/I1.csv,2026-08-04 21:38:16,1125,38131ade8881c87c0b7633e9a15f16f43065f61459626b4d2af781624a98fcfb
2026-05-17,2025/26,Serie A,Juventus,Fiorentina,0,2,6,2,8,football-data-csv,I1_2526.csv,https://www.football-data.co.uk/mmz4281/202526/I1.csv,2026-08-04 21:38:16,1126,1b671034d181de759786ddc118a73ff777c28f564ca4d870729222feb942a679
2026-05-17,2025/26,Serie A,Pisa,Napoli,0,3,1,6,7,football-data-csv,I1_2526.csv,https://www.football-data.co.uk/mmz4281/202526/I1.csv,2026-08-04 21:38:16,1127,8710b1b33f784c9a76751eef71fb318ca5b977c30c921cd3e735608bc6112168
2026-05-17,2025/26,Serie A,Roma,Lazio,2,0,8,3,11,football-data-csv,I1_2526.csv,https://www.football-data.co.uk/mmz4281/202526/I1.csv,2026-08-04 21:38:16,1128,dff334e1a33caf50411e8346c31d939978eaf6a86152a6c850580a568619af41
2026-05-17,2025/26,Serie A,Sassuolo,Lecce,2,3,2,8,10,football-data-csv,I1_2526.csv,https://www.football-data.co.uk/mmz4281/202526/I1.csv,2026-08-04 21:38:16,1129,744123c0eeb12a33149bc661bc15ab72bbb5909670dc4321abc9f30bdbf592f1
2026-05-17,2025/26,Serie A,Udinese,Cremonese,0,1,5,5,10,football-data-csv,I1_2526.csv,https://www.football-data.co.uk/mmz4281/202526/I1.csv,2026-08-04 21:38:16,1130,464dabd5db0925029e5368cd1bb0701f7e25c690520ee2b0e9962b04d7d6723b
2026-05-22,2025/26,Serie A,Fiorentina,Atalanta,1,1,3,3,6,football-data-csv,I1_2526.csv,https://www.football-data.co.uk/mmz4281/202526/I1.csv,2026-08-04 21:38:16,1131,078cf5355e0a2b72a23a5ad1532e0a471c7e5b77216b52413c986cd6bf6e624e
2026-05-23,2025/26,Serie A,Bologna,Inter,3,3,1,4,5,football-data-csv,I1_2526.csv,https://www.football-data.co.uk/mmz4281/202526/I1.csv,2026-08-04 21:38:16,1132,9b9e610b796cfa216f0c2f20b067437bf99118cba2c8ea3e1ace8484fe28806c
2026-05-23,2025/26,Serie A,Lazio,Pisa,2,1,5,1,6,football-data-csv,I1_2526.csv,https://www.football-data.co.uk/mmz4281/202526/I1.csv,2026-08-04 21:38:16,1133,bdaa2f07ccee602cc101bd843812cc22bf10b2818d32de9a14f096a1c1b51a8e
2026-05-24,2025/26,Serie A,Cremonese,Como,1,4,2,4,6,football-data-csv,I1_2526.csv,https://www.football-data.co.uk/mmz4281/202526/I1.csv,2026-08-04 21:38:16,1134,4965b9dfdbdbfdaa106fa83098cb53aede65ecf3efe5b5020dc35fa316f43d0c
2026-05-24,2025/26,Serie A,Lecce,Genoa,1,0,1,6,7,football-data-csv,I1_2526.csv,https://www.football-data.co.uk/mmz4281/202526/I1.csv,2026-08-04 21:38:16,1135,31ebe7eb7fcee7c8a285ce6389fa77b5d4fb448686a3b31a94fd12dde37a745a
2026-05-24,2025/26,Serie A,Milan,Cagliari,1,2,5,5,10,football-data-csv,I1_2526.csv,https://www.football-data.co.uk/mmz4281/202526/I1.csv,2026-08-04 21:38:16,1136,f964c859d5a472d0004f5afad4d9e71396d209150b187f2822478ff5ccf0aa72
2026-05-24,2025/26,Serie A,Napoli,Udinese,1,0,3,3,6,football-data-csv,I1_2526.csv,https://www.football-data.co.uk/mmz4281/202526/I1.csv,2026-08-04 21:38:16,1137,ab249c23882476e574586ae1ca9e1438ba351ab242c01192abd1c0926bc5ff37
2026-05-24,2025/26,Serie A,Parma,Sassuolo,1,0,1,1,2,football-data-csv,I1_2526.csv,https://www.football-data.co.uk/mmz4281/202526/I1.csv,2026-08-04 21:38:16,1138,0f05106b4e2c0676b03552b774c0323bb597141cdaa653be7835a25eb06a6224
2026-05-24,2025/26,Serie A,Torino,Juventus,2,2,6,6,12,football-data-csv,I1_2526.csv,https://www.football-data.co.uk/mmz4281/202526/I1.csv,2026-08-04 21:38:16,1139,982be3bc00eb2e54b800771bc74609ed991717806a0d183505e046944450354d
2026-05-24,2025/26,Serie A,Verona,Roma,0,2,6,6,12,football-data-csv,I1_2526.csv,https://www.football-data.co.uk/mmz4281/202526/I1.csv,2026-08-04 21:38:16,1140,774b31cdd09af89e3ad30f08a61394dc6a94303dff495d260eab4661e0457d78
