match_id,market,closing_odds,predicted_probability,model_confidence,fair_odds,market_edge,ev,kelly_fraction,half_kelly,recommended_stake,decision_confidence_score,decision,row_order,paper_trade_row_id,fixture_id,provider_fixture_id,kickoff_utc,season,date,home_team,away_team,bookmaker,line,side,target_name,market_support_status,scoring_status,source,source_fixture_id,provider_event_id,raw_response_hash,snapshot_timestamp,minutes_to_kickoff,opening_odds,confidence_score,decision_state,predicted_total_corners,data_quality_score,insufficient_history,home_matches_played,away_matches_played,combined_volatility,model_artifact,model_hash,feature_schema_hash,feature_vector_version,prediction_timestamp,model_version,decision_reason,stake,market_implied_probability,edge,run_id
1,TOTAL_CORNERS_OVER,3.15,0.30986191829333365,0.6201373674689059,3.227243946296559,-0.007598399166983794,-0.023934957375999044,0.0,0.0,0.0,62.013736746890594,NO BET,0,1:BetRivers:TOTAL_CORNERS_OVER:10.5:OVER,1,,,2023/24,2023-08-19,Empoli,Verona,BetRivers,10.5,OVER,over_10_5,SUPPORTED,SCORED,the-odds-api,ed57c6f67558fabe25c4634ca959ee01,ed57c6f67558fabe25c4634ca959ee01,,2026-08-13T11:17:24Z,,3.15,62.013736746890594,ABSTAIN,50.0,0.0,True,0.0,0.0,0.0,/Users/saverio/Documents/CornerLab/CornerLab/models/research/over_10_5_negative_binomial_probability.pkl,45cbba073d9e3f1fb1ab04753c9435aa68b90a6ee657e1fa145aef1b9654efca,9878dffd54928273ddc7cee56d4478b99375bb955f9fd79fb791ed941e2f6101,over_10_5,2026-08-13T11:17:24Z,negative_binomial_probability,NON_POSITIVE_EV,0.0,0.31746031746031744,-0.007598399166983794,prematch-20260813T135810Z-506538be
1,TOTAL_CORNERS_OVER,3.15,0.30986191829333365,0.6201373674689059,3.227243946296559,-0.007598399166983794,-0.023934957375999044,0.0,0.0,0.0,62.013736746890594,NO BET,1,1:BetRivers:TOTAL_CORNERS_OVER:10.5:OVER,1,,,2023/24,2023-08-19,Empoli,Verona,BetRivers,10.5,OVER,over_10_5,SUPPORTED,SCORED,the-odds-api,ed57c6f67558fabe25c4634ca959ee01,ed57c6f67558fabe25c4634ca959ee01,,2026-08-13T11:34:06Z,,3.15,62.013736746890594,ABSTAIN,50.0,0.0,True,0.0,0.0,0.0,/Users/saverio/Documents/CornerLab/CornerLab/models/research/over_10_5_negative_binomial_probability.pkl,45cbba073d9e3f1fb1ab04753c9435aa68b90a6ee657e1fa145aef1b9654efca,9878dffd54928273ddc7cee56d4478b99375bb955f9fd79fb791ed941e2f6101,over_10_5,2026-08-13T11:34:06Z,negative_binomial_probability,NON_POSITIVE_EV,0.0,0.31746031746031744,-0.007598399166983794,prematch-20260813T135810Z-506538be
1,TOTAL_CORNERS_OVER,3.15,0.30986191829333365,0.6201373674689059,3.227243946296559,-0.007598399166983794,-0.023934957375999044,0.0,0.0,0.0,62.013736746890594,NO BET,2,1:BetRivers:TOTAL_CORNERS_OVER:10.5:OVER,1,,,2023/24,2023-08-19,Empoli,Verona,BetRivers,10.5,OVER,over_10_5,SUPPORTED,SCORED,the-odds-api,ed57c6f67558fabe25c4634ca959ee01,ed57c6f67558fabe25c4634ca959ee01,,2026-08-13T12:30:49Z,,3.15,62.013736746890594,ABSTAIN,50.0,0.0,True,0.0,0.0,0.0,/Users/saverio/Documents/CornerLab/CornerLab/models/research/over_10_5_negative_binomial_probability.pkl,45cbba073d9e3f1fb1ab04753c9435aa68b90a6ee657e1fa145aef1b9654efca,9878dffd54928273ddc7cee56d4478b99375bb955f9fd79fb791ed941e2f6101,over_10_5,2026-08-13T12:30:49Z,negative_binomial_probability,NON_POSITIVE_EV,0.0,0.31746031746031744,-0.007598399166983794,prematch-20260813T135810Z-506538be
1,TOTAL_CORNERS_OVER,3.15,0.30986191829333365,0.6201373674689059,3.227243946296559,-0.007598399166983794,-0.023934957375999044,0.0,0.0,0.0,62.013736746890594,NO BET,3,1:BetRivers:TOTAL_CORNERS_OVER:10.5:OVER,1,,,2023/24,2023-08-19,Empoli,Verona,BetRivers,10.5,OVER,over_10_5,SUPPORTED,SCORED,the-odds-api,ed57c6f67558fabe25c4634ca959ee01,ed57c6f67558fabe25c4634ca959ee01,,2026-08-13T13:57:41Z,,3.15,62.013736746890594,ABSTAIN,50.0,0.0,True,0.0,0.0,0.0,/Users/saverio/Documents/CornerLab/CornerLab/models/research/over_10_5_negative_binomial_probability.pkl,45cbba073d9e3f1fb1ab04753c9435aa68b90a6ee657e1fa145aef1b9654efca,9878dffd54928273ddc7cee56d4478b99375bb955f9fd79fb791ed941e2f6101,over_10_5,2026-08-13T13:57:41Z,negative_binomial_probability,NON_POSITIVE_EV,0.0,0.31746031746031744,-0.007598399166983794,prematch-20260813T135810Z-506538be
1,TOTAL_CORNERS_OVER,4.3,,0.6201373674689059,,,,,,,,MODEL_UNAVAILABLE,4,1:BetRivers:TOTAL_CORNERS_OVER:11.5:OVER,1,,,2023/24,2023-08-19,Empoli,Verona,BetRivers,11.5,OVER,over_11_5,UNSUPPORTED,NOT_APPLICABLE,the-odds-api,ed57c6f67558fabe25c4634ca959ee01,ed57c6f67558fabe25c4634ca959ee01,,2026-08-13T11:17:24Z,,4.3,62.013736746890594,ABSTAIN,50.0,0.0,True,0.0,0.0,0.0,MODEL_UNAVAILABLE,MODEL_UNAVAILABLE,MODEL_UNAVAILABLE,MODEL_UNAVAILABLE,2026-08-13T11:17:24Z,MODEL_UNAVAILABLE,NO_ACCEPTED_MODEL,,,,prematch-20260813T135810Z-506538be
1,TOTAL_CORNERS_OVER,4.3,,0.6201373674689059,,,,,,,,MODEL_UNAVAILABLE,5,1:BetRivers:TOTAL_CORNERS_OVER:11.5:OVER,1,,,2023/24,2023-08-19,Empoli,Verona,BetRivers,11.5,OVER,over_11_5,UNSUPPORTED,NOT_APPLICABLE,the-odds-api,ed57c6f67558fabe25c4634ca959ee01,ed57c6f67558fabe25c4634ca959ee01,,2026-08-13T11:34:06Z,,4.3,62.013736746890594,ABSTAIN,50.0,0.0,True,0.0,0.0,0.0,MODEL_UNAVAILABLE,MODEL_UNAVAILABLE,MODEL_UNAVAILABLE,MODEL_UNAVAILABLE,2026-08-13T11:34:06Z,MODEL_UNAVAILABLE,NO_ACCEPTED_MODEL,,,,prematch-20260813T135810Z-506538be
1,TOTAL_CORNERS_OVER,4.3,,0.6201373674689059,,,,,,,,MODEL_UNAVAILABLE,6,1:BetRivers:TOTAL_CORNERS_OVER:11.5:OVER,1,,,2023/24,2023-08-19,Empoli,Verona,BetRivers,11.5,OVER,over_11_5,UNSUPPORTED,NOT_APPLICABLE,the-odds-api,ed57c6f67558fabe25c4634ca959ee01,ed57c6f67558fabe25c4634ca959ee01,,2026-08-13T12:30:49Z,,4.3,62.013736746890594,ABSTAIN,50.0,0.0,True,0.0,0.0,0.0,MODEL_UNAVAILABLE,MODEL_UNAVAILABLE,MODEL_UNAVAILABLE,MODEL_UNAVAILABLE,2026-08-13T12:30:49Z,MODEL_UNAVAILABLE,NO_ACCEPTED_MODEL,,,,prematch-20260813T135810Z-506538be
1,TOTAL_CORNERS_OVER,4.3,,0.6201373674689059,,,,,,,,MODEL_UNAVAILABLE,7,1:BetRivers:TOTAL_CORNERS_OVER:11.5:OVER,1,,,2023/24,2023-08-19,Empoli,Verona,BetRivers,11.5,OVER,over_11_5,UNSUPPORTED,NOT_APPLICABLE,the-odds-api,ed57c6f67558fabe25c4634ca959ee01,ed57c6f67558fabe25c4634ca959ee01,,2026-08-13T13:57:41Z,,4.3,62.013736746890594,ABSTAIN,50.0,0.0,True,0.0,0.0,0.0,MODEL_UNAVAILABLE,MODEL_UNAVAILABLE,MODEL_UNAVAILABLE,MODEL_UNAVAILABLE,2026-08-13T13:57:41Z,MODEL_UNAVAILABLE,NO_ACCEPTED_MODEL,,,,prematch-20260813T135810Z-506538be
1,TOTAL_CORNERS_OVER,1.83,,0.6201373674689059,,,,,,,,MODEL_UNAVAILABLE,8,1:BetRivers:TOTAL_CORNERS_OVER:8.5:OVER,1,,,2023/24,2023-08-19,Empoli,Verona,BetRivers,8.5,OVER,over_8_5,UNSUPPORTED,NOT_APPLICABLE,the-odds-api,ed57c6f67558fabe25c4634ca959ee01,ed57c6f67558fabe25c4634ca959ee01,,2026-08-13T11:17:24Z,,1.83,62.013736746890594,ABSTAIN,50.0,0.0,True,0.0,0.0,0.0,MODEL_UNAVAILABLE,MODEL_UNAVAILABLE,MODEL_UNAVAILABLE,MODEL_UNAVAILABLE,2026-08-13T11:17:24Z,MODEL_UNAVAILABLE,NO_ACCEPTED_MODEL,,,,prematch-20260813T135810Z-506538be
1,TOTAL_CORNERS_OVER,1.83,,0.6201373674689059,,,,,,,,MODEL_UNAVAILABLE,9,1:BetRivers:TOTAL_CORNERS_OVER:8.5:OVER,1,,,2023/24,2023-08-19,Empoli,Verona,BetRivers,8.5,OVER,over_8_5,UNSUPPORTED,NOT_APPLICABLE,the-odds-api,ed57c6f67558fabe25c4634ca959ee01,ed57c6f67558fabe25c4634ca959ee01,,2026-08-13T11:34:06Z,,1.83,62.013736746890594,ABSTAIN,50.0,0.0,True,0.0,0.0,0.0,MODEL_UNAVAILABLE,MODEL_UNAVAILABLE,MODEL_UNAVAILABLE,MODEL_UNAVAILABLE,2026-08-13T11:34:06Z,MODEL_UNAVAILABLE,NO_ACCEPTED_MODEL,,,,prematch-20260813T135810Z-506538be
1,TOTAL_CORNERS_OVER,1.83,,0.6201373674689059,,,,,,,,MODEL_UNAVAILABLE,10,1:BetRivers:TOTAL_CORNERS_OVER:8.5:OVER,1,,,2023/24,2023-08-19,Empoli,Verona,BetRivers,8.5,OVER,over_8_5,UNSUPPORTED,NOT_APPLICABLE,the-odds-api,ed57c6f67558fabe25c4634ca959ee01,ed57c6f67558fabe25c4634ca959ee01,,2026-08-13T12:30:49Z,,1.83,62.013736746890594,ABSTAIN,50.0,0.0,True,0.0,0.0,0.0,MODEL_UNAVAILABLE,MODEL_UNAVAILABLE,MODEL_UNAVAILABLE,MODEL_UNAVAILABLE,2026-08-13T12:30:49Z,MODEL_UNAVAILABLE,NO_ACCEPTED_MODEL,,,,prematch-20260813T135810Z-506538be
1,TOTAL_CORNERS_OVER,1.83,,0.6201373674689059,,,,,,,,MODEL_UNAVAILABLE,11,1:BetRivers:TOTAL_CORNERS_OVER:8.5:OVER,1,,,2023/24,2023-08-19,Empoli,Verona,BetRivers,8.5,OVER,over_8_5,UNSUPPORTED,NOT_APPLICABLE,the-odds-api,ed57c6f67558fabe25c4634ca959ee01,ed57c6f67558fabe25c4634ca959ee01,,2026-08-13T13:57:41Z,,1.83,62.013736746890594,ABSTAIN,50.0,0.0,True,0.0,0.0,0.0,MODEL_UNAVAILABLE,MODEL_UNAVAILABLE,MODEL_UNAVAILABLE,MODEL_UNAVAILABLE,2026-08-13T13:57:41Z,MODEL_UNAVAILABLE,NO_ACCEPTED_MODEL,,,,prematch-20260813T135810Z-506538be
1,TOTAL_CORNERS_OVER,2.38,0.552959057583523,0.6201373674689059,1.8084521562411564,0.13279099035663228,0.3160425570487848,0.22901634568752524,0.11450817284376262,11.450817284376262,62.013736746890594,PLAY,12,1:BetRivers:TOTAL_CORNERS_OVER:9.5:OVER,1,,,2023/24,2023-08-19,Empoli,Verona,BetRivers,9.5,OVER,over_9_5,SUPPORTED,SCORED,the-odds-api,ed57c6f67558fabe25c4634ca959ee01,ed57c6f67558fabe25c4634ca959ee01,,2026-08-13T11:17:24Z,,2.38,62.013736746890594,ABSTAIN,50.0,0.0,True,0.0,0.0,0.0,/Users/saverio/Documents/CornerLab/CornerLab/models/research/over_9_5_negative_binomial_probability.pkl,a44495228ae3c22d76aefb9e0204c388f57cf307f4733aa2a50b725be0c401e6,f50fc8807b4bfcaf717226fc36782dcf0c5513fa6b2920aaf711f17d4ba5ee61,over_9_5,2026-08-13T11:17:24Z,negative_binomial_probability,POSITIVE_EV,11.450817284376262,0.42016806722689076,0.13279099035663228,prematch-20260813T135810Z-506538be
1,TOTAL_CORNERS_OVER,2.38,0.552959057583523,0.6201373674689059,1.8084521562411564,0.13279099035663228,0.3160425570487848,0.22901634568752524,0.11450817284376262,11.450817284376262,62.013736746890594,PLAY,13,1:BetRivers:TOTAL_CORNERS_OVER:9.5:OVER,1,,,2023/24,2023-08-19,Empoli,Verona,BetRivers,9.5,OVER,over_9_5,SUPPORTED,SCORED,the-odds-api,ed57c6f67558fabe25c4634ca959ee01,ed57c6f67558fabe25c4634ca959ee01,,2026-08-13T11:34:06Z,,2.38,62.013736746890594,ABSTAIN,50.0,0.0,True,0.0,0.0,0.0,/Users/saverio/Documents/CornerLab/CornerLab/models/research/over_9_5_negative_binomial_probability.pkl,a44495228ae3c22d76aefb9e0204c388f57cf307f4733aa2a50b725be0c401e6,f50fc8807b4bfcaf717226fc36782dcf0c5513fa6b2920aaf711f17d4ba5ee61,over_9_5,2026-08-13T11:34:06Z,negative_binomial_probability,POSITIVE_EV,11.450817284376262,0.42016806722689076,0.13279099035663228,prematch-20260813T135810Z-506538be
1,TOTAL_CORNERS_OVER,2.38,0.552959057583523,0.6201373674689059,1.8084521562411564,0.13279099035663228,0.3160425570487848,0.22901634568752524,0.11450817284376262,11.450817284376262,62.013736746890594,PLAY,14,1:BetRivers:TOTAL_CORNERS_OVER:9.5:OVER,1,,,2023/24,2023-08-19,Empoli,Verona,BetRivers,9.5,OVER,over_9_5,SUPPORTED,SCORED,the-odds-api,ed57c6f67558fabe25c4634ca959ee01,ed57c6f67558fabe25c4634ca959ee01,,2026-08-13T12:30:49Z,,2.38,62.013736746890594,ABSTAIN,50.0,0.0,True,0.0,0.0,0.0,/Users/saverio/Documents/CornerLab/CornerLab/models/research/over_9_5_negative_binomial_probability.pkl,a44495228ae3c22d76aefb9e0204c388f57cf307f4733aa2a50b725be0c401e6,f50fc8807b4bfcaf717226fc36782dcf0c5513fa6b2920aaf711f17d4ba5ee61,over_9_5,2026-08-13T12:30:49Z,negative_binomial_probability,POSITIVE_EV,11.450817284376262,0.42016806722689076,0.13279099035663228,prematch-20260813T135810Z-506538be
1,TOTAL_CORNERS_OVER,2.38,0.552959057583523,0.6201373674689059,1.8084521562411564,0.13279099035663228,0.3160425570487848,0.22901634568752524,0.11450817284376262,11.450817284376262,62.013736746890594,PLAY,15,1:BetRivers:TOTAL_CORNERS_OVER:9.5:OVER,1,,,2023/24,2023-08-19,Empoli,Verona,BetRivers,9.5,OVER,over_9_5,SUPPORTED,SCORED,the-odds-api,ed57c6f67558fabe25c4634ca959ee01,ed57c6f67558fabe25c4634ca959ee01,,2026-08-13T13:57:41Z,,2.38,62.013736746890594,ABSTAIN,50.0,0.0,True,0.0,0.0,0.0,/Users/saverio/Documents/CornerLab/CornerLab/models/research/over_9_5_negative_binomial_probability.pkl,a44495228ae3c22d76aefb9e0204c388f57cf307f4733aa2a50b725be0c401e6,f50fc8807b4bfcaf717226fc36782dcf0c5513fa6b2920aaf711f17d4ba5ee61,over_9_5,2026-08-13T13:57:41Z,negative_binomial_probability,POSITIVE_EV,11.450817284376262,0.42016806722689076,0.13279099035663228,prematch-20260813T135810Z-506538be
1,TOTAL_CORNERS_UNDER,1.28,0.6901380817066664,0.6201373674689059,1.4489853936578392,-0.09111191829333365,-0.11662325541546703,0.0,0.0,0.0,62.013736746890594,NO BET,16,1:BetRivers:TOTAL_CORNERS_UNDER:10.5:UNDER,1,,,2023/24,2023-08-19,Empoli,Verona,BetRivers,10.5,UNDER,over_10_5,SUPPORTED,SCORED,the-odds-api,ed57c6f67558fabe25c4634ca959ee01,ed57c6f67558fabe25c4634ca959ee01,,2026-08-13T11:17:24Z,,1.28,62.013736746890594,ABSTAIN,50.0,0.0,True,0.0,0.0,0.0,/Users/saverio/Documents/CornerLab/CornerLab/models/research/over_10_5_negative_binomial_probability.pkl,45cbba073d9e3f1fb1ab04753c9435aa68b90a6ee657e1fa145aef1b9654efca,9878dffd54928273ddc7cee56d4478b99375bb955f9fd79fb791ed941e2f6101,over_10_5,2026-08-13T11:17:24Z,negative_binomial_probability,NON_POSITIVE_EV,0.0,0.78125,-0.09111191829333365,prematch-20260813T135810Z-506538be
1,TOTAL_CORNERS_UNDER,1.28,0.6901380817066664,0.6201373674689059,1.4489853936578392,-0.09111191829333365,-0.11662325541546703,0.0,0.0,0.0,62.013736746890594,NO BET,17,1:BetRivers:TOTAL_CORNERS_UNDER:10.5:UNDER,1,,,2023/24,2023-08-19,Empoli,Verona,BetRivers,10.5,UNDER,over_10_5,SUPPORTED,SCORED,the-odds-api,ed57c6f67558fabe25c4634ca959ee01,ed57c6f67558fabe25c4634ca959ee01,,2026-08-13T11:34:06Z,,1.28,62.013736746890594,ABSTAIN,50.0,0.0,True,0.0,0.0,0.0,/Users/saverio/Documents/CornerLab/CornerLab/models/research/over_10_5_negative_binomial_probability.pkl,45cbba073d9e3f1fb1ab04753c9435aa68b90a6ee657e1fa145aef1b9654efca,9878dffd54928273ddc7cee56d4478b99375bb955f9fd79fb791ed941e2f6101,over_10_5,2026-08-13T11:34:06Z,negative_binomial_probability,NON_POSITIVE_EV,0.0,0.78125,-0.09111191829333365,prematch-20260813T135810Z-506538be
1,TOTAL_CORNERS_UNDER,1.28,0.6901380817066664,0.6201373674689059,1.4489853936578392,-0.09111191829333365,-0.11662325541546703,0.0,0.0,0.0,62.013736746890594,NO BET,18,1:BetRivers:TOTAL_CORNERS_UNDER:10.5:UNDER,1,,,2023/24,2023-08-19,Empoli,Verona,BetRivers,10.5,UNDER,over_10_5,SUPPORTED,SCORED,the-odds-api,ed57c6f67558fabe25c4634ca959ee01,ed57c6f67558fabe25c4634ca959ee01,,2026-08-13T12:30:49Z,,1.28,62.013736746890594,ABSTAIN,50.0,0.0,True,0.0,0.0,0.0,/Users/saverio/Documents/CornerLab/CornerLab/models/research/over_10_5_negative_binomial_probability.pkl,45cbba073d9e3f1fb1ab04753c9435aa68b90a6ee657e1fa145aef1b9654efca,9878dffd54928273ddc7cee56d4478b99375bb955f9fd79fb791ed941e2f6101,over_10_5,2026-08-13T12:30:49Z,negative_binomial_probability,NON_POSITIVE_EV,0.0,0.78125,-0.09111191829333365,prematch-20260813T135810Z-506538be
1,TOTAL_CORNERS_UNDER,1.28,0.6901380817066664,0.6201373674689059,1.4489853936578392,-0.09111191829333365,-0.11662325541546703,0.0,0.0,0.0,62.013736746890594,NO BET,19,1:BetRivers:TOTAL_CORNERS_UNDER:10.5:UNDER,1,,,2023/24,2023-08-19,Empoli,Verona,BetRivers,10.5,UNDER,over_10_5,SUPPORTED,SCORED,the-odds-api,ed57c6f67558fabe25c4634ca959ee01,ed57c6f67558fabe25c4634ca959ee01,,2026-08-13T13:57:41Z,,1.28,62.013736746890594,ABSTAIN,50.0,0.0,True,0.0,0.0,0.0,/Users/saverio/Documents/CornerLab/CornerLab/models/research/over_10_5_negative_binomial_probability.pkl,45cbba073d9e3f1fb1ab04753c9435aa68b90a6ee657e1fa145aef1b9654efca,9878dffd54928273ddc7cee56d4478b99375bb955f9fd79fb791ed941e2f6101,over_10_5,2026-08-13T13:57:41Z,negative_binomial_probability,NON_POSITIVE_EV,0.0,0.78125,-0.09111191829333365,prematch-20260813T135810Z-506538be
1,TOTAL_CORNERS_UNDER,1.15,,0.6201373674689059,,,,,,,,MODEL_UNAVAILABLE,20,1:BetRivers:TOTAL_CORNERS_UNDER:11.5:UNDER,1,,,2023/24,2023-08-19,Empoli,Verona,BetRivers,11.5,UNDER,over_11_5,UNSUPPORTED,NOT_APPLICABLE,the-odds-api,ed57c6f67558fabe25c4634ca959ee01,ed57c6f67558fabe25c4634ca959ee01,,2026-08-13T11:17:24Z,,1.15,62.013736746890594,ABSTAIN,50.0,0.0,True,0.0,0.0,0.0,MODEL_UNAVAILABLE,MODEL_UNAVAILABLE,MODEL_UNAVAILABLE,MODEL_UNAVAILABLE,2026-08-13T11:17:24Z,MODEL_UNAVAILABLE,NO_ACCEPTED_MODEL,,,,prematch-20260813T135810Z-506538be
1,TOTAL_CORNERS_UNDER,1.15,,0.6201373674689059,,,,,,,,MODEL_UNAVAILABLE,21,1:BetRivers:TOTAL_CORNERS_UNDER:11.5:UNDER,1,,,2023/24,2023-08-19,Empoli,Verona,BetRivers,11.5,UNDER,over_11_5,UNSUPPORTED,NOT_APPLICABLE,the-odds-api,ed57c6f67558fabe25c4634ca959ee01,ed57c6f67558fabe25c4634ca959ee01,,2026-08-13T11:34:06Z,,1.15,62.013736746890594,ABSTAIN,50.0,0.0,True,0.0,0.0,0.0,MODEL_UNAVAILABLE,MODEL_UNAVAILABLE,MODEL_UNAVAILABLE,MODEL_UNAVAILABLE,2026-08-13T11:34:06Z,MODEL_UNAVAILABLE,NO_ACCEPTED_MODEL,,,,prematch-20260813T135810Z-506538be
1,TOTAL_CORNERS_UNDER,1.15,,0.6201373674689059,,,,,,,,MODEL_UNAVAILABLE,22,1:BetRivers:TOTAL_CORNERS_UNDER:11.5:UNDER,1,,,2023/24,2023-08-19,Empoli,Verona,BetRivers,11.5,UNDER,over_11_5,UNSUPPORTED,NOT_APPLICABLE,the-odds-api,ed57c6f67558fabe25c4634ca959ee01,ed57c6f67558fabe25c4634ca959ee01,,2026-08-13T12:30:49Z,,1.15,62.013736746890594,ABSTAIN,50.0,0.0,True,0.0,0.0,0.0,MODEL_UNAVAILABLE,MODEL_UNAVAILABLE,MODEL_UNAVAILABLE,MODEL_UNAVAILABLE,2026-08-13T12:30:49Z,MODEL_UNAVAILABLE,NO_ACCEPTED_MODEL,,,,prematch-20260813T135810Z-506538be
1,TOTAL_CORNERS_UNDER,1.15,,0.6201373674689059,,,,,,,,MODEL_UNAVAILABLE,23,1:BetRivers:TOTAL_CORNERS_UNDER:11.5:UNDER,1,,,2023/24,2023-08-19,Empoli,Verona,BetRivers,11.5,UNDER,over_11_5,UNSUPPORTED,NOT_APPLICABLE,the-odds-api,ed57c6f67558fabe25c4634ca959ee01,ed57c6f67558fabe25c4634ca959ee01,,2026-08-13T13:57:41Z,,1.15,62.013736746890594,ABSTAIN,50.0,0.0,True,0.0,0.0,0.0,MODEL_UNAVAILABLE,MODEL_UNAVAILABLE,MODEL_UNAVAILABLE,MODEL_UNAVAILABLE,2026-08-13T13:57:41Z,MODEL_UNAVAILABLE,NO_ACCEPTED_MODEL,,,,prematch-20260813T135810Z-506538be
1,TOTAL_CORNERS_UNDER,1.82,,0.6201373674689059,,,,,,,,MODEL_UNAVAILABLE,24,1:BetRivers:TOTAL_CORNERS_UNDER:8.5:UNDER,1,,,2023/24,2023-08-19,Empoli,Verona,BetRivers,8.5,UNDER,over_8_5,UNSUPPORTED,NOT_APPLICABLE,the-odds-api,ed57c6f67558fabe25c4634ca959ee01,ed57c6f67558fabe25c4634ca959ee01,,2026-08-13T11:17:24Z,,1.82,62.013736746890594,ABSTAIN,50.0,0.0,True,0.0,0.0,0.0,MODEL_UNAVAILABLE,MODEL_UNAVAILABLE,MODEL_UNAVAILABLE,MODEL_UNAVAILABLE,2026-08-13T11:17:24Z,MODEL_UNAVAILABLE,NO_ACCEPTED_MODEL,,,,prematch-20260813T135810Z-506538be
1,TOTAL_CORNERS_UNDER,1.82,,0.6201373674689059,,,,,,,,MODEL_UNAVAILABLE,25,1:BetRivers:TOTAL_CORNERS_UNDER:8.5:UNDER,1,,,2023/24,2023-08-19,Empoli,Verona,BetRivers,8.5,UNDER,over_8_5,UNSUPPORTED,NOT_APPLICABLE,the-odds-api,ed57c6f67558fabe25c4634ca959ee01,ed57c6f67558fabe25c4634ca959ee01,,2026-08-13T11:34:06Z,,1.82,62.013736746890594,ABSTAIN,50.0,0.0,True,0.0,0.0,0.0,MODEL_UNAVAILABLE,MODEL_UNAVAILABLE,MODEL_UNAVAILABLE,MODEL_UNAVAILABLE,2026-08-13T11:34:06Z,MODEL_UNAVAILABLE,NO_ACCEPTED_MODEL,,,,prematch-20260813T135810Z-506538be
1,TOTAL_CORNERS_UNDER,1.82,,0.6201373674689059,,,,,,,,MODEL_UNAVAILABLE,26,1:BetRivers:TOTAL_CORNERS_UNDER:8.5:UNDER,1,,,2023/24,2023-08-19,Empoli,Verona,BetRivers,8.5,UNDER,over_8_5,UNSUPPORTED,NOT_APPLICABLE,the-odds-api,ed57c6f67558fabe25c4634ca959ee01,ed57c6f67558fabe25c4634ca959ee01,,2026-08-13T12:30:49Z,,1.82,62.013736746890594,ABSTAIN,50.0,0.0,True,0.0,0.0,0.0,MODEL_UNAVAILABLE,MODEL_UNAVAILABLE,MODEL_UNAVAILABLE,MODEL_UNAVAILABLE,2026-08-13T12:30:49Z,MODEL_UNAVAILABLE,NO_ACCEPTED_MODEL,,,,prematch-20260813T135810Z-506538be
1,TOTAL_CORNERS_UNDER,1.82,,0.6201373674689059,,,,,,,,MODEL_UNAVAILABLE,27,1:BetRivers:TOTAL_CORNERS_UNDER:8.5:UNDER,1,,,2023/24,2023-08-19,Empoli,Verona,BetRivers,8.5,UNDER,over_8_5,UNSUPPORTED,NOT_APPLICABLE,the-odds-api,ed57c6f67558fabe25c4634ca959ee01,ed57c6f67558fabe25c4634ca959ee01,,2026-08-13T13:57:41Z,,1.82,62.013736746890594,ABSTAIN,50.0,0.0,True,0.0,0.0,0.0,MODEL_UNAVAILABLE,MODEL_UNAVAILABLE,MODEL_UNAVAILABLE,MODEL_UNAVAILABLE,2026-08-13T13:57:41Z,MODEL_UNAVAILABLE,NO_ACCEPTED_MODEL,,,,prematch-20260813T135810Z-506538be
1,TOTAL_CORNERS_UNDER,1.49,0.44704094241647696,0.6201373674689059,2.236931576321637,-0.2240999971808385,-0.3339089957994493,0.0,0.0,0.0,62.013736746890594,NO BET,28,1:BetRivers:TOTAL_CORNERS_UNDER:9.5:UNDER,1,,,2023/24,2023-08-19,Empoli,Verona,BetRivers,9.5,UNDER,over_9_5,SUPPORTED,SCORED,the-odds-api,ed57c6f67558fabe25c4634ca959ee01,ed57c6f67558fabe25c4634ca959ee01,,2026-08-13T11:17:24Z,,1.49,62.013736746890594,ABSTAIN,50.0,0.0,True,0.0,0.0,0.0,/Users/saverio/Documents/CornerLab/CornerLab/models/research/over_9_5_negative_binomial_probability.pkl,a44495228ae3c22d76aefb9e0204c388f57cf307f4733aa2a50b725be0c401e6,f50fc8807b4bfcaf717226fc36782dcf0c5513fa6b2920aaf711f17d4ba5ee61,over_9_5,2026-08-13T11:17:24Z,negative_binomial_probability,NON_POSITIVE_EV,0.0,0.6711409395973155,-0.2240999971808385,prematch-20260813T135810Z-506538be
1,TOTAL_CORNERS_UNDER,1.49,0.44704094241647696,0.6201373674689059,2.236931576321637,-0.2240999971808385,-0.3339089957994493,0.0,0.0,0.0,62.013736746890594,NO BET,29,1:BetRivers:TOTAL_CORNERS_UNDER:9.5:UNDER,1,,,2023/24,2023-08-19,Empoli,Verona,BetRivers,9.5,UNDER,over_9_5,SUPPORTED,SCORED,the-odds-api,ed57c6f67558fabe25c4634ca959ee01,ed57c6f67558fabe25c4634ca959ee01,,2026-08-13T11:34:06Z,,1.49,62.013736746890594,ABSTAIN,50.0,0.0,True,0.0,0.0,0.0,/Users/saverio/Documents/CornerLab/CornerLab/models/research/over_9_5_negative_binomial_probability.pkl,a44495228ae3c22d76aefb9e0204c388f57cf307f4733aa2a50b725be0c401e6,f50fc8807b4bfcaf717226fc36782dcf0c5513fa6b2920aaf711f17d4ba5ee61,over_9_5,2026-08-13T11:34:06Z,negative_binomial_probability,NON_POSITIVE_EV,0.0,0.6711409395973155,-0.2240999971808385,prematch-20260813T135810Z-506538be
1,TOTAL_CORNERS_UNDER,1.49,0.44704094241647696,0.6201373674689059,2.236931576321637,-0.2240999971808385,-0.3339089957994493,0.0,0.0,0.0,62.013736746890594,NO BET,30,1:BetRivers:TOTAL_CORNERS_UNDER:9.5:UNDER,1,,,2023/24,2023-08-19,Empoli,Verona,BetRivers,9.5,UNDER,over_9_5,SUPPORTED,SCORED,the-odds-api,ed57c6f67558fabe25c4634ca959ee01,ed57c6f67558fabe25c4634ca959ee01,,2026-08-13T12:30:49Z,,1.49,62.013736746890594,ABSTAIN,50.0,0.0,True,0.0,0.0,0.0,/Users/saverio/Documents/CornerLab/CornerLab/models/research/over_9_5_negative_binomial_probability.pkl,a44495228ae3c22d76aefb9e0204c388f57cf307f4733aa2a50b725be0c401e6,f50fc8807b4bfcaf717226fc36782dcf0c5513fa6b2920aaf711f17d4ba5ee61,over_9_5,2026-08-13T12:30:49Z,negative_binomial_probability,NON_POSITIVE_EV,0.0,0.6711409395973155,-0.2240999971808385,prematch-20260813T135810Z-506538be
1,TOTAL_CORNERS_UNDER,1.49,0.44704094241647696,0.6201373674689059,2.236931576321637,-0.2240999971808385,-0.3339089957994493,0.0,0.0,0.0,62.013736746890594,NO BET,31,1:BetRivers:TOTAL_CORNERS_UNDER:9.5:UNDER,1,,,2023/24,2023-08-19,Empoli,Verona,BetRivers,9.5,UNDER,over_9_5,SUPPORTED,SCORED,the-odds-api,ed57c6f67558fabe25c4634ca959ee01,ed57c6f67558fabe25c4634ca959ee01,,2026-08-13T13:57:41Z,,1.49,62.013736746890594,ABSTAIN,50.0,0.0,True,0.0,0.0,0.0,/Users/saverio/Documents/CornerLab/CornerLab/models/research/over_9_5_negative_binomial_probability.pkl,a44495228ae3c22d76aefb9e0204c388f57cf307f4733aa2a50b725be0c401e6,f50fc8807b4bfcaf717226fc36782dcf0c5513fa6b2920aaf711f17d4ba5ee61,over_9_5,2026-08-13T13:57:41Z,negative_binomial_probability,NON_POSITIVE_EV,0.0,0.6711409395973155,-0.2240999971808385,prematch-20260813T135810Z-506538be
2,TOTAL_CORNERS_OVER,2.12,0.4230579474048968,0.6201297771074601,2.3637423812367917,-0.04864016580265035,-0.10311715150161882,0.0,0.0,0.0,62.01297771074601,NO BET,32,2:BetRivers:TOTAL_CORNERS_OVER:10.5:OVER,2,,,2023/24,2023-08-19,Frosinone,Napoli,BetRivers,10.5,OVER,over_10_5,SUPPORTED,SCORED,the-odds-api,ef8a47c3c8c0f71a251e2efcbf84854a,ef8a47c3c8c0f71a251e2efcbf84854a,,2026-08-13T11:34:06Z,,2.12,62.01297771074601,ABSTAIN,50.0,0.0,True,0.0,0.0,0.0,/Users/saverio/Documents/CornerLab/CornerLab/models/research/over_10_5_negative_binomial_probability.pkl,45cbba073d9e3f1fb1ab04753c9435aa68b90a6ee657e1fa145aef1b9654efca,9878dffd54928273ddc7cee56d4478b99375bb955f9fd79fb791ed941e2f6101,over_10_5,2026-08-13T11:34:06Z,negative_binomial_probability,NON_POSITIVE_EV,0.0,0.4716981132075471,-0.04864016580265035,prematch-20260813T135810Z-506538be
2,TOTAL_CORNERS_OVER,2.12,0.4230579474048968,0.6201297771074601,2.3637423812367917,-0.04864016580265035,-0.10311715150161882,0.0,0.0,0.0,62.01297771074601,NO BET,33,2:BetRivers:TOTAL_CORNERS_OVER:10.5:OVER,2,,,2023/24,2023-08-19,Frosinone,Napoli,BetRivers,10.5,OVER,over_10_5,SUPPORTED,SCORED,the-odds-api,ef8a47c3c8c0f71a251e2efcbf84854a,ef8a47c3c8c0f71a251e2efcbf84854a,,2026-08-13T12:30:50Z,,2.12,62.01297771074601,ABSTAIN,50.0,0.0,True,0.0,0.0,0.0,/Users/saverio/Documents/CornerLab/CornerLab/models/research/over_10_5_negative_binomial_probability.pkl,45cbba073d9e3f1fb1ab04753c9435aa68b90a6ee657e1fa145aef1b9654efca,9878dffd54928273ddc7cee56d4478b99375bb955f9fd79fb791ed941e2f6101,over_10_5,2026-08-13T12:30:50Z,negative_binomial_probability,NON_POSITIVE_EV,0.0,0.4716981132075471,-0.04864016580265035,prematch-20260813T135810Z-506538be
2,TOTAL_CORNERS_OVER,2.12,0.4230579474048968,0.6201297771074601,2.3637423812367917,-0.04864016580265035,-0.10311715150161882,0.0,0.0,0.0,62.01297771074601,NO BET,34,2:BetRivers:TOTAL_CORNERS_OVER:10.5:OVER,2,,,2023/24,2023-08-19,Frosinone,Napoli,BetRivers,10.5,OVER,over_10_5,SUPPORTED,SCORED,the-odds-api,ef8a47c3c8c0f71a251e2efcbf84854a,ef8a47c3c8c0f71a251e2efcbf84854a,,2026-08-13T13:57:41Z,,2.12,62.01297771074601,ABSTAIN,50.0,0.0,True,0.0,0.0,0.0,/Users/saverio/Documents/CornerLab/CornerLab/models/research/over_10_5_negative_binomial_probability.pkl,45cbba073d9e3f1fb1ab04753c9435aa68b90a6ee657e1fa145aef1b9654efca,9878dffd54928273ddc7cee56d4478b99375bb955f9fd79fb791ed941e2f6101,over_10_5,2026-08-13T13:57:41Z,negative_binomial_probability,NON_POSITIVE_EV,0.0,0.4716981132075471,-0.04864016580265035,prematch-20260813T135810Z-506538be
2,TOTAL_CORNERS_OVER,2.7,,0.6201297771074601,,,,,,,,MODEL_UNAVAILABLE,35,2:BetRivers:TOTAL_CORNERS_OVER:11.5:OVER,2,,,2023/24,2023-08-19,Frosinone,Napoli,BetRivers,11.5,OVER,over_11_5,UNSUPPORTED,NOT_APPLICABLE,the-odds-api,ef8a47c3c8c0f71a251e2efcbf84854a,ef8a47c3c8c0f71a251e2efcbf84854a,,2026-08-13T11:34:06Z,,2.7,62.01297771074601,ABSTAIN,50.0,0.0,True,0.0,0.0,0.0,MODEL_UNAVAILABLE,MODEL_UNAVAILABLE,MODEL_UNAVAILABLE,MODEL_UNAVAILABLE,2026-08-13T11:34:06Z,MODEL_UNAVAILABLE,NO_ACCEPTED_MODEL,,,,prematch-20260813T135810Z-506538be
2,TOTAL_CORNERS_OVER,2.7,,0.6201297771074601,,,,,,,,MODEL_UNAVAILABLE,36,2:BetRivers:TOTAL_CORNERS_OVER:11.5:OVER,2,,,2023/24,2023-08-19,Frosinone,Napoli,BetRivers,11.5,OVER,over_11_5,UNSUPPORTED,NOT_APPLICABLE,the-odds-api,ef8a47c3c8c0f71a251e2efcbf84854a,ef8a47c3c8c0f71a251e2efcbf84854a,,2026-08-13T12:30:50Z,,2.7,62.01297771074601,ABSTAIN,50.0,0.0,True,0.0,0.0,0.0,MODEL_UNAVAILABLE,MODEL_UNAVAILABLE,MODEL_UNAVAILABLE,MODEL_UNAVAILABLE,2026-08-13T12:30:50Z,MODEL_UNAVAILABLE,NO_ACCEPTED_MODEL,,,,prematch-20260813T135810Z-506538be
2,TOTAL_CORNERS_OVER,2.7,,0.6201297771074601,,,,,,,,MODEL_UNAVAILABLE,37,2:BetRivers:TOTAL_CORNERS_OVER:11.5:OVER,2,,,2023/24,2023-08-19,Frosinone,Napoli,BetRivers,11.5,OVER,over_11_5,UNSUPPORTED,NOT_APPLICABLE,the-odds-api,ef8a47c3c8c0f71a251e2efcbf84854a,ef8a47c3c8c0f71a251e2efcbf84854a,,2026-08-13T13:57:41Z,,2.7,62.01297771074601,ABSTAIN,50.0,0.0,True,0.0,0.0,0.0,MODEL_UNAVAILABLE,MODEL_UNAVAILABLE,MODEL_UNAVAILABLE,MODEL_UNAVAILABLE,2026-08-13T13:57:41Z,MODEL_UNAVAILABLE,NO_ACCEPTED_MODEL,,,,prematch-20260813T135810Z-506538be
2,TOTAL_CORNERS_OVER,1.43,,0.6201297771074601,,,,,,,,MODEL_UNAVAILABLE,38,2:BetRivers:TOTAL_CORNERS_OVER:8.5:OVER,2,,,2023/24,2023-08-19,Frosinone,Napoli,BetRivers,8.5,OVER,over_8_5,UNSUPPORTED,NOT_APPLICABLE,the-odds-api,ef8a47c3c8c0f71a251e2efcbf84854a,ef8a47c3c8c0f71a251e2efcbf84854a,,2026-08-13T11:34:06Z,,1.43,62.01297771074601,ABSTAIN,50.0,0.0,True,0.0,0.0,0.0,MODEL_UNAVAILABLE,MODEL_UNAVAILABLE,MODEL_UNAVAILABLE,MODEL_UNAVAILABLE,2026-08-13T11:34:06Z,MODEL_UNAVAILABLE,NO_ACCEPTED_MODEL,,,,prematch-20260813T135810Z-506538be
2,TOTAL_CORNERS_OVER,1.43,,0.6201297771074601,,,,,,,,MODEL_UNAVAILABLE,39,2:BetRivers:TOTAL_CORNERS_OVER:8.5:OVER,2,,,2023/24,2023-08-19,Frosinone,Napoli,BetRivers,8.5,OVER,over_8_5,UNSUPPORTED,NOT_APPLICABLE,the-odds-api,ef8a47c3c8c0f71a251e2efcbf84854a,ef8a47c3c8c0f71a251e2efcbf84854a,,2026-08-13T12:30:50Z,,1.43,62.01297771074601,ABSTAIN,50.0,0.0,True,0.0,0.0,0.0,MODEL_UNAVAILABLE,MODEL_UNAVAILABLE,MODEL_UNAVAILABLE,MODEL_UNAVAILABLE,2026-08-13T12:30:50Z,MODEL_UNAVAILABLE,NO_ACCEPTED_MODEL,,,,prematch-20260813T135810Z-506538be
2,TOTAL_CORNERS_OVER,1.43,,0.6201297771074601,,,,,,,,MODEL_UNAVAILABLE,40,2:BetRivers:TOTAL_CORNERS_OVER:8.5:OVER,2,,,2023/24,2023-08-19,Frosinone,Napoli,BetRivers,8.5,OVER,over_8_5,UNSUPPORTED,NOT_APPLICABLE,the-odds-api,ef8a47c3c8c0f71a251e2efcbf84854a,ef8a47c3c8c0f71a251e2efcbf84854a,,2026-08-13T13:57:41Z,,1.43,62.01297771074601,ABSTAIN,50.0,0.0,True,0.0,0.0,0.0,MODEL_UNAVAILABLE,MODEL_UNAVAILABLE,MODEL_UNAVAILABLE,MODEL_UNAVAILABLE,2026-08-13T13:57:41Z,MODEL_UNAVAILABLE,NO_ACCEPTED_MODEL,,,,prematch-20260813T135810Z-506538be
2,TOTAL_CORNERS_OVER,1.71,0.7326813160024718,0.6201297771074601,1.36484987150488,0.1478859943650449,0.2528850503642266,0.35617612727355874,0.17808806363677937,17.808806363677938,62.01297771074601,PLAY,41,2:BetRivers:TOTAL_CORNERS_OVER:9.5:OVER,2,,,2023/24,2023-08-19,Frosinone,Napoli,BetRivers,9.5,OVER,over_9_5,SUPPORTED,SCORED,the-odds-api,ef8a47c3c8c0f71a251e2efcbf84854a,ef8a47c3c8c0f71a251e2efcbf84854a,,2026-08-13T11:34:06Z,,1.71,62.01297771074601,ABSTAIN,50.0,0.0,True,0.0,0.0,0.0,/Users/saverio/Documents/CornerLab/CornerLab/models/research/over_9_5_negative_binomial_probability.pkl,a44495228ae3c22d76aefb9e0204c388f57cf307f4733aa2a50b725be0c401e6,f50fc8807b4bfcaf717226fc36782dcf0c5513fa6b2920aaf711f17d4ba5ee61,over_9_5,2026-08-13T11:34:06Z,negative_binomial_probability,POSITIVE_EV,17.808806363677938,0.5847953216374269,0.1478859943650449,prematch-20260813T135810Z-506538be
2,TOTAL_CORNERS_OVER,1.71,0.7326813160024718,0.6201297771074601,1.36484987150488,0.1478859943650449,0.2528850503642266,0.35617612727355874,0.17808806363677937,17.808806363677938,62.01297771074601,PLAY,42,2:BetRivers:TOTAL_CORNERS_OVER:9.5:OVER,2,,,2023/24,2023-08-19,Frosinone,Napoli,BetRivers,9.5,OVER,over_9_5,SUPPORTED,SCORED,the-odds-api,ef8a47c3c8c0f71a251e2efcbf84854a,ef8a47c3c8c0f71a251e2efcbf84854a,,2026-08-13T12:30:50Z,,1.71,62.01297771074601,ABSTAIN,50.0,0.0,True,0.0,0.0,0.0,/Users/saverio/Documents/CornerLab/CornerLab/models/research/over_9_5_negative_binomial_probability.pkl,a44495228ae3c22d76aefb9e0204c388f57cf307f4733aa2a50b725be0c401e6,f50fc8807b4bfcaf717226fc36782dcf0c5513fa6b2920aaf711f17d4ba5ee61,over_9_5,2026-08-13T12:30:50Z,negative_binomial_probability,POSITIVE_EV,17.808806363677938,0.5847953216374269,0.1478859943650449,prematch-20260813T135810Z-506538be
2,TOTAL_CORNERS_OVER,1.71,0.7326813160024718,0.6201297771074601,1.36484987150488,0.1478859943650449,0.2528850503642266,0.35617612727355874,0.17808806363677937,17.808806363677938,62.01297771074601,PLAY,43,2:BetRivers:TOTAL_CORNERS_OVER:9.5:OVER,2,,,2023/24,2023-08-19,Frosinone,Napoli,BetRivers,9.5,OVER,over_9_5,SUPPORTED,SCORED,the-odds-api,ef8a47c3c8c0f71a251e2efcbf84854a,ef8a47c3c8c0f71a251e2efcbf84854a,,2026-08-13T13:57:41Z,,1.71,62.01297771074601,ABSTAIN,50.0,0.0,True,0.0,0.0,0.0,/Users/saverio/Documents/CornerLab/CornerLab/models/research/over_9_5_negative_binomial_probability.pkl,a44495228ae3c22d76aefb9e0204c388f57cf307f4733aa2a50b725be0c401e6,f50fc8807b4bfcaf717226fc36782dcf0c5513fa6b2920aaf711f17d4ba5ee61,over_9_5,2026-08-13T13:57:41Z,negative_binomial_probability,POSITIVE_EV,17.808806363677938,0.5847953216374269,0.1478859943650449,prematch-20260813T135810Z-506538be
2,TOTAL_CORNERS_UNDER,1.61,0.5769420525951032,0.6201297771074601,1.7332763238560425,-0.04417595982725697,-0.07112329532188377,0.0,0.0,0.0,62.01297771074601,NO BET,44,2:BetRivers:TOTAL_CORNERS_UNDER:10.5:UNDER,2,,,2023/24,2023-08-19,Frosinone,Napoli,BetRivers,10.5,UNDER,over_10_5,SUPPORTED,SCORED,the-odds-api,ef8a47c3c8c0f71a251e2efcbf84854a,ef8a47c3c8c0f71a251e2efcbf84854a,,2026-08-13T11:34:06Z,,1.61,62.01297771074601,ABSTAIN,50.0,0.0,True,0.0,0.0,0.0,/Users/saverio/Documents/CornerLab/CornerLab/models/research/over_10_5_negative_binomial_probability.pkl,45cbba073d9e3f1fb1ab04753c9435aa68b90a6ee657e1fa145aef1b9654efca,9878dffd54928273ddc7cee56d4478b99375bb955f9fd79fb791ed941e2f6101,over_10_5,2026-08-13T11:34:06Z,negative_binomial_probability,NON_POSITIVE_EV,0.0,0.6211180124223602,-0.04417595982725697,prematch-20260813T135810Z-506538be
2,TOTAL_CORNERS_UNDER,1.61,0.5769420525951032,0.6201297771074601,1.7332763238560425,-0.04417595982725697,-0.07112329532188377,0.0,0.0,0.0,62.01297771074601,NO BET,45,2:BetRivers:TOTAL_CORNERS_UNDER:10.5:UNDER,2,,,2023/24,2023-08-19,Frosinone,Napoli,BetRivers,10.5,UNDER,over_10_5,SUPPORTED,SCORED,the-odds-api,ef8a47c3c8c0f71a251e2efcbf84854a,ef8a47c3c8c0f71a251e2efcbf84854a,,2026-08-13T12:30:50Z,,1.61,62.01297771074601,ABSTAIN,50.0,0.0,True,0.0,0.0,0.0,/Users/saverio/Documents/CornerLab/CornerLab/models/research/over_10_5_negative_binomial_probability.pkl,45cbba073d9e3f1fb1ab04753c9435aa68b90a6ee657e1fa145aef1b9654efca,9878dffd54928273ddc7cee56d4478b99375bb955f9fd79fb791ed941e2f6101,over_10_5,2026-08-13T12:30:50Z,negative_binomial_probability,NON_POSITIVE_EV,0.0,0.6211180124223602,-0.04417595982725697,prematch-20260813T135810Z-506538be
2,TOTAL_CORNERS_UNDER,1.61,0.5769420525951032,0.6201297771074601,1.7332763238560425,-0.04417595982725697,-0.07112329532188377,0.0,0.0,0.0,62.01297771074601,NO BET,46,2:BetRivers:TOTAL_CORNERS_UNDER:10.5:UNDER,2,,,2023/24,2023-08-19,Frosinone,Napoli,BetRivers,10.5,UNDER,over_10_5,SUPPORTED,SCORED,the-odds-api,ef8a47c3c8c0f71a251e2efcbf84854a,ef8a47c3c8c0f71a251e2efcbf84854a,,2026-08-13T13:57:41Z,,1.61,62.01297771074601,ABSTAIN,50.0,0.0,True,0.0,0.0,0.0,/Users/saverio/Documents/CornerLab/CornerLab/models/research/over_10_5_negative_binomial_probability.pkl,45cbba073d9e3f1fb1ab04753c9435aa68b90a6ee657e1fa145aef1b9654efca,9878dffd54928273ddc7cee56d4478b99375bb955f9fd79fb791ed941e2f6101,over_10_5,2026-08-13T13:57:41Z,negative_binomial_probability,NON_POSITIVE_EV,0.0,0.6211180124223602,-0.04417595982725697,prematch-20260813T135810Z-506538be
2,TOTAL_CORNERS_UNDER,1.38,,0.6201297771074601,,,,,,,,MODEL_UNAVAILABLE,47,2:BetRivers:TOTAL_CORNERS_UNDER:11.5:UNDER,2,,,2023/24,2023-08-19,Frosinone,Napoli,BetRivers,11.5,UNDER,over_11_5,UNSUPPORTED,NOT_APPLICABLE,the-odds-api,ef8a47c3c8c0f71a251e2efcbf84854a,ef8a47c3c8c0f71a251e2efcbf84854a,,2026-08-13T11:34:06Z,,1.38,62.01297771074601,ABSTAIN,50.0,0.0,True,0.0,0.0,0.0,MODEL_UNAVAILABLE,MODEL_UNAVAILABLE,MODEL_UNAVAILABLE,MODEL_UNAVAILABLE,2026-08-13T11:34:06Z,MODEL_UNAVAILABLE,NO_ACCEPTED_MODEL,,,,prematch-20260813T135810Z-506538be
2,TOTAL_CORNERS_UNDER,1.38,,0.6201297771074601,,,,,,,,MODEL_UNAVAILABLE,48,2:BetRivers:TOTAL_CORNERS_UNDER:11.5:UNDER,2,,,2023/24,2023-08-19,Frosinone,Napoli,BetRivers,11.5,UNDER,over_11_5,UNSUPPORTED,NOT_APPLICABLE,the-odds-api,ef8a47c3c8c0f71a251e2efcbf84854a,ef8a47c3c8c0f71a251e2efcbf84854a,,2026-08-13T12:30:50Z,,1.38,62.01297771074601,ABSTAIN,50.0,0.0,True,0.0,0.0,0.0,MODEL_UNAVAILABLE,MODEL_UNAVAILABLE,MODEL_UNAVAILABLE,MODEL_UNAVAILABLE,2026-08-13T12:30:50Z,MODEL_UNAVAILABLE,NO_ACCEPTED_MODEL,,,,prematch-20260813T135810Z-506538be
2,TOTAL_CORNERS_UNDER,1.38,,0.6201297771074601,,,,,,,,MODEL_UNAVAILABLE,49,2:BetRivers:TOTAL_CORNERS_UNDER:11.5:UNDER,2,,,2023/24,2023-08-19,Frosinone,Napoli,BetRivers,11.5,UNDER,over_11_5,UNSUPPORTED,NOT_APPLICABLE,the-odds-api,ef8a47c3c8c0f71a251e2efcbf84854a,ef8a47c3c8c0f71a251e2efcbf84854a,,2026-08-13T13:57:41Z,,1.38,62.01297771074601,ABSTAIN,50.0,0.0,True,0.0,0.0,0.0,MODEL_UNAVAILABLE,MODEL_UNAVAILABLE,MODEL_UNAVAILABLE,MODEL_UNAVAILABLE,2026-08-13T13:57:41Z,MODEL_UNAVAILABLE,NO_ACCEPTED_MODEL,,,,prematch-20260813T135810Z-506538be
2,TOTAL_CORNERS_UNDER,2.55,,0.6201297771074601,,,,,,,,MODEL_UNAVAILABLE,50,2:BetRivers:TOTAL_CORNERS_UNDER:8.5:UNDER,2,,,2023/24,2023-08-19,Frosinone,Napoli,BetRivers,8.5,UNDER,over_8_5,UNSUPPORTED,NOT_APPLICABLE,the-odds-api,ef8a47c3c8c0f71a251e2efcbf84854a,ef8a47c3c8c0f71a251e2efcbf84854a,,2026-08-13T11:34:06Z,,2.55,62.01297771074601,ABSTAIN,50.0,0.0,True,0.0,0.0,0.0,MODEL_UNAVAILABLE,MODEL_UNAVAILABLE,MODEL_UNAVAILABLE,MODEL_UNAVAILABLE,2026-08-13T11:34:06Z,MODEL_UNAVAILABLE,NO_ACCEPTED_MODEL,,,,prematch-20260813T135810Z-506538be
2,TOTAL_CORNERS_UNDER,2.55,,0.6201297771074601,,,,,,,,MODEL_UNAVAILABLE,51,2:BetRivers:TOTAL_CORNERS_UNDER:8.5:UNDER,2,,,2023/24,2023-08-19,Frosinone,Napoli,BetRivers,8.5,UNDER,over_8_5,UNSUPPORTED,NOT_APPLICABLE,the-odds-api,ef8a47c3c8c0f71a251e2efcbf84854a,ef8a47c3c8c0f71a251e2efcbf84854a,,2026-08-13T12:30:50Z,,2.55,62.01297771074601,ABSTAIN,50.0,0.0,True,0.0,0.0,0.0,MODEL_UNAVAILABLE,MODEL_UNAVAILABLE,MODEL_UNAVAILABLE,MODEL_UNAVAILABLE,2026-08-13T12:30:50Z,MODEL_UNAVAILABLE,NO_ACCEPTED_MODEL,,,,prematch-20260813T135810Z-506538be
2,TOTAL_CORNERS_UNDER,2.55,,0.6201297771074601,,,,,,,,MODEL_UNAVAILABLE,52,2:BetRivers:TOTAL_CORNERS_UNDER:8.5:UNDER,2,,,2023/24,2023-08-19,Frosinone,Napoli,BetRivers,8.5,UNDER,over_8_5,UNSUPPORTED,NOT_APPLICABLE,the-odds-api,ef8a47c3c8c0f71a251e2efcbf84854a,ef8a47c3c8c0f71a251e2efcbf84854a,,2026-08-13T13:57:41Z,,2.55,62.01297771074601,ABSTAIN,50.0,0.0,True,0.0,0.0,0.0,MODEL_UNAVAILABLE,MODEL_UNAVAILABLE,MODEL_UNAVAILABLE,MODEL_UNAVAILABLE,2026-08-13T13:57:41Z,MODEL_UNAVAILABLE,NO_ACCEPTED_MODEL,,,,prematch-20260813T135810Z-506538be
2,TOTAL_CORNERS_UNDER,1.96,0.26731868399752823,0.6201297771074601,3.740853370388605,-0.24288539763512484,-0.47605537936484466,0.0,0.0,0.0,62.01297771074601,NO BET,53,2:BetRivers:TOTAL_CORNERS_UNDER:9.5:UNDER,2,,,2023/24,2023-08-19,Frosinone,Napoli,BetRivers,9.5,UNDER,over_9_5,SUPPORTED,SCORED,the-odds-api,ef8a47c3c8c0f71a251e2efcbf84854a,ef8a47c3c8c0f71a251e2efcbf84854a,,2026-08-13T11:34:06Z,,1.96,62.01297771074601,ABSTAIN,50.0,0.0,True,0.0,0.0,0.0,/Users/saverio/Documents/CornerLab/CornerLab/models/research/over_9_5_negative_binomial_probability.pkl,a44495228ae3c22d76aefb9e0204c388f57cf307f4733aa2a50b725be0c401e6,f50fc8807b4bfcaf717226fc36782dcf0c5513fa6b2920aaf711f17d4ba5ee61,over_9_5,2026-08-13T11:34:06Z,negative_binomial_probability,NON_POSITIVE_EV,0.0,0.5102040816326531,-0.24288539763512484,prematch-20260813T135810Z-506538be
2,TOTAL_CORNERS_UNDER,1.96,0.26731868399752823,0.6201297771074601,3.740853370388605,-0.24288539763512484,-0.47605537936484466,0.0,0.0,0.0,62.01297771074601,NO BET,54,2:BetRivers:TOTAL_CORNERS_UNDER:9.5:UNDER,2,,,2023/24,2023-08-19,Frosinone,Napoli,BetRivers,9.5,UNDER,over_9_5,SUPPORTED,SCORED,the-odds-api,ef8a47c3c8c0f71a251e2efcbf84854a,ef8a47c3c8c0f71a251e2efcbf84854a,,2026-08-13T12:30:50Z,,1.96,62.01297771074601,ABSTAIN,50.0,0.0,True,0.0,0.0,0.0,/Users/saverio/Documents/CornerLab/CornerLab/models/research/over_9_5_negative_binomial_probability.pkl,a44495228ae3c22d76aefb9e0204c388f57cf307f4733aa2a50b725be0c401e6,f50fc8807b4bfcaf717226fc36782dcf0c5513fa6b2920aaf711f17d4ba5ee61,over_9_5,2026-08-13T12:30:50Z,negative_binomial_probability,NON_POSITIVE_EV,0.0,0.5102040816326531,-0.24288539763512484,prematch-20260813T135810Z-506538be
2,TOTAL_CORNERS_UNDER,1.96,0.26731868399752823,0.6201297771074601,3.740853370388605,-0.24288539763512484,-0.47605537936484466,0.0,0.0,0.0,62.01297771074601,NO BET,55,2:BetRivers:TOTAL_CORNERS_UNDER:9.5:UNDER,2,,,2023/24,2023-08-19,Frosinone,Napoli,BetRivers,9.5,UNDER,over_9_5,SUPPORTED,SCORED,the-odds-api,ef8a47c3c8c0f71a251e2efcbf84854a,ef8a47c3c8c0f71a251e2efcbf84854a,,2026-08-13T13:57:41Z,,1.96,62.01297771074601,ABSTAIN,50.0,0.0,True,0.0,0.0,0.0,/Users/saverio/Documents/CornerLab/CornerLab/models/research/over_9_5_negative_binomial_probability.pkl,a44495228ae3c22d76aefb9e0204c388f57cf307f4733aa2a50b725be0c401e6,f50fc8807b4bfcaf717226fc36782dcf0c5513fa6b2920aaf711f17d4ba5ee61,over_9_5,2026-08-13T13:57:41Z,negative_binomial_probability,NON_POSITIVE_EV,0.0,0.5102040816326531,-0.24288539763512484,prematch-20260813T135810Z-506538be
3,TOTAL_CORNERS_OVER,2.55,0.4691634586092521,0.62013258835244,2.1314532955407786,0.07700659586415404,0.1963668194535928,0.12668827061522117,0.06334413530761059,6.334413530761059,62.013258835244,PLAY,56,3:BetRivers:TOTAL_CORNERS_OVER:10.5:OVER,3,,,2023/24,2023-08-19,Genoa,Fiorentina,BetRivers,10.5,OVER,over_10_5,SUPPORTED,SCORED,the-odds-api,c123d013c16bf22279a1fdf1248c4afb,c123d013c16bf22279a1fdf1248c4afb,,2026-08-13T11:17:24Z,,2.55,62.013258835244,ABSTAIN,50.0,0.0,True,0.0,0.0,0.0,/Users/saverio/Documents/CornerLab/CornerLab/models/research/over_10_5_negative_binomial_probability.pkl,45cbba073d9e3f1fb1ab04753c9435aa68b90a6ee657e1fa145aef1b9654efca,9878dffd54928273ddc7cee56d4478b99375bb955f9fd79fb791ed941e2f6101,over_10_5,2026-08-13T11:17:24Z,negative_binomial_probability,POSITIVE_EV,6.334413530761059,0.3921568627450981,0.07700659586415404,prematch-20260813T135810Z-506538be
3,TOTAL_CORNERS_OVER,2.55,0.4691634586092521,0.62013258835244,2.1314532955407786,0.07700659586415404,0.1963668194535928,0.12668827061522117,0.06334413530761059,6.334413530761059,62.013258835244,PLAY,57,3:BetRivers:TOTAL_CORNERS_OVER:10.5:OVER,3,,,2023/24,2023-08-19,Genoa,Fiorentina,BetRivers,10.5,OVER,over_10_5,SUPPORTED,SCORED,the-odds-api,c123d013c16bf22279a1fdf1248c4afb,c123d013c16bf22279a1fdf1248c4afb,,2026-08-13T11:34:06Z,,2.55,62.013258835244,ABSTAIN,50.0,0.0,True,0.0,0.0,0.0,/Users/saverio/Documents/CornerLab/CornerLab/models/research/over_10_5_negative_binomial_probability.pkl,45cbba073d9e3f1fb1ab04753c9435aa68b90a6ee657e1fa145aef1b9654efca,9878dffd54928273ddc7cee56d4478b99375bb955f9fd79fb791ed941e2f6101,over_10_5,2026-08-13T11:34:06Z,negative_binomial_probability,POSITIVE_EV,6.334413530761059,0.3921568627450981,0.07700659586415404,prematch-20260813T135810Z-506538be
3,TOTAL_CORNERS_OVER,2.55,0.4691634586092521,0.62013258835244,2.1314532955407786,0.07700659586415404,0.1963668194535928,0.12668827061522117,0.06334413530761059,6.334413530761059,62.013258835244,PLAY,58,3:BetRivers:TOTAL_CORNERS_OVER:10.5:OVER,3,,,2023/24,2023-08-19,Genoa,Fiorentina,BetRivers,10.5,OVER,over_10_5,SUPPORTED,SCORED,the-odds-api,c123d013c16bf22279a1fdf1248c4afb,c123d013c16bf22279a1fdf1248c4afb,,2026-08-13T12:30:50Z,,2.55,62.013258835244,ABSTAIN,50.0,0.0,True,0.0,0.0,0.0,/Users/saverio/Documents/CornerLab/CornerLab/models/research/over_10_5_negative_binomial_probability.pkl,45cbba073d9e3f1fb1ab04753c9435aa68b90a6ee657e1fa145aef1b9654efca,9878dffd54928273ddc7cee56d4478b99375bb955f9fd79fb791ed941e2f6101,over_10_5,2026-08-13T12:30:50Z,negative_binomial_probability,POSITIVE_EV,6.334413530761059,0.3921568627450981,0.07700659586415404,prematch-20260813T135810Z-506538be
3,TOTAL_CORNERS_OVER,2.55,0.4691634586092521,0.62013258835244,2.1314532955407786,0.07700659586415404,0.1963668194535928,0.12668827061522117,0.06334413530761059,6.334413530761059,62.013258835244,PLAY,59,3:BetRivers:TOTAL_CORNERS_OVER:10.5:OVER,3,,,2023/24,2023-08-19,Genoa,Fiorentina,BetRivers,10.5,OVER,over_10_5,SUPPORTED,SCORED,the-odds-api,c123d013c16bf22279a1fdf1248c4afb,c123d013c16bf22279a1fdf1248c4afb,,2026-08-13T13:57:42Z,,2.55,62.013258835244,ABSTAIN,50.0,0.0,True,0.0,0.0,0.0,/Users/saverio/Documents/CornerLab/CornerLab/models/research/over_10_5_negative_binomial_probability.pkl,45cbba073d9e3f1fb1ab04753c9435aa68b90a6ee657e1fa145aef1b9654efca,9878dffd54928273ddc7cee56d4478b99375bb955f9fd79fb791ed941e2f6101,over_10_5,2026-08-13T13:57:42Z,negative_binomial_probability,POSITIVE_EV,6.334413530761059,0.3921568627450981,0.07700659586415404,prematch-20260813T135810Z-506538be
3,TOTAL_CORNERS_OVER,3.35,,0.62013258835244,,,,,,,,MODEL_UNAVAILABLE,60,3:BetRivers:TOTAL_CORNERS_OVER:11.5:OVER,3,,,2023/24,2023-08-19,Genoa,Fiorentina,BetRivers,11.5,OVER,over_11_5,UNSUPPORTED,NOT_APPLICABLE,the-odds-api,c123d013c16bf22279a1fdf1248c4afb,c123d013c16bf22279a1fdf1248c4afb,,2026-08-13T11:17:24Z,,3.35,62.013258835244,ABSTAIN,50.0,0.0,True,0.0,0.0,0.0,MODEL_UNAVAILABLE,MODEL_UNAVAILABLE,MODEL_UNAVAILABLE,MODEL_UNAVAILABLE,2026-08-13T11:17:24Z,MODEL_UNAVAILABLE,NO_ACCEPTED_MODEL,,,,prematch-20260813T135810Z-506538be
3,TOTAL_CORNERS_OVER,3.35,,0.62013258835244,,,,,,,,MODEL_UNAVAILABLE,61,3:BetRivers:TOTAL_CORNERS_OVER:11.5:OVER,3,,,2023/24,2023-08-19,Genoa,Fiorentina,BetRivers,11.5,OVER,over_11_5,UNSUPPORTED,NOT_APPLICABLE,the-odds-api,c123d013c16bf22279a1fdf1248c4afb,c123d013c16bf22279a1fdf1248c4afb,,2026-08-13T11:34:06Z,,3.35,62.013258835244,ABSTAIN,50.0,0.0,True,0.0,0.0,0.0,MODEL_UNAVAILABLE,MODEL_UNAVAILABLE,MODEL_UNAVAILABLE,MODEL_UNAVAILABLE,2026-08-13T11:34:06Z,MODEL_UNAVAILABLE,NO_ACCEPTED_MODEL,,,,prematch-20260813T135810Z-506538be
3,TOTAL_CORNERS_OVER,3.35,,0.62013258835244,,,,,,,,MODEL_UNAVAILABLE,62,3:BetRivers:TOTAL_CORNERS_OVER:11.5:OVER,3,,,2023/24,2023-08-19,Genoa,Fiorentina,BetRivers,11.5,OVER,over_11_5,UNSUPPORTED,NOT_APPLICABLE,the-odds-api,c123d013c16bf22279a1fdf1248c4afb,c123d013c16bf22279a1fdf1248c4afb,,2026-08-13T12:30:50Z,,3.35,62.013258835244,ABSTAIN,50.0,0.0,True,0.0,0.0,0.0,MODEL_UNAVAILABLE,MODEL_UNAVAILABLE,MODEL_UNAVAILABLE,MODEL_UNAVAILABLE,2026-08-13T12:30:50Z,MODEL_UNAVAILABLE,NO_ACCEPTED_MODEL,,,,prematch-20260813T135810Z-506538be
3,TOTAL_CORNERS_OVER,3.35,,0.62013258835244,,,,,,,,MODEL_UNAVAILABLE,63,3:BetRivers:TOTAL_CORNERS_OVER:11.5:OVER,3,,,2023/24,2023-08-19,Genoa,Fiorentina,BetRivers,11.5,OVER,over_11_5,UNSUPPORTED,NOT_APPLICABLE,the-odds-api,c123d013c16bf22279a1fdf1248c4afb,c123d013c16bf22279a1fdf1248c4afb,,2026-08-13T13:57:42Z,,3.35,62.013258835244,ABSTAIN,50.0,0.0,True,0.0,0.0,0.0,MODEL_UNAVAILABLE,MODEL_UNAVAILABLE,MODEL_UNAVAILABLE,MODEL_UNAVAILABLE,2026-08-13T13:57:42Z,MODEL_UNAVAILABLE,NO_ACCEPTED_MODEL,,,,prematch-20260813T135810Z-506538be
3,TOTAL_CORNERS_OVER,1.57,,0.62013258835244,,,,,,,,MODEL_UNAVAILABLE,64,3:BetRivers:TOTAL_CORNERS_OVER:8.5:OVER,3,,,2023/24,2023-08-19,Genoa,Fiorentina,BetRivers,8.5,OVER,over_8_5,UNSUPPORTED,NOT_APPLICABLE,the-odds-api,c123d013c16bf22279a1fdf1248c4afb,c123d013c16bf22279a1fdf1248c4afb,,2026-08-13T11:17:24Z,,1.57,62.013258835244,ABSTAIN,50.0,0.0,True,0.0,0.0,0.0,MODEL_UNAVAILABLE,MODEL_UNAVAILABLE,MODEL_UNAVAILABLE,MODEL_UNAVAILABLE,2026-08-13T11:17:24Z,MODEL_UNAVAILABLE,NO_ACCEPTED_MODEL,,,,prematch-20260813T135810Z-506538be
3,TOTAL_CORNERS_OVER,1.57,,0.62013258835244,,,,,,,,MODEL_UNAVAILABLE,65,3:BetRivers:TOTAL_CORNERS_OVER:8.5:OVER,3,,,2023/24,2023-08-19,Genoa,Fiorentina,BetRivers,8.5,OVER,over_8_5,UNSUPPORTED,NOT_APPLICABLE,the-odds-api,c123d013c16bf22279a1fdf1248c4afb,c123d013c16bf22279a1fdf1248c4afb,,2026-08-13T11:34:06Z,,1.57,62.013258835244,ABSTAIN,50.0,0.0,True,0.0,0.0,0.0,MODEL_UNAVAILABLE,MODEL_UNAVAILABLE,MODEL_UNAVAILABLE,MODEL_UNAVAILABLE,2026-08-13T11:34:06Z,MODEL_UNAVAILABLE,NO_ACCEPTED_MODEL,,,,prematch-20260813T135810Z-506538be
3,TOTAL_CORNERS_OVER,1.57,,0.62013258835244,,,,,,,,MODEL_UNAVAILABLE,66,3:BetRivers:TOTAL_CORNERS_OVER:8.5:OVER,3,,,2023/24,2023-08-19,Genoa,Fiorentina,BetRivers,8.5,OVER,over_8_5,UNSUPPORTED,NOT_APPLICABLE,the-odds-api,c123d013c16bf22279a1fdf1248c4afb,c123d013c16bf22279a1fdf1248c4afb,,2026-08-13T12:30:50Z,,1.57,62.013258835244,ABSTAIN,50.0,0.0,True,0.0,0.0,0.0,MODEL_UNAVAILABLE,MODEL_UNAVAILABLE,MODEL_UNAVAILABLE,MODEL_UNAVAILABLE,2026-08-13T12:30:50Z,MODEL_UNAVAILABLE,NO_ACCEPTED_MODEL,,,,prematch-20260813T135810Z-506538be
3,TOTAL_CORNERS_OVER,1.57,,0.62013258835244,,,,,,,,MODEL_UNAVAILABLE,67,3:BetRivers:TOTAL_CORNERS_OVER:8.5:OVER,3,,,2023/24,2023-08-19,Genoa,Fiorentina,BetRivers,8.5,OVER,over_8_5,UNSUPPORTED,NOT_APPLICABLE,the-odds-api,c123d013c16bf22279a1fdf1248c4afb,c123d013c16bf22279a1fdf1248c4afb,,2026-08-13T13:57:42Z,,1.57,62.013258835244,ABSTAIN,50.0,0.0,True,0.0,0.0,0.0,MODEL_UNAVAILABLE,MODEL_UNAVAILABLE,MODEL_UNAVAILABLE,MODEL_UNAVAILABLE,2026-08-13T13:57:42Z,MODEL_UNAVAILABLE,NO_ACCEPTED_MODEL,,,,prematch-20260813T135810Z-506538be
3,TOTAL_CORNERS_OVER,1.95,0.7951351802392581,0.62013258835244,1.257647787259391,0.2823146674187452,0.5505136014665533,0.5794880015437402,0.2897440007718701,28.974400077187013,62.013258835244,PLAY,68,3:BetRivers:TOTAL_CORNERS_OVER:9.5:OVER,3,,,2023/24,2023-08-19,Genoa,Fiorentina,BetRivers,9.5,OVER,over_9_5,SUPPORTED,SCORED,the-odds-api,c123d013c16bf22279a1fdf1248c4afb,c123d013c16bf22279a1fdf1248c4afb,,2026-08-13T11:17:24Z,,1.95,62.013258835244,ABSTAIN,50.0,0.0,True,0.0,0.0,0.0,/Users/saverio/Documents/CornerLab/CornerLab/models/research/over_9_5_negative_binomial_probability.pkl,a44495228ae3c22d76aefb9e0204c388f57cf307f4733aa2a50b725be0c401e6,f50fc8807b4bfcaf717226fc36782dcf0c5513fa6b2920aaf711f17d4ba5ee61,over_9_5,2026-08-13T11:17:24Z,negative_binomial_probability,POSITIVE_EV,28.974400077187013,0.5128205128205129,0.2823146674187452,prematch-20260813T135810Z-506538be
3,TOTAL_CORNERS_OVER,1.95,0.7951351802392581,0.62013258835244,1.257647787259391,0.2823146674187452,0.5505136014665533,0.5794880015437402,0.2897440007718701,28.974400077187013,62.013258835244,PLAY,69,3:BetRivers:TOTAL_CORNERS_OVER:9.5:OVER,3,,,2023/24,2023-08-19,Genoa,Fiorentina,BetRivers,9.5,OVER,over_9_5,SUPPORTED,SCORED,the-odds-api,c123d013c16bf22279a1fdf1248c4afb,c123d013c16bf22279a1fdf1248c4afb,,2026-08-13T11:34:06Z,,1.95,62.013258835244,ABSTAIN,50.0,0.0,True,0.0,0.0,0.0,/Users/saverio/Documents/CornerLab/CornerLab/models/research/over_9_5_negative_binomial_probability.pkl,a44495228ae3c22d76aefb9e0204c388f57cf307f4733aa2a50b725be0c401e6,f50fc8807b4bfcaf717226fc36782dcf0c5513fa6b2920aaf711f17d4ba5ee61,over_9_5,2026-08-13T11:34:06Z,negative_binomial_probability,POSITIVE_EV,28.974400077187013,0.5128205128205129,0.2823146674187452,prematch-20260813T135810Z-506538be
3,TOTAL_CORNERS_OVER,1.95,0.7951351802392581,0.62013258835244,1.257647787259391,0.2823146674187452,0.5505136014665533,0.5794880015437402,0.2897440007718701,28.974400077187013,62.013258835244,PLAY,70,3:BetRivers:TOTAL_CORNERS_OVER:9.5:OVER,3,,,2023/24,2023-08-19,Genoa,Fiorentina,BetRivers,9.5,OVER,over_9_5,SUPPORTED,SCORED,the-odds-api,c123d013c16bf22279a1fdf1248c4afb,c123d013c16bf22279a1fdf1248c4afb,,2026-08-13T12:30:50Z,,1.95,62.013258835244,ABSTAIN,50.0,0.0,True,0.0,0.0,0.0,/Users/saverio/Documents/CornerLab/CornerLab/models/research/over_9_5_negative_binomial_probability.pkl,a44495228ae3c22d76aefb9e0204c388f57cf307f4733aa2a50b725be0c401e6,f50fc8807b4bfcaf717226fc36782dcf0c5513fa6b2920aaf711f17d4ba5ee61,over_9_5,2026-08-13T12:30:50Z,negative_binomial_probability,POSITIVE_EV,28.974400077187013,0.5128205128205129,0.2823146674187452,prematch-20260813T135810Z-506538be
3,TOTAL_CORNERS_OVER,1.95,0.7951351802392581,0.62013258835244,1.257647787259391,0.2823146674187452,0.5505136014665533,0.5794880015437402,0.2897440007718701,28.974400077187013,62.013258835244,PLAY,71,3:BetRivers:TOTAL_CORNERS_OVER:9.5:OVER,3,,,2023/24,2023-08-19,Genoa,Fiorentina,BetRivers,9.5,OVER,over_9_5,SUPPORTED,SCORED,the-odds-api,c123d013c16bf22279a1fdf1248c4afb,c123d013c16bf22279a1fdf1248c4afb,,2026-08-13T13:57:42Z,,1.95,62.013258835244,ABSTAIN,50.0,0.0,True,0.0,0.0,0.0,/Users/saverio/Documents/CornerLab/CornerLab/models/research/over_9_5_negative_binomial_probability.pkl,a44495228ae3c22d76aefb9e0204c388f57cf307f4733aa2a50b725be0c401e6,f50fc8807b4bfcaf717226fc36782dcf0c5513fa6b2920aaf711f17d4ba5ee61,over_9_5,2026-08-13T13:57:42Z,negative_binomial_probability,POSITIVE_EV,28.974400077187013,0.5128205128205129,0.2823146674187452,prematch-20260813T135810Z-506538be
3,TOTAL_CORNERS_UNDER,1.43,0.5308365413907479,0.62013258835244,1.8838190705185491,-0.1684641579099515,-0.24090374581123053,0.0,0.0,0.0,62.013258835244,NO BET,72,3:BetRivers:TOTAL_CORNERS_UNDER:10.5:UNDER,3,,,2023/24,2023-08-19,Genoa,Fiorentina,BetRivers,10.5,UNDER,over_10_5,SUPPORTED,SCORED,the-odds-api,c123d013c16bf22279a1fdf1248c4afb,c123d013c16bf22279a1fdf1248c4afb,,2026-08-13T11:17:24Z,,1.43,62.013258835244,ABSTAIN,50.0,0.0,True,0.0,0.0,0.0,/Users/saverio/Documents/CornerLab/CornerLab/models/research/over_10_5_negative_binomial_probability.pkl,45cbba073d9e3f1fb1ab04753c9435aa68b90a6ee657e1fa145aef1b9654efca,9878dffd54928273ddc7cee56d4478b99375bb955f9fd79fb791ed941e2f6101,over_10_5,2026-08-13T11:17:24Z,negative_binomial_probability,NON_POSITIVE_EV,0.0,0.6993006993006994,-0.1684641579099515,prematch-20260813T135810Z-506538be
3,TOTAL_CORNERS_UNDER,1.43,0.5308365413907479,0.62013258835244,1.8838190705185491,-0.1684641579099515,-0.24090374581123053,0.0,0.0,0.0,62.013258835244,NO BET,73,3:BetRivers:TOTAL_CORNERS_UNDER:10.5:UNDER,3,,,2023/24,2023-08-19,Genoa,Fiorentina,BetRivers,10.5,UNDER,over_10_5,SUPPORTED,SCORED,the-odds-api,c123d013c16bf22279a1fdf1248c4afb,c123d013c16bf22279a1fdf1248c4afb,,2026-08-13T11:34:06Z,,1.43,62.013258835244,ABSTAIN,50.0,0.0,True,0.0,0.0,0.0,/Users/saverio/Documents/CornerLab/CornerLab/models/research/over_10_5_negative_binomial_probability.pkl,45cbba073d9e3f1fb1ab04753c9435aa68b90a6ee657e1fa145aef1b9654efca,9878dffd54928273ddc7cee56d4478b99375bb955f9fd79fb791ed941e2f6101,over_10_5,2026-08-13T11:34:06Z,negative_binomial_probability,NON_POSITIVE_EV,0.0,0.6993006993006994,-0.1684641579099515,prematch-20260813T135810Z-506538be
3,TOTAL_CORNERS_UNDER,1.43,0.5308365413907479,0.62013258835244,1.8838190705185491,-0.1684641579099515,-0.24090374581123053,0.0,0.0,0.0,62.013258835244,NO BET,74,3:BetRivers:TOTAL_CORNERS_UNDER:10.5:UNDER,3,,,2023/24,2023-08-19,Genoa,Fiorentina,BetRivers,10.5,UNDER,over_10_5,SUPPORTED,SCORED,the-odds-api,c123d013c16bf22279a1fdf1248c4afb,c123d013c16bf22279a1fdf1248c4afb,,2026-08-13T12:30:50Z,,1.43,62.013258835244,ABSTAIN,50.0,0.0,True,0.0,0.0,0.0,/Users/saverio/Documents/CornerLab/CornerLab/models/research/over_10_5_negative_binomial_probability.pkl,45cbba073d9e3f1fb1ab04753c9435aa68b90a6ee657e1fa145aef1b9654efca,9878dffd54928273ddc7cee56d4478b99375bb955f9fd79fb791ed941e2f6101,over_10_5,2026-08-13T12:30:50Z,negative_binomial_probability,NON_POSITIVE_EV,0.0,0.6993006993006994,-0.1684641579099515,prematch-20260813T135810Z-506538be
3,TOTAL_CORNERS_UNDER,1.43,0.5308365413907479,0.62013258835244,1.8838190705185491,-0.1684641579099515,-0.24090374581123053,0.0,0.0,0.0,62.013258835244,NO BET,75,3:BetRivers:TOTAL_CORNERS_UNDER:10.5:UNDER,3,,,2023/24,2023-08-19,Genoa,Fiorentina,BetRivers,10.5,UNDER,over_10_5,SUPPORTED,SCORED,the-odds-api,c123d013c16bf22279a1fdf1248c4afb,c123d013c16bf22279a1fdf1248c4afb,,2026-08-13T13:57:42Z,,1.43,62.013258835244,ABSTAIN,50.0,0.0,True,0.0,0.0,0.0,/Users/saverio/Documents/CornerLab/CornerLab/models/research/over_10_5_negative_binomial_probability.pkl,45cbba073d9e3f1fb1ab04753c9435aa68b90a6ee657e1fa145aef1b9654efca,9878dffd54928273ddc7cee56d4478b99375bb955f9fd79fb791ed941e2f6101,over_10_5,2026-08-13T13:57:42Z,negative_binomial_probability,NON_POSITIVE_EV,0.0,0.6993006993006994,-0.1684641579099515,prematch-20260813T135810Z-506538be
3,TOTAL_CORNERS_UNDER,1.26,,0.62013258835244,,,,,,,,MODEL_UNAVAILABLE,76,3:BetRivers:TOTAL_CORNERS_UNDER:11.5:UNDER,3,,,2023/24,2023-08-19,Genoa,Fiorentina,BetRivers,11.5,UNDER,over_11_5,UNSUPPORTED,NOT_APPLICABLE,the-odds-api,c123d013c16bf22279a1fdf1248c4afb,c123d013c16bf22279a1fdf1248c4afb,,2026-08-13T11:17:24Z,,1.26,62.013258835244,ABSTAIN,50.0,0.0,True,0.0,0.0,0.0,MODEL_UNAVAILABLE,MODEL_UNAVAILABLE,MODEL_UNAVAILABLE,MODEL_UNAVAILABLE,2026-08-13T11:17:24Z,MODEL_UNAVAILABLE,NO_ACCEPTED_MODEL,,,,prematch-20260813T135810Z-506538be
3,TOTAL_CORNERS_UNDER,1.26,,0.62013258835244,,,,,,,,MODEL_UNAVAILABLE,77,3:BetRivers:TOTAL_CORNERS_UNDER:11.5:UNDER,3,,,2023/24,2023-08-19,Genoa,Fiorentina,BetRivers,11.5,UNDER,over_11_5,UNSUPPORTED,NOT_APPLICABLE,the-odds-api,c123d013c16bf22279a1fdf1248c4afb,c123d013c16bf22279a1fdf1248c4afb,,2026-08-13T11:34:06Z,,1.26,62.013258835244,ABSTAIN,50.0,0.0,True,0.0,0.0,0.0,MODEL_UNAVAILABLE,MODEL_UNAVAILABLE,MODEL_UNAVAILABLE,MODEL_UNAVAILABLE,2026-08-13T11:34:06Z,MODEL_UNAVAILABLE,NO_ACCEPTED_MODEL,,,,prematch-20260813T135810Z-506538be
3,TOTAL_CORNERS_UNDER,1.26,,0.62013258835244,,,,,,,,MODEL_UNAVAILABLE,78,3:BetRivers:TOTAL_CORNERS_UNDER:11.5:UNDER,3,,,2023/24,2023-08-19,Genoa,Fiorentina,BetRivers,11.5,UNDER,over_11_5,UNSUPPORTED,NOT_APPLICABLE,the-odds-api,c123d013c16bf22279a1fdf1248c4afb,c123d013c16bf22279a1fdf1248c4afb,,2026-08-13T12:30:50Z,,1.26,62.013258835244,ABSTAIN,50.0,0.0,True,0.0,0.0,0.0,MODEL_UNAVAILABLE,MODEL_UNAVAILABLE,MODEL_UNAVAILABLE,MODEL_UNAVAILABLE,2026-08-13T12:30:50Z,MODEL_UNAVAILABLE,NO_ACCEPTED_MODEL,,,,prematch-20260813T135810Z-506538be
3,TOTAL_CORNERS_UNDER,1.26,,0.62013258835244,,,,,,,,MODEL_UNAVAILABLE,79,3:BetRivers:TOTAL_CORNERS_UNDER:11.5:UNDER,3,,,2023/24,2023-08-19,Genoa,Fiorentina,BetRivers,11.5,UNDER,over_11_5,UNSUPPORTED,NOT_APPLICABLE,the-odds-api,c123d013c16bf22279a1fdf1248c4afb,c123d013c16bf22279a1fdf1248c4afb,,2026-08-13T13:57:42Z,,1.26,62.013258835244,ABSTAIN,50.0,0.0,True,0.0,0.0,0.0,MODEL_UNAVAILABLE,MODEL_UNAVAILABLE,MODEL_UNAVAILABLE,MODEL_UNAVAILABLE,2026-08-13T13:57:42Z,MODEL_UNAVAILABLE,NO_ACCEPTED_MODEL,,,,prematch-20260813T135810Z-506538be
3,TOTAL_CORNERS_UNDER,2.16,,0.62013258835244,,,,,,,,MODEL_UNAVAILABLE,80,3:BetRivers:TOTAL_CORNERS_UNDER:8.5:UNDER,3,,,2023/24,2023-08-19,Genoa,Fiorentina,BetRivers,8.5,UNDER,over_8_5,UNSUPPORTED,NOT_APPLICABLE,the-odds-api,c123d013c16bf22279a1fdf1248c4afb,c123d013c16bf22279a1fdf1248c4afb,,2026-08-13T11:17:24Z,,2.16,62.013258835244,ABSTAIN,50.0,0.0,True,0.0,0.0,0.0,MODEL_UNAVAILABLE,MODEL_UNAVAILABLE,MODEL_UNAVAILABLE,MODEL_UNAVAILABLE,2026-08-13T11:17:24Z,MODEL_UNAVAILABLE,NO_ACCEPTED_MODEL,,,,prematch-20260813T135810Z-506538be
3,TOTAL_CORNERS_UNDER,2.16,,0.62013258835244,,,,,,,,MODEL_UNAVAILABLE,81,3:BetRivers:TOTAL_CORNERS_UNDER:8.5:UNDER,3,,,2023/24,2023-08-19,Genoa,Fiorentina,BetRivers,8.5,UNDER,over_8_5,UNSUPPORTED,NOT_APPLICABLE,the-odds-api,c123d013c16bf22279a1fdf1248c4afb,c123d013c16bf22279a1fdf1248c4afb,,2026-08-13T11:34:06Z,,2.16,62.013258835244,ABSTAIN,50.0,0.0,True,0.0,0.0,0.0,MODEL_UNAVAILABLE,MODEL_UNAVAILABLE,MODEL_UNAVAILABLE,MODEL_UNAVAILABLE,2026-08-13T11:34:06Z,MODEL_UNAVAILABLE,NO_ACCEPTED_MODEL,,,,prematch-20260813T135810Z-506538be
3,TOTAL_CORNERS_UNDER,2.16,,0.62013258835244,,,,,,,,MODEL_UNAVAILABLE,82,3:BetRivers:TOTAL_CORNERS_UNDER:8.5:UNDER,3,,,2023/24,2023-08-19,Genoa,Fiorentina,BetRivers,8.5,UNDER,over_8_5,UNSUPPORTED,NOT_APPLICABLE,the-odds-api,c123d013c16bf22279a1fdf1248c4afb,c123d013c16bf22279a1fdf1248c4afb,,2026-08-13T12:30:50Z,,2.16,62.013258835244,ABSTAIN,50.0,0.0,True,0.0,0.0,0.0,MODEL_UNAVAILABLE,MODEL_UNAVAILABLE,MODEL_UNAVAILABLE,MODEL_UNAVAILABLE,2026-08-13T12:30:50Z,MODEL_UNAVAILABLE,NO_ACCEPTED_MODEL,,,,prematch-20260813T135810Z-506538be
3,TOTAL_CORNERS_UNDER,2.16,,0.62013258835244,,,,,,,,MODEL_UNAVAILABLE,83,3:BetRivers:TOTAL_CORNERS_UNDER:8.5:UNDER,3,,,2023/24,2023-08-19,Genoa,Fiorentina,BetRivers,8.5,UNDER,over_8_5,UNSUPPORTED,NOT_APPLICABLE,the-odds-api,c123d013c16bf22279a1fdf1248c4afb,c123d013c16bf22279a1fdf1248c4afb,,2026-08-13T13:57:42Z,,2.16,62.013258835244,ABSTAIN,50.0,0.0,True,0.0,0.0,0.0,MODEL_UNAVAILABLE,MODEL_UNAVAILABLE,MODEL_UNAVAILABLE,MODEL_UNAVAILABLE,2026-08-13T13:57:42Z,MODEL_UNAVAILABLE,NO_ACCEPTED_MODEL,,,,prematch-20260813T135810Z-506538be
3,TOTAL_CORNERS_UNDER,1.71,0.2048648197607419,0.62013258835244,4.881267565450637,-0.379930501876685,-0.6496811582091313,0.0,0.0,0.0,62.013258835244,NO BET,84,3:BetRivers:TOTAL_CORNERS_UNDER:9.5:UNDER,3,,,2023/24,2023-08-19,Genoa,Fiorentina,BetRivers,9.5,UNDER,over_9_5,SUPPORTED,SCORED,the-odds-api,c123d013c16bf22279a1fdf1248c4afb,c123d013c16bf22279a1fdf1248c4afb,,2026-08-13T11:17:24Z,,1.71,62.013258835244,ABSTAIN,50.0,0.0,True,0.0,0.0,0.0,/Users/saverio/Documents/CornerLab/CornerLab/models/research/over_9_5_negative_binomial_probability.pkl,a44495228ae3c22d76aefb9e0204c388f57cf307f4733aa2a50b725be0c401e6,f50fc8807b4bfcaf717226fc36782dcf0c5513fa6b2920aaf711f17d4ba5ee61,over_9_5,2026-08-13T11:17:24Z,negative_binomial_probability,NON_POSITIVE_EV,0.0,0.5847953216374269,-0.379930501876685,prematch-20260813T135810Z-506538be
3,TOTAL_CORNERS_UNDER,1.71,0.2048648197607419,0.62013258835244,4.881267565450637,-0.379930501876685,-0.6496811582091313,0.0,0.0,0.0,62.013258835244,NO BET,85,3:BetRivers:TOTAL_CORNERS_UNDER:9.5:UNDER,3,,,2023/24,2023-08-19,Genoa,Fiorentina,BetRivers,9.5,UNDER,over_9_5,SUPPORTED,SCORED,the-odds-api,c123d013c16bf22279a1fdf1248c4afb,c123d013c16bf22279a1fdf1248c4afb,,2026-08-13T11:34:06Z,,1.71,62.013258835244,ABSTAIN,50.0,0.0,True,0.0,0.0,0.0,/Users/saverio/Documents/CornerLab/CornerLab/models/research/over_9_5_negative_binomial_probability.pkl,a44495228ae3c22d76aefb9e0204c388f57cf307f4733aa2a50b725be0c401e6,f50fc8807b4bfcaf717226fc36782dcf0c5513fa6b2920aaf711f17d4ba5ee61,over_9_5,2026-08-13T11:34:06Z,negative_binomial_probability,NON_POSITIVE_EV,0.0,0.5847953216374269,-0.379930501876685,prematch-20260813T135810Z-506538be
3,TOTAL_CORNERS_UNDER,1.71,0.2048648197607419,0.62013258835244,4.881267565450637,-0.379930501876685,-0.6496811582091313,0.0,0.0,0.0,62.013258835244,NO BET,86,3:BetRivers:TOTAL_CORNERS_UNDER:9.5:UNDER,3,,,2023/24,2023-08-19,Genoa,Fiorentina,BetRivers,9.5,UNDER,over_9_5,SUPPORTED,SCORED,the-odds-api,c123d013c16bf22279a1fdf1248c4afb,c123d013c16bf22279a1fdf1248c4afb,,2026-08-13T12:30:50Z,,1.71,62.013258835244,ABSTAIN,50.0,0.0,True,0.0,0.0,0.0,/Users/saverio/Documents/CornerLab/CornerLab/models/research/over_9_5_negative_binomial_probability.pkl,a44495228ae3c22d76aefb9e0204c388f57cf307f4733aa2a50b725be0c401e6,f50fc8807b4bfcaf717226fc36782dcf0c5513fa6b2920aaf711f17d4ba5ee61,over_9_5,2026-08-13T12:30:50Z,negative_binomial_probability,NON_POSITIVE_EV,0.0,0.5847953216374269,-0.379930501876685,prematch-20260813T135810Z-506538be
3,TOTAL_CORNERS_UNDER,1.71,0.2048648197607419,0.62013258835244,4.881267565450637,-0.379930501876685,-0.6496811582091313,0.0,0.0,0.0,62.013258835244,NO BET,87,3:BetRivers:TOTAL_CORNERS_UNDER:9.5:UNDER,3,,,2023/24,2023-08-19,Genoa,Fiorentina,BetRivers,9.5,UNDER,over_9_5,SUPPORTED,SCORED,the-odds-api,c123d013c16bf22279a1fdf1248c4afb,c123d013c16bf22279a1fdf1248c4afb,,2026-08-13T13:57:42Z,,1.71,62.013258835244,ABSTAIN,50.0,0.0,True,0.0,0.0,0.0,/Users/saverio/Documents/CornerLab/CornerLab/models/research/over_9_5_negative_binomial_probability.pkl,a44495228ae3c22d76aefb9e0204c388f57cf307f4733aa2a50b725be0c401e6,f50fc8807b4bfcaf717226fc36782dcf0c5513fa6b2920aaf711f17d4ba5ee61,over_9_5,2026-08-13T13:57:42Z,negative_binomial_probability,NON_POSITIVE_EV,0.0,0.5847953216374269,-0.379930501876685,prematch-20260813T135810Z-506538be
4,TOTAL_CORNERS_OVER,2.63,0.46106151392496075,0.6201267784461482,2.1689079868912096,0.08083337704283144,0.2125917816226468,0.13042440590346424,0.06521220295173212,6.521220295173212,62.012677844614814,PLAY,88,4:BetRivers:TOTAL_CORNERS_OVER:10.5:OVER,4,,,2023/24,2023-08-19,Inter,Monza,BetRivers,10.5,OVER,over_10_5,SUPPORTED,SCORED,the-odds-api,7d4101254957e46d6037bd1d8f268a0e,7d4101254957e46d6037bd1d8f268a0e,,2026-08-13T11:17:24Z,,2.63,62.012677844614814,ABSTAIN,50.0,0.0,True,0.0,0.0,0.0,/Users/saverio/Documents/CornerLab/CornerLab/models/research/over_10_5_negative_binomial_probability.pkl,45cbba073d9e3f1fb1ab04753c9435aa68b90a6ee657e1fa145aef1b9654efca,9878dffd54928273ddc7cee56d4478b99375bb955f9fd79fb791ed941e2f6101,over_10_5,2026-08-13T11:17:24Z,negative_binomial_probability,POSITIVE_EV,6.521220295173212,0.3802281368821293,0.08083337704283144,prematch-20260813T135810Z-506538be
4,TOTAL_CORNERS_OVER,2.63,0.46106151392496075,0.6201267784461482,2.1689079868912096,0.08083337704283144,0.2125917816226468,0.13042440590346424,0.06521220295173212,6.521220295173212,62.012677844614814,PLAY,89,4:BetRivers:TOTAL_CORNERS_OVER:10.5:OVER,4,,,2023/24,2023-08-19,Inter,Monza,BetRivers,10.5,OVER,over_10_5,SUPPORTED,SCORED,the-odds-api,7d4101254957e46d6037bd1d8f268a0e,7d4101254957e46d6037bd1d8f268a0e,,2026-08-13T11:34:06Z,,2.63,62.012677844614814,ABSTAIN,50.0,0.0,True,0.0,0.0,0.0,/Users/saverio/Documents/CornerLab/CornerLab/models/research/over_10_5_negative_binomial_probability.pkl,45cbba073d9e3f1fb1ab04753c9435aa68b90a6ee657e1fa145aef1b9654efca,9878dffd54928273ddc7cee56d4478b99375bb955f9fd79fb791ed941e2f6101,over_10_5,2026-08-13T11:34:06Z,negative_binomial_probability,POSITIVE_EV,6.521220295173212,0.3802281368821293,0.08083337704283144,prematch-20260813T135810Z-506538be
4,TOTAL_CORNERS_OVER,2.63,0.46106151392496075,0.6201267784461482,2.1689079868912096,0.08083337704283144,0.2125917816226468,0.13042440590346424,0.06521220295173212,6.521220295173212,62.012677844614814,PLAY,90,4:BetRivers:TOTAL_CORNERS_OVER:10.5:OVER,4,,,2023/24,2023-08-19,Inter,Monza,BetRivers,10.5,OVER,over_10_5,SUPPORTED,SCORED,the-odds-api,7d4101254957e46d6037bd1d8f268a0e,7d4101254957e46d6037bd1d8f268a0e,,2026-08-13T12:30:50Z,,2.63,62.012677844614814,ABSTAIN,50.0,0.0,True,0.0,0.0,0.0,/Users/saverio/Documents/CornerLab/CornerLab/models/research/over_10_5_negative_binomial_probability.pkl,45cbba073d9e3f1fb1ab04753c9435aa68b90a6ee657e1fa145aef1b9654efca,9878dffd54928273ddc7cee56d4478b99375bb955f9fd79fb791ed941e2f6101,over_10_5,2026-08-13T12:30:50Z,negative_binomial_probability,POSITIVE_EV,6.521220295173212,0.3802281368821293,0.08083337704283144,prematch-20260813T135810Z-506538be
4,TOTAL_CORNERS_OVER,2.63,0.46106151392496075,0.6201267784461482,2.1689079868912096,0.08083337704283144,0.2125917816226468,0.13042440590346424,0.06521220295173212,6.521220295173212,62.012677844614814,PLAY,91,4:BetRivers:TOTAL_CORNERS_OVER:10.5:OVER,4,,,2023/24,2023-08-19,Inter,Monza,BetRivers,10.5,OVER,over_10_5,SUPPORTED,SCORED,the-odds-api,7d4101254957e46d6037bd1d8f268a0e,7d4101254957e46d6037bd1d8f268a0e,,2026-08-13T13:57:43Z,,2.63,62.012677844614814,ABSTAIN,50.0,0.0,True,0.0,0.0,0.0,/Users/saverio/Documents/CornerLab/CornerLab/models/research/over_10_5_negative_binomial_probability.pkl,45cbba073d9e3f1fb1ab04753c9435aa68b90a6ee657e1fa145aef1b9654efca,9878dffd54928273ddc7cee56d4478b99375bb955f9fd79fb791ed941e2f6101,over_10_5,2026-08-13T13:57:43Z,negative_binomial_probability,POSITIVE_EV,6.521220295173212,0.3802281368821293,0.08083337704283144,prematch-20260813T135810Z-506538be
4,TOTAL_CORNERS_OVER,3.5,,0.6201267784461482,,,,,,,,MODEL_UNAVAILABLE,92,4:BetRivers:TOTAL_CORNERS_OVER:11.5:OVER,4,,,2023/24,2023-08-19,Inter,Monza,BetRivers,11.5,OVER,over_11_5,UNSUPPORTED,NOT_APPLICABLE,the-odds-api,7d4101254957e46d6037bd1d8f268a0e,7d4101254957e46d6037bd1d8f268a0e,,2026-08-13T11:17:24Z,,3.5,62.012677844614814,ABSTAIN,50.0,0.0,True,0.0,0.0,0.0,MODEL_UNAVAILABLE,MODEL_UNAVAILABLE,MODEL_UNAVAILABLE,MODEL_UNAVAILABLE,2026-08-13T11:17:24Z,MODEL_UNAVAILABLE,NO_ACCEPTED_MODEL,,,,prematch-20260813T135810Z-506538be
4,TOTAL_CORNERS_OVER,3.5,,0.6201267784461482,,,,,,,,MODEL_UNAVAILABLE,93,4:BetRivers:TOTAL_CORNERS_OVER:11.5:OVER,4,,,2023/24,2023-08-19,Inter,Monza,BetRivers,11.5,OVER,over_11_5,UNSUPPORTED,NOT_APPLICABLE,the-odds-api,7d4101254957e46d6037bd1d8f268a0e,7d4101254957e46d6037bd1d8f268a0e,,2026-08-13T11:34:06Z,,3.5,62.012677844614814,ABSTAIN,50.0,0.0,True,0.0,0.0,0.0,MODEL_UNAVAILABLE,MODEL_UNAVAILABLE,MODEL_UNAVAILABLE,MODEL_UNAVAILABLE,2026-08-13T11:34:06Z,MODEL_UNAVAILABLE,NO_ACCEPTED_MODEL,,,,prematch-20260813T135810Z-506538be
4,TOTAL_CORNERS_OVER,3.5,,0.6201267784461482,,,,,,,,MODEL_UNAVAILABLE,94,4:BetRivers:TOTAL_CORNERS_OVER:11.5:OVER,4,,,2023/24,2023-08-19,Inter,Monza,BetRivers,11.5,OVER,over_11_5,UNSUPPORTED,NOT_APPLICABLE,the-odds-api,7d4101254957e46d6037bd1d8f268a0e,7d4101254957e46d6037bd1d8f268a0e,,2026-08-13T12:30:50Z,,3.5,62.012677844614814,ABSTAIN,50.0,0.0,True,0.0,0.0,0.0,MODEL_UNAVAILABLE,MODEL_UNAVAILABLE,MODEL_UNAVAILABLE,MODEL_UNAVAILABLE,2026-08-13T12:30:50Z,MODEL_UNAVAILABLE,NO_ACCEPTED_MODEL,,,,prematch-20260813T135810Z-506538be
4,TOTAL_CORNERS_OVER,3.5,,0.6201267784461482,,,,,,,,MODEL_UNAVAILABLE,95,4:BetRivers:TOTAL_CORNERS_OVER:11.5:OVER,4,,,2023/24,2023-08-19,Inter,Monza,BetRivers,11.5,OVER,over_11_5,UNSUPPORTED,NOT_APPLICABLE,the-odds-api,7d4101254957e46d6037bd1d8f268a0e,7d4101254957e46d6037bd1d8f268a0e,,2026-08-13T13:57:43Z,,3.5,62.012677844614814,ABSTAIN,50.0,0.0,True,0.0,0.0,0.0,MODEL_UNAVAILABLE,MODEL_UNAVAILABLE,MODEL_UNAVAILABLE,MODEL_UNAVAILABLE,2026-08-13T13:57:43Z,MODEL_UNAVAILABLE,NO_ACCEPTED_MODEL,,,,prematch-20260813T135810Z-506538be
4,TOTAL_CORNERS_OVER,1.62,,0.6201267784461482,,,,,,,,MODEL_UNAVAILABLE,96,4:BetRivers:TOTAL_CORNERS_OVER:8.5:OVER,4,,,2023/24,2023-08-19,Inter,Monza,BetRivers,8.5,OVER,over_8_5,UNSUPPORTED,NOT_APPLICABLE,the-odds-api,7d4101254957e46d6037bd1d8f268a0e,7d4101254957e46d6037bd1d8f268a0e,,2026-08-13T11:17:24Z,,1.62,62.012677844614814,ABSTAIN,50.0,0.0,True,0.0,0.0,0.0,MODEL_UNAVAILABLE,MODEL_UNAVAILABLE,MODEL_UNAVAILABLE,MODEL_UNAVAILABLE,2026-08-13T11:17:24Z,MODEL_UNAVAILABLE,NO_ACCEPTED_MODEL,,,,prematch-20260813T135810Z-506538be
4,TOTAL_CORNERS_OVER,1.62,,0.6201267784461482,,,,,,,,MODEL_UNAVAILABLE,97,4:BetRivers:TOTAL_CORNERS_OVER:8.5:OVER,4,,,2023/24,2023-08-19,Inter,Monza,BetRivers,8.5,OVER,over_8_5,UNSUPPORTED,NOT_APPLICABLE,the-odds-api,7d4101254957e46d6037bd1d8f268a0e,7d4101254957e46d6037bd1d8f268a0e,,2026-08-13T11:34:06Z,,1.62,62.012677844614814,ABSTAIN,50.0,0.0,True,0.0,0.0,0.0,MODEL_UNAVAILABLE,MODEL_UNAVAILABLE,MODEL_UNAVAILABLE,MODEL_UNAVAILABLE,2026-08-13T11:34:06Z,MODEL_UNAVAILABLE,NO_ACCEPTED_MODEL,,,,prematch-20260813T135810Z-506538be
4,TOTAL_CORNERS_OVER,1.62,,0.6201267784461482,,,,,,,,MODEL_UNAVAILABLE,98,4:BetRivers:TOTAL_CORNERS_OVER:8.5:OVER,4,,,2023/24,2023-08-19,Inter,Monza,BetRivers,8.5,OVER,over_8_5,UNSUPPORTED,NOT_APPLICABLE,the-odds-api,7d4101254957e46d6037bd1d8f268a0e,7d4101254957e46d6037bd1d8f268a0e,,2026-08-13T12:30:50Z,,1.62,62.012677844614814,ABSTAIN,50.0,0.0,True,0.0,0.0,0.0,MODEL_UNAVAILABLE,MODEL_UNAVAILABLE,MODEL_UNAVAILABLE,MODEL_UNAVAILABLE,2026-08-13T12:30:50Z,MODEL_UNAVAILABLE,NO_ACCEPTED_MODEL,,,,prematch-20260813T135810Z-506538be
4,TOTAL_CORNERS_OVER,1.62,,0.6201267784461482,,,,,,,,MODEL_UNAVAILABLE,99,4:BetRivers:TOTAL_CORNERS_OVER:8.5:OVER,4,,,2023/24,2023-08-19,Inter,Monza,BetRivers,8.5,OVER,over_8_5,UNSUPPORTED,NOT_APPLICABLE,the-odds-api,7d4101254957e46d6037bd1d8f268a0e,7d4101254957e46d6037bd1d8f268a0e,,2026-08-13T13:57:43Z,,1.62,62.012677844614814,ABSTAIN,50.0,0.0,True,0.0,0.0,0.0,MODEL_UNAVAILABLE,MODEL_UNAVAILABLE,MODEL_UNAVAILABLE,MODEL_UNAVAILABLE,2026-08-13T13:57:43Z,MODEL_UNAVAILABLE,NO_ACCEPTED_MODEL,,,,prematch-20260813T135810Z-506538be
4,TOTAL_CORNERS_OVER,2.04,0.7845021800705156,0.6201267784461482,1.2746937171163937,0.2943061016391431,0.600384447343852,0.5772927378306268,0.2886463689153134,28.864636891531344,62.012677844614814,PLAY,100,4:BetRivers:TOTAL_CORNERS_OVER:9.5:OVER,4,,,2023/24,2023-08-19,Inter,Monza,BetRivers,9.5,OVER,over_9_5,SUPPORTED,SCORED,the-odds-api,7d4101254957e46d6037bd1d8f268a0e,7d4101254957e46d6037bd1d8f268a0e,,2026-08-13T11:17:24Z,,2.04,62.012677844614814,ABSTAIN,50.0,0.0,True,0.0,0.0,0.0,/Users/saverio/Documents/CornerLab/CornerLab/models/research/over_9_5_negative_binomial_probability.pkl,a44495228ae3c22d76aefb9e0204c388f57cf307f4733aa2a50b725be0c401e6,f50fc8807b4bfcaf717226fc36782dcf0c5513fa6b2920aaf711f17d4ba5ee61,over_9_5,2026-08-13T11:17:24Z,negative_binomial_probability,POSITIVE_EV,28.864636891531344,0.49019607843137253,0.2943061016391431,prematch-20260813T135810Z-506538be
4,TOTAL_CORNERS_OVER,2.04,0.7845021800705156,0.6201267784461482,1.2746937171163937,0.2943061016391431,0.600384447343852,0.5772927378306268,0.2886463689153134,28.864636891531344,62.012677844614814,PLAY,101,4:BetRivers:TOTAL_CORNERS_OVER:9.5:OVER,4,,,2023/24,2023-08-19,Inter,Monza,BetRivers,9.5,OVER,over_9_5,SUPPORTED,SCORED,the-odds-api,7d4101254957e46d6037bd1d8f268a0e,7d4101254957e46d6037bd1d8f268a0e,,2026-08-13T11:34:06Z,,2.04,62.012677844614814,ABSTAIN,50.0,0.0,True,0.0,0.0,0.0,/Users/saverio/Documents/CornerLab/CornerLab/models/research/over_9_5_negative_binomial_probability.pkl,a44495228ae3c22d76aefb9e0204c388f57cf307f4733aa2a50b725be0c401e6,f50fc8807b4bfcaf717226fc36782dcf0c5513fa6b2920aaf711f17d4ba5ee61,over_9_5,2026-08-13T11:34:06Z,negative_binomial_probability,POSITIVE_EV,28.864636891531344,0.49019607843137253,0.2943061016391431,prematch-20260813T135810Z-506538be
4,TOTAL_CORNERS_OVER,2.04,0.7845021800705156,0.6201267784461482,1.2746937171163937,0.2943061016391431,0.600384447343852,0.5772927378306268,0.2886463689153134,28.864636891531344,62.012677844614814,PLAY,102,4:BetRivers:TOTAL_CORNERS_OVER:9.5:OVER,4,,,2023/24,2023-08-19,Inter,Monza,BetRivers,9.5,OVER,over_9_5,SUPPORTED,SCORED,the-odds-api,7d4101254957e46d6037bd1d8f268a0e,7d4101254957e46d6037bd1d8f268a0e,,2026-08-13T12:30:50Z,,2.04,62.012677844614814,ABSTAIN,50.0,0.0,True,0.0,0.0,0.0,/Users/saverio/Documents/CornerLab/CornerLab/models/research/over_9_5_negative_binomial_probability.pkl,a44495228ae3c22d76aefb9e0204c388f57cf307f4733aa2a50b725be0c401e6,f50fc8807b4bfcaf717226fc36782dcf0c5513fa6b2920aaf711f17d4ba5ee61,over_9_5,2026-08-13T12:30:50Z,negative_binomial_probability,POSITIVE_EV,28.864636891531344,0.49019607843137253,0.2943061016391431,prematch-20260813T135810Z-506538be
4,TOTAL_CORNERS_OVER,2.04,0.7845021800705156,0.6201267784461482,1.2746937171163937,0.2943061016391431,0.600384447343852,0.5772927378306268,0.2886463689153134,28.864636891531344,62.012677844614814,PLAY,103,4:BetRivers:TOTAL_CORNERS_OVER:9.5:OVER,4,,,2023/24,2023-08-19,Inter,Monza,BetRivers,9.5,OVER,over_9_5,SUPPORTED,SCORED,the-odds-api,7d4101254957e46d6037bd1d8f268a0e,7d4101254957e46d6037bd1d8f268a0e,,2026-08-13T13:57:43Z,,2.04,62.012677844614814,ABSTAIN,50.0,0.0,True,0.0,0.0,0.0,/Users/saverio/Documents/CornerLab/CornerLab/models/research/over_9_5_negative_binomial_probability.pkl,a44495228ae3c22d76aefb9e0204c388f57cf307f4733aa2a50b725be0c401e6,f50fc8807b4bfcaf717226fc36782dcf0c5513fa6b2920aaf711f17d4ba5ee61,over_9_5,2026-08-13T13:57:43Z,negative_binomial_probability,POSITIVE_EV,28.864636891531344,0.49019607843137253,0.2943061016391431,prematch-20260813T135810Z-506538be
4,TOTAL_CORNERS_UNDER,1.4,0.5389384860750392,0.6201267784461482,1.855499330327589,-0.17534722821067505,-0.24548611949494514,0.0,0.0,0.0,62.012677844614814,NO BET,104,4:BetRivers:TOTAL_CORNERS_UNDER:10.5:UNDER,4,,,2023/24,2023-08-19,Inter,Monza,BetRivers,10.5,UNDER,over_10_5,SUPPORTED,SCORED,the-odds-api,7d4101254957e46d6037bd1d8f268a0e,7d4101254957e46d6037bd1d8f268a0e,,2026-08-13T11:17:24Z,,1.4,62.012677844614814,ABSTAIN,50.0,0.0,True,0.0,0.0,0.0,/Users/saverio/Documents/CornerLab/CornerLab/models/research/over_10_5_negative_binomial_probability.pkl,45cbba073d9e3f1fb1ab04753c9435aa68b90a6ee657e1fa145aef1b9654efca,9878dffd54928273ddc7cee56d4478b99375bb955f9fd79fb791ed941e2f6101,over_10_5,2026-08-13T11:17:24Z,negative_binomial_probability,NON_POSITIVE_EV,0.0,0.7142857142857143,-0.17534722821067505,prematch-20260813T135810Z-506538be
4,TOTAL_CORNERS_UNDER,1.4,0.5389384860750392,0.6201267784461482,1.855499330327589,-0.17534722821067505,-0.24548611949494514,0.0,0.0,0.0,62.012677844614814,NO BET,105,4:BetRivers:TOTAL_CORNERS_UNDER:10.5:UNDER,4,,,2023/24,2023-08-19,Inter,Monza,BetRivers,10.5,UNDER,over_10_5,SUPPORTED,SCORED,the-odds-api,7d4101254957e46d6037bd1d8f268a0e,7d4101254957e46d6037bd1d8f268a0e,,2026-08-13T11:34:06Z,,1.4,62.012677844614814,ABSTAIN,50.0,0.0,True,0.0,0.0,0.0,/Users/saverio/Documents/CornerLab/CornerLab/models/research/over_10_5_negative_binomial_probability.pkl,45cbba073d9e3f1fb1ab04753c9435aa68b90a6ee657e1fa145aef1b9654efca,9878dffd54928273ddc7cee56d4478b99375bb955f9fd79fb791ed941e2f6101,over_10_5,2026-08-13T11:34:06Z,negative_binomial_probability,NON_POSITIVE_EV,0.0,0.7142857142857143,-0.17534722821067505,prematch-20260813T135810Z-506538be
4,TOTAL_CORNERS_UNDER,1.4,0.5389384860750392,0.6201267784461482,1.855499330327589,-0.17534722821067505,-0.24548611949494514,0.0,0.0,0.0,62.012677844614814,NO BET,106,4:BetRivers:TOTAL_CORNERS_UNDER:10.5:UNDER,4,,,2023/24,2023-08-19,Inter,Monza,BetRivers,10.5,UNDER,over_10_5,SUPPORTED,SCORED,the-odds-api,7d4101254957e46d6037bd1d8f268a0e,7d4101254957e46d6037bd1d8f268a0e,,2026-08-13T12:30:50Z,,1.4,62.012677844614814,ABSTAIN,50.0,0.0,True,0.0,0.0,0.0,/Users/saverio/Documents/CornerLab/CornerLab/models/research/over_10_5_negative_binomial_probability.pkl,45cbba073d9e3f1fb1ab04753c9435aa68b90a6ee657e1fa145aef1b9654efca,9878dffd54928273ddc7cee56d4478b99375bb955f9fd79fb791ed941e2f6101,over_10_5,2026-08-13T12:30:50Z,negative_binomial_probability,NON_POSITIVE_EV,0.0,0.7142857142857143,-0.17534722821067505,prematch-20260813T135810Z-506538be
4,TOTAL_CORNERS_UNDER,1.4,0.5389384860750392,0.6201267784461482,1.855499330327589,-0.17534722821067505,-0.24548611949494514,0.0,0.0,0.0,62.012677844614814,NO BET,107,4:BetRivers:TOTAL_CORNERS_UNDER:10.5:UNDER,4,,,2023/24,2023-08-19,Inter,Monza,BetRivers,10.5,UNDER,over_10_5,SUPPORTED,SCORED,the-odds-api,7d4101254957e46d6037bd1d8f268a0e,7d4101254957e46d6037bd1d8f268a0e,,2026-08-13T13:57:43Z,,1.4,62.012677844614814,ABSTAIN,50.0,0.0,True,0.0,0.0,0.0,/Users/saverio/Documents/CornerLab/CornerLab/models/research/over_10_5_negative_binomial_probability.pkl,45cbba073d9e3f1fb1ab04753c9435aa68b90a6ee657e1fa145aef1b9654efca,9878dffd54928273ddc7cee56d4478b99375bb955f9fd79fb791ed941e2f6101,over_10_5,2026-08-13T13:57:43Z,negative_binomial_probability,NON_POSITIVE_EV,0.0,0.7142857142857143,-0.17534722821067505,prematch-20260813T135810Z-506538be
4,TOTAL_CORNERS_UNDER,1.23,,0.6201267784461482,,,,,,,,MODEL_UNAVAILABLE,108,4:BetRivers:TOTAL_CORNERS_UNDER:11.5:UNDER,4,,,2023/24,2023-08-19,Inter,Monza,BetRivers,11.5,UNDER,over_11_5,UNSUPPORTED,NOT_APPLICABLE,the-odds-api,7d4101254957e46d6037bd1d8f268a0e,7d4101254957e46d6037bd1d8f268a0e,,2026-08-13T11:17:24Z,,1.23,62.012677844614814,ABSTAIN,50.0,0.0,True,0.0,0.0,0.0,MODEL_UNAVAILABLE,MODEL_UNAVAILABLE,MODEL_UNAVAILABLE,MODEL_UNAVAILABLE,2026-08-13T11:17:24Z,MODEL_UNAVAILABLE,NO_ACCEPTED_MODEL,,,,prematch-20260813T135810Z-506538be
4,TOTAL_CORNERS_UNDER,1.23,,0.6201267784461482,,,,,,,,MODEL_UNAVAILABLE,109,4:BetRivers:TOTAL_CORNERS_UNDER:11.5:UNDER,4,,,2023/24,2023-08-19,Inter,Monza,BetRivers,11.5,UNDER,over_11_5,UNSUPPORTED,NOT_APPLICABLE,the-odds-api,7d4101254957e46d6037bd1d8f268a0e,7d4101254957e46d6037bd1d8f268a0e,,2026-08-13T11:34:06Z,,1.23,62.012677844614814,ABSTAIN,50.0,0.0,True,0.0,0.0,0.0,MODEL_UNAVAILABLE,MODEL_UNAVAILABLE,MODEL_UNAVAILABLE,MODEL_UNAVAILABLE,2026-08-13T11:34:06Z,MODEL_UNAVAILABLE,NO_ACCEPTED_MODEL,,,,prematch-20260813T135810Z-506538be
4,TOTAL_CORNERS_UNDER,1.23,,0.6201267784461482,,,,,,,,MODEL_UNAVAILABLE,110,4:BetRivers:TOTAL_CORNERS_UNDER:11.5:UNDER,4,,,2023/24,2023-08-19,Inter,Monza,BetRivers,11.5,UNDER,over_11_5,UNSUPPORTED,NOT_APPLICABLE,the-odds-api,7d4101254957e46d6037bd1d8f268a0e,7d4101254957e46d6037bd1d8f268a0e,,2026-08-13T12:30:50Z,,1.23,62.012677844614814,ABSTAIN,50.0,0.0,True,0.0,0.0,0.0,MODEL_UNAVAILABLE,MODEL_UNAVAILABLE,MODEL_UNAVAILABLE,MODEL_UNAVAILABLE,2026-08-13T12:30:50Z,MODEL_UNAVAILABLE,NO_ACCEPTED_MODEL,,,,prematch-20260813T135810Z-506538be
4,TOTAL_CORNERS_UNDER,1.23,,0.6201267784461482,,,,,,,,MODEL_UNAVAILABLE,111,4:BetRivers:TOTAL_CORNERS_UNDER:11.5:UNDER,4,,,2023/24,2023-08-19,Inter,Monza,BetRivers,11.5,UNDER,over_11_5,UNSUPPORTED,NOT_APPLICABLE,the-odds-api,7d4101254957e46d6037bd1d8f268a0e,7d4101254957e46d6037bd1d8f268a0e,,2026-08-13T13:57:43Z,,1.23,62.012677844614814,ABSTAIN,50.0,0.0,True,0.0,0.0,0.0,MODEL_UNAVAILABLE,MODEL_UNAVAILABLE,MODEL_UNAVAILABLE,MODEL_UNAVAILABLE,2026-08-13T13:57:43Z,MODEL_UNAVAILABLE,NO_ACCEPTED_MODEL,,,,prematch-20260813T135810Z-506538be
4,TOTAL_CORNERS_UNDER,2.1,,0.6201267784461482,,,,,,,,MODEL_UNAVAILABLE,112,4:BetRivers:TOTAL_CORNERS_UNDER:8.5:UNDER,4,,,2023/24,2023-08-19,Inter,Monza,BetRivers,8.5,UNDER,over_8_5,UNSUPPORTED,NOT_APPLICABLE,the-odds-api,7d4101254957e46d6037bd1d8f268a0e,7d4101254957e46d6037bd1d8f268a0e,,2026-08-13T11:17:24Z,,2.1,62.012677844614814,ABSTAIN,50.0,0.0,True,0.0,0.0,0.0,MODEL_UNAVAILABLE,MODEL_UNAVAILABLE,MODEL_UNAVAILABLE,MODEL_UNAVAILABLE,2026-08-13T11:17:24Z,MODEL_UNAVAILABLE,NO_ACCEPTED_MODEL,,,,prematch-20260813T135810Z-506538be
4,TOTAL_CORNERS_UNDER,2.1,,0.6201267784461482,,,,,,,,MODEL_UNAVAILABLE,113,4:BetRivers:TOTAL_CORNERS_UNDER:8.5:UNDER,4,,,2023/24,2023-08-19,Inter,Monza,BetRivers,8.5,UNDER,over_8_5,UNSUPPORTED,NOT_APPLICABLE,the-odds-api,7d4101254957e46d6037bd1d8f268a0e,7d4101254957e46d6037bd1d8f268a0e,,2026-08-13T11:34:06Z,,2.1,62.012677844614814,ABSTAIN,50.0,0.0,True,0.0,0.0,0.0,MODEL_UNAVAILABLE,MODEL_UNAVAILABLE,MODEL_UNAVAILABLE,MODEL_UNAVAILABLE,2026-08-13T11:34:06Z,MODEL_UNAVAILABLE,NO_ACCEPTED_MODEL,,,,prematch-20260813T135810Z-506538be
4,TOTAL_CORNERS_UNDER,2.1,,0.6201267784461482,,,,,,,,MODEL_UNAVAILABLE,114,4:BetRivers:TOTAL_CORNERS_UNDER:8.5:UNDER,4,,,2023/24,2023-08-19,Inter,Monza,BetRivers,8.5,UNDER,over_8_5,UNSUPPORTED,NOT_APPLICABLE,the-odds-api,7d4101254957e46d6037bd1d8f268a0e,7d4101254957e46d6037bd1d8f268a0e,,2026-08-13T12:30:50Z,,2.1,62.012677844614814,ABSTAIN,50.0,0.0,True,0.0,0.0,0.0,MODEL_UNAVAILABLE,MODEL_UNAVAILABLE,MODEL_UNAVAILABLE,MODEL_UNAVAILABLE,2026-08-13T12:30:50Z,MODEL_UNAVAILABLE,NO_ACCEPTED_MODEL,,,,prematch-20260813T135810Z-506538be
4,TOTAL_CORNERS_UNDER,2.1,,0.6201267784461482,,,,,,,,MODEL_UNAVAILABLE,115,4:BetRivers:TOTAL_CORNERS_UNDER:8.5:UNDER,4,,,2023/24,2023-08-19,Inter,Monza,BetRivers,8.5,UNDER,over_8_5,UNSUPPORTED,NOT_APPLICABLE,the-odds-api,7d4101254957e46d6037bd1d8f268a0e,7d4101254957e46d6037bd1d8f268a0e,,2026-08-13T13:57:43Z,,2.1,62.012677844614814,ABSTAIN,50.0,0.0,True,0.0,0.0,0.0,MODEL_UNAVAILABLE,MODEL_UNAVAILABLE,MODEL_UNAVAILABLE,MODEL_UNAVAILABLE,2026-08-13T13:57:43Z,MODEL_UNAVAILABLE,NO_ACCEPTED_MODEL,,,,prematch-20260813T135810Z-506538be
4,TOTAL_CORNERS_UNDER,1.66,0.21549781992948436,0.6201267784461482,4.6404181737301196,-0.38691181862473256,-0.6422736189170559,0.0,0.0,0.0,62.012677844614814,NO BET,116,4:BetRivers:TOTAL_CORNERS_UNDER:9.5:UNDER,4,,,2023/24,2023-08-19,Inter,Monza,BetRivers,9.5,UNDER,over_9_5,SUPPORTED,SCORED,the-odds-api,7d4101254957e46d6037bd1d8f268a0e,7d4101254957e46d6037bd1d8f268a0e,,2026-08-13T11:17:24Z,,1.66,62.012677844614814,ABSTAIN,50.0,0.0,True,0.0,0.0,0.0,/Users/saverio/Documents/CornerLab/CornerLab/models/research/over_9_5_negative_binomial_probability.pkl,a44495228ae3c22d76aefb9e0204c388f57cf307f4733aa2a50b725be0c401e6,f50fc8807b4bfcaf717226fc36782dcf0c5513fa6b2920aaf711f17d4ba5ee61,over_9_5,2026-08-13T11:17:24Z,negative_binomial_probability,NON_POSITIVE_EV,0.0,0.6024096385542169,-0.38691181862473256,prematch-20260813T135810Z-506538be
4,TOTAL_CORNERS_UNDER,1.66,0.21549781992948436,0.6201267784461482,4.6404181737301196,-0.38691181862473256,-0.6422736189170559,0.0,0.0,0.0,62.012677844614814,NO BET,117,4:BetRivers:TOTAL_CORNERS_UNDER:9.5:UNDER,4,,,2023/24,2023-08-19,Inter,Monza,BetRivers,9.5,UNDER,over_9_5,SUPPORTED,SCORED,the-odds-api,7d4101254957e46d6037bd1d8f268a0e,7d4101254957e46d6037bd1d8f268a0e,,2026-08-13T11:34:06Z,,1.66,62.012677844614814,ABSTAIN,50.0,0.0,True,0.0,0.0,0.0,/Users/saverio/Documents/CornerLab/CornerLab/models/research/over_9_5_negative_binomial_probability.pkl,a44495228ae3c22d76aefb9e0204c388f57cf307f4733aa2a50b725be0c401e6,f50fc8807b4bfcaf717226fc36782dcf0c5513fa6b2920aaf711f17d4ba5ee61,over_9_5,2026-08-13T11:34:06Z,negative_binomial_probability,NON_POSITIVE_EV,0.0,0.6024096385542169,-0.38691181862473256,prematch-20260813T135810Z-506538be
4,TOTAL_CORNERS_UNDER,1.66,0.21549781992948436,0.6201267784461482,4.6404181737301196,-0.38691181862473256,-0.6422736189170559,0.0,0.0,0.0,62.012677844614814,NO BET,118,4:BetRivers:TOTAL_CORNERS_UNDER:9.5:UNDER,4,,,2023/24,2023-08-19,Inter,Monza,BetRivers,9.5,UNDER,over_9_5,SUPPORTED,SCORED,the-odds-api,7d4101254957e46d6037bd1d8f268a0e,7d4101254957e46d6037bd1d8f268a0e,,2026-08-13T12:30:50Z,,1.66,62.012677844614814,ABSTAIN,50.0,0.0,True,0.0,0.0,0.0,/Users/saverio/Documents/CornerLab/CornerLab/models/research/over_9_5_negative_binomial_probability.pkl,a44495228ae3c22d76aefb9e0204c388f57cf307f4733aa2a50b725be0c401e6,f50fc8807b4bfcaf717226fc36782dcf0c5513fa6b2920aaf711f17d4ba5ee61,over_9_5,2026-08-13T12:30:50Z,negative_binomial_probability,NON_POSITIVE_EV,0.0,0.6024096385542169,-0.38691181862473256,prematch-20260813T135810Z-506538be
4,TOTAL_CORNERS_UNDER,1.66,0.21549781992948436,0.6201267784461482,4.6404181737301196,-0.38691181862473256,-0.6422736189170559,0.0,0.0,0.0,62.012677844614814,NO BET,119,4:BetRivers:TOTAL_CORNERS_UNDER:9.5:UNDER,4,,,2023/24,2023-08-19,Inter,Monza,BetRivers,9.5,UNDER,over_9_5,SUPPORTED,SCORED,the-odds-api,7d4101254957e46d6037bd1d8f268a0e,7d4101254957e46d6037bd1d8f268a0e,,2026-08-13T13:57:43Z,,1.66,62.012677844614814,ABSTAIN,50.0,0.0,True,0.0,0.0,0.0,/Users/saverio/Documents/CornerLab/CornerLab/models/research/over_9_5_negative_binomial_probability.pkl,a44495228ae3c22d76aefb9e0204c388f57cf307f4733aa2a50b725be0c401e6,f50fc8807b4bfcaf717226fc36782dcf0c5513fa6b2920aaf711f17d4ba5ee61,over_9_5,2026-08-13T13:57:43Z,negative_binomial_probability,NON_POSITIVE_EV,0.0,0.6024096385542169,-0.38691181862473256,prematch-20260813T135810Z-506538be
5,TOTAL_CORNERS_OVER,2.65,0.4820030025758484,0.620131323292199,2.074675872672887,0.10464451200981062,0.2773079568259982,0.16806542837939284,0.08403271418969642,8.403271418969641,62.0131323292199,PLAY,120,5:BetRivers:TOTAL_CORNERS_OVER:10.5:OVER,5,,,2023/24,2023-08-20,Lecce,Lazio,BetRivers,10.5,OVER,over_10_5,SUPPORTED,SCORED,the-odds-api,be3b0694068c114eda8d252c66210b11,be3b0694068c114eda8d252c66210b11,,2026-08-13T11:17:25Z,,2.65,62.0131323292199,ABSTAIN,50.0,0.0,True,0.0,0.0,0.0,/Users/saverio/Documents/CornerLab/CornerLab/models/research/over_10_5_negative_binomial_probability.pkl,45cbba073d9e3f1fb1ab04753c9435aa68b90a6ee657e1fa145aef1b9654efca,9878dffd54928273ddc7cee56d4478b99375bb955f9fd79fb791ed941e2f6101,over_10_5,2026-08-13T11:17:25Z,negative_binomial_probability,POSITIVE_EV,8.403271418969641,0.37735849056603776,0.10464451200981062,prematch-20260813T135810Z-506538be
5,TOTAL_CORNERS_OVER,2.65,0.4820030025758484,0.620131323292199,2.074675872672887,0.10464451200981062,0.2773079568259982,0.16806542837939284,0.08403271418969642,8.403271418969641,62.0131323292199,PLAY,121,5:BetRivers:TOTAL_CORNERS_OVER:10.5:OVER,5,,,2023/24,2023-08-20,Lecce,Lazio,BetRivers,10.5,OVER,over_10_5,SUPPORTED,SCORED,the-odds-api,be3b0694068c114eda8d252c66210b11,be3b0694068c114eda8d252c66210b11,,2026-08-13T11:34:06Z,,2.65,62.0131323292199,ABSTAIN,50.0,0.0,True,0.0,0.0,0.0,/Users/saverio/Documents/CornerLab/CornerLab/models/research/over_10_5_negative_binomial_probability.pkl,45cbba073d9e3f1fb1ab04753c9435aa68b90a6ee657e1fa145aef1b9654efca,9878dffd54928273ddc7cee56d4478b99375bb955f9fd79fb791ed941e2f6101,over_10_5,2026-08-13T11:34:06Z,negative_binomial_probability,POSITIVE_EV,8.403271418969641,0.37735849056603776,0.10464451200981062,prematch-20260813T135810Z-506538be
5,TOTAL_CORNERS_OVER,2.65,0.4820030025758484,0.620131323292199,2.074675872672887,0.10464451200981062,0.2773079568259982,0.16806542837939284,0.08403271418969642,8.403271418969641,62.0131323292199,PLAY,122,5:BetRivers:TOTAL_CORNERS_OVER:10.5:OVER,5,,,2023/24,2023-08-20,Lecce,Lazio,BetRivers,10.5,OVER,over_10_5,SUPPORTED,SCORED,the-odds-api,be3b0694068c114eda8d252c66210b11,be3b0694068c114eda8d252c66210b11,,2026-08-13T12:30:51Z,,2.65,62.0131323292199,ABSTAIN,50.0,0.0,True,0.0,0.0,0.0,/Users/saverio/Documents/CornerLab/CornerLab/models/research/over_10_5_negative_binomial_probability.pkl,45cbba073d9e3f1fb1ab04753c9435aa68b90a6ee657e1fa145aef1b9654efca,9878dffd54928273ddc7cee56d4478b99375bb955f9fd79fb791ed941e2f6101,over_10_5,2026-08-13T12:30:51Z,negative_binomial_probability,POSITIVE_EV,8.403271418969641,0.37735849056603776,0.10464451200981062,prematch-20260813T135810Z-506538be
5,TOTAL_CORNERS_OVER,2.65,0.4820030025758484,0.620131323292199,2.074675872672887,0.10464451200981062,0.2773079568259982,0.16806542837939284,0.08403271418969642,8.403271418969641,62.0131323292199,PLAY,123,5:BetRivers:TOTAL_CORNERS_OVER:10.5:OVER,5,,,2023/24,2023-08-20,Lecce,Lazio,BetRivers,10.5,OVER,over_10_5,SUPPORTED,SCORED,the-odds-api,be3b0694068c114eda8d252c66210b11,be3b0694068c114eda8d252c66210b11,,2026-08-13T13:57:43Z,,2.65,62.0131323292199,ABSTAIN,50.0,0.0,True,0.0,0.0,0.0,/Users/saverio/Documents/CornerLab/CornerLab/models/research/over_10_5_negative_binomial_probability.pkl,45cbba073d9e3f1fb1ab04753c9435aa68b90a6ee657e1fa145aef1b9654efca,9878dffd54928273ddc7cee56d4478b99375bb955f9fd79fb791ed941e2f6101,over_10_5,2026-08-13T13:57:43Z,negative_binomial_probability,POSITIVE_EV,8.403271418969641,0.37735849056603776,0.10464451200981062,prematch-20260813T135810Z-506538be
5,TOTAL_CORNERS_OVER,3.55,,0.620131323292199,,,,,,,,MODEL_UNAVAILABLE,124,5:BetRivers:TOTAL_CORNERS_OVER:11.5:OVER,5,,,2023/24,2023-08-20,Lecce,Lazio,BetRivers,11.5,OVER,over_11_5,UNSUPPORTED,NOT_APPLICABLE,the-odds-api,be3b0694068c114eda8d252c66210b11,be3b0694068c114eda8d252c66210b11,,2026-08-13T11:17:25Z,,3.55,62.0131323292199,ABSTAIN,50.0,0.0,True,0.0,0.0,0.0,MODEL_UNAVAILABLE,MODEL_UNAVAILABLE,MODEL_UNAVAILABLE,MODEL_UNAVAILABLE,2026-08-13T11:17:25Z,MODEL_UNAVAILABLE,NO_ACCEPTED_MODEL,,,,prematch-20260813T135810Z-506538be
5,TOTAL_CORNERS_OVER,3.55,,0.620131323292199,,,,,,,,MODEL_UNAVAILABLE,125,5:BetRivers:TOTAL_CORNERS_OVER:11.5:OVER,5,,,2023/24,2023-08-20,Lecce,Lazio,BetRivers,11.5,OVER,over_11_5,UNSUPPORTED,NOT_APPLICABLE,the-odds-api,be3b0694068c114eda8d252c66210b11,be3b0694068c114eda8d252c66210b11,,2026-08-13T11:34:06Z,,3.55,62.0131323292199,ABSTAIN,50.0,0.0,True,0.0,0.0,0.0,MODEL_UNAVAILABLE,MODEL_UNAVAILABLE,MODEL_UNAVAILABLE,MODEL_UNAVAILABLE,2026-08-13T11:34:06Z,MODEL_UNAVAILABLE,NO_ACCEPTED_MODEL,,,,prematch-20260813T135810Z-506538be
5,TOTAL_CORNERS_OVER,3.55,,0.620131323292199,,,,,,,,MODEL_UNAVAILABLE,126,5:BetRivers:TOTAL_CORNERS_OVER:11.5:OVER,5,,,2023/24,2023-08-20,Lecce,Lazio,BetRivers,11.5,OVER,over_11_5,UNSUPPORTED,NOT_APPLICABLE,the-odds-api,be3b0694068c114eda8d252c66210b11,be3b0694068c114eda8d252c66210b11,,2026-08-13T12:30:51Z,,3.55,62.0131323292199,ABSTAIN,50.0,0.0,True,0.0,0.0,0.0,MODEL_UNAVAILABLE,MODEL_UNAVAILABLE,MODEL_UNAVAILABLE,MODEL_UNAVAILABLE,2026-08-13T12:30:51Z,MODEL_UNAVAILABLE,NO_ACCEPTED_MODEL,,,,prematch-20260813T135810Z-506538be
5,TOTAL_CORNERS_OVER,3.55,,0.620131323292199,,,,,,,,MODEL_UNAVAILABLE,127,5:BetRivers:TOTAL_CORNERS_OVER:11.5:OVER,5,,,2023/24,2023-08-20,Lecce,Lazio,BetRivers,11.5,OVER,over_11_5,UNSUPPORTED,NOT_APPLICABLE,the-odds-api,be3b0694068c114eda8d252c66210b11,be3b0694068c114eda8d252c66210b11,,2026-08-13T13:57:43Z,,3.55,62.0131323292199,ABSTAIN,50.0,0.0,True,0.0,0.0,0.0,MODEL_UNAVAILABLE,MODEL_UNAVAILABLE,MODEL_UNAVAILABLE,MODEL_UNAVAILABLE,2026-08-13T13:57:43Z,MODEL_UNAVAILABLE,NO_ACCEPTED_MODEL,,,,prematch-20260813T135810Z-506538be
5,TOTAL_CORNERS_OVER,1.64,,0.620131323292199,,,,,,,,MODEL_UNAVAILABLE,128,5:BetRivers:TOTAL_CORNERS_OVER:8.5:OVER,5,,,2023/24,2023-08-20,Lecce,Lazio,BetRivers,8.5,OVER,over_8_5,UNSUPPORTED,NOT_APPLICABLE,the-odds-api,be3b0694068c114eda8d252c66210b11,be3b0694068c114eda8d252c66210b11,,2026-08-13T11:17:25Z,,1.64,62.0131323292199,ABSTAIN,50.0,0.0,True,0.0,0.0,0.0,MODEL_UNAVAILABLE,MODEL_UNAVAILABLE,MODEL_UNAVAILABLE,MODEL_UNAVAILABLE,2026-08-13T11:17:25Z,MODEL_UNAVAILABLE,NO_ACCEPTED_MODEL,,,,prematch-20260813T135810Z-506538be
5,TOTAL_CORNERS_OVER,1.64,,0.620131323292199,,,,,,,,MODEL_UNAVAILABLE,129,5:BetRivers:TOTAL_CORNERS_OVER:8.5:OVER,5,,,2023/24,2023-08-20,Lecce,Lazio,BetRivers,8.5,OVER,over_8_5,UNSUPPORTED,NOT_APPLICABLE,the-odds-api,be3b0694068c114eda8d252c66210b11,be3b0694068c114eda8d252c66210b11,,2026-08-13T11:34:06Z,,1.64,62.0131323292199,ABSTAIN,50.0,0.0,True,0.0,0.0,0.0,MODEL_UNAVAILABLE,MODEL_UNAVAILABLE,MODEL_UNAVAILABLE,MODEL_UNAVAILABLE,2026-08-13T11:34:06Z,MODEL_UNAVAILABLE,NO_ACCEPTED_MODEL,,,,prematch-20260813T135810Z-506538be
5,TOTAL_CORNERS_OVER,1.64,,0.620131323292199,,,,,,,,MODEL_UNAVAILABLE,130,5:BetRivers:TOTAL_CORNERS_OVER:8.5:OVER,5,,,2023/24,2023-08-20,Lecce,Lazio,BetRivers,8.5,OVER,over_8_5,UNSUPPORTED,NOT_APPLICABLE,the-odds-api,be3b0694068c114eda8d252c66210b11,be3b0694068c114eda8d252c66210b11,,2026-08-13T12:30:51Z,,1.64,62.0131323292199,ABSTAIN,50.0,0.0,True,0.0,0.0,0.0,MODEL_UNAVAILABLE,MODEL_UNAVAILABLE,MODEL_UNAVAILABLE,MODEL_UNAVAILABLE,2026-08-13T12:30:51Z,MODEL_UNAVAILABLE,NO_ACCEPTED_MODEL,,,,prematch-20260813T135810Z-506538be
5,TOTAL_CORNERS_OVER,1.64,,0.620131323292199,,,,,,,,MODEL_UNAVAILABLE,131,5:BetRivers:TOTAL_CORNERS_OVER:8.5:OVER,5,,,2023/24,2023-08-20,Lecce,Lazio,BetRivers,8.5,OVER,over_8_5,UNSUPPORTED,NOT_APPLICABLE,the-odds-api,be3b0694068c114eda8d252c66210b11,be3b0694068c114eda8d252c66210b11,,2026-08-13T13:57:43Z,,1.64,62.0131323292199,ABSTAIN,50.0,0.0,True,0.0,0.0,0.0,MODEL_UNAVAILABLE,MODEL_UNAVAILABLE,MODEL_UNAVAILABLE,MODEL_UNAVAILABLE,2026-08-13T13:57:43Z,MODEL_UNAVAILABLE,NO_ACCEPTED_MODEL,,,,prematch-20260813T135810Z-506538be
5,TOTAL_CORNERS_OVER,2.04,0.8121160747033039,0.620131323292199,1.2313510730166708,0.3219199962719314,0.6567167923947401,0.6314584542257116,0.3157292271128558,31.572922711285578,62.0131323292199,PLAY,132,5:BetRivers:TOTAL_CORNERS_OVER:9.5:OVER,5,,,2023/24,2023-08-20,Lecce,Lazio,BetRivers,9.5,OVER,over_9_5,SUPPORTED,SCORED,the-odds-api,be3b0694068c114eda8d252c66210b11,be3b0694068c114eda8d252c66210b11,,2026-08-13T11:17:25Z,,2.04,62.0131323292199,ABSTAIN,50.0,0.0,True,0.0,0.0,0.0,/Users/saverio/Documents/CornerLab/CornerLab/models/research/over_9_5_negative_binomial_probability.pkl,a44495228ae3c22d76aefb9e0204c388f57cf307f4733aa2a50b725be0c401e6,f50fc8807b4bfcaf717226fc36782dcf0c5513fa6b2920aaf711f17d4ba5ee61,over_9_5,2026-08-13T11:17:25Z,negative_binomial_probability,POSITIVE_EV,31.572922711285578,0.49019607843137253,0.3219199962719314,prematch-20260813T135810Z-506538be
5,TOTAL_CORNERS_OVER,2.04,0.8121160747033039,0.620131323292199,1.2313510730166708,0.3219199962719314,0.6567167923947401,0.6314584542257116,0.3157292271128558,31.572922711285578,62.0131323292199,PLAY,133,5:BetRivers:TOTAL_CORNERS_OVER:9.5:OVER,5,,,2023/24,2023-08-20,Lecce,Lazio,BetRivers,9.5,OVER,over_9_5,SUPPORTED,SCORED,the-odds-api,be3b0694068c114eda8d252c66210b11,be3b0694068c114eda8d252c66210b11,,2026-08-13T11:34:06Z,,2.04,62.0131323292199,ABSTAIN,50.0,0.0,True,0.0,0.0,0.0,/Users/saverio/Documents/CornerLab/CornerLab/models/research/over_9_5_negative_binomial_probability.pkl,a44495228ae3c22d76aefb9e0204c388f57cf307f4733aa2a50b725be0c401e6,f50fc8807b4bfcaf717226fc36782dcf0c5513fa6b2920aaf711f17d4ba5ee61,over_9_5,2026-08-13T11:34:06Z,negative_binomial_probability,POSITIVE_EV,31.572922711285578,0.49019607843137253,0.3219199962719314,prematch-20260813T135810Z-506538be
5,TOTAL_CORNERS_OVER,2.04,0.8121160747033039,0.620131323292199,1.2313510730166708,0.3219199962719314,0.6567167923947401,0.6314584542257116,0.3157292271128558,31.572922711285578,62.0131323292199,PLAY,134,5:BetRivers:TOTAL_CORNERS_OVER:9.5:OVER,5,,,2023/24,2023-08-20,Lecce,Lazio,BetRivers,9.5,OVER,over_9_5,SUPPORTED,SCORED,the-odds-api,be3b0694068c114eda8d252c66210b11,be3b0694068c114eda8d252c66210b11,,2026-08-13T12:30:51Z,,2.04,62.0131323292199,ABSTAIN,50.0,0.0,True,0.0,0.0,0.0,/Users/saverio/Documents/CornerLab/CornerLab/models/research/over_9_5_negative_binomial_probability.pkl,a44495228ae3c22d76aefb9e0204c388f57cf307f4733aa2a50b725be0c401e6,f50fc8807b4bfcaf717226fc36782dcf0c5513fa6b2920aaf711f17d4ba5ee61,over_9_5,2026-08-13T12:30:51Z,negative_binomial_probability,POSITIVE_EV,31.572922711285578,0.49019607843137253,0.3219199962719314,prematch-20260813T135810Z-506538be
5,TOTAL_CORNERS_OVER,2.04,0.8121160747033039,0.620131323292199,1.2313510730166708,0.3219199962719314,0.6567167923947401,0.6314584542257116,0.3157292271128558,31.572922711285578,62.0131323292199,PLAY,135,5:BetRivers:TOTAL_CORNERS_OVER:9.5:OVER,5,,,2023/24,2023-08-20,Lecce,Lazio,BetRivers,9.5,OVER,over_9_5,SUPPORTED,SCORED,the-odds-api,be3b0694068c114eda8d252c66210b11,be3b0694068c114eda8d252c66210b11,,2026-08-13T13:57:43Z,,2.04,62.0131323292199,ABSTAIN,50.0,0.0,True,0.0,0.0,0.0,/Users/saverio/Documents/CornerLab/CornerLab/models/research/over_9_5_negative_binomial_probability.pkl,a44495228ae3c22d76aefb9e0204c388f57cf307f4733aa2a50b725be0c401e6,f50fc8807b4bfcaf717226fc36782dcf0c5513fa6b2920aaf711f17d4ba5ee61,over_9_5,2026-08-13T13:57:43Z,negative_binomial_probability,POSITIVE_EV,31.572922711285578,0.49019607843137253,0.3219199962719314,prematch-20260813T135810Z-506538be
5,TOTAL_CORNERS_UNDER,1.4,0.5179969974241516,0.620131323292199,1.930513120679674,-0.19628871686156268,-0.27480420360618774,0.0,0.0,0.0,62.0131323292199,NO BET,136,5:BetRivers:TOTAL_CORNERS_UNDER:10.5:UNDER,5,,,2023/24,2023-08-20,Lecce,Lazio,BetRivers,10.5,UNDER,over_10_5,SUPPORTED,SCORED,the-odds-api,be3b0694068c114eda8d252c66210b11,be3b0694068c114eda8d252c66210b11,,2026-08-13T11:17:25Z,,1.4,62.0131323292199,ABSTAIN,50.0,0.0,True,0.0,0.0,0.0,/Users/saverio/Documents/CornerLab/CornerLab/models/research/over_10_5_negative_binomial_probability.pkl,45cbba073d9e3f1fb1ab04753c9435aa68b90a6ee657e1fa145aef1b9654efca,9878dffd54928273ddc7cee56d4478b99375bb955f9fd79fb791ed941e2f6101,over_10_5,2026-08-13T11:17:25Z,negative_binomial_probability,NON_POSITIVE_EV,0.0,0.7142857142857143,-0.19628871686156268,prematch-20260813T135810Z-506538be
5,TOTAL_CORNERS_UNDER,1.4,0.5179969974241516,0.620131323292199,1.930513120679674,-0.19628871686156268,-0.27480420360618774,0.0,0.0,0.0,62.0131323292199,NO BET,137,5:BetRivers:TOTAL_CORNERS_UNDER:10.5:UNDER,5,,,2023/24,2023-08-20,Lecce,Lazio,BetRivers,10.5,UNDER,over_10_5,SUPPORTED,SCORED,the-odds-api,be3b0694068c114eda8d252c66210b11,be3b0694068c114eda8d252c66210b11,,2026-08-13T11:34:06Z,,1.4,62.0131323292199,ABSTAIN,50.0,0.0,True,0.0,0.0,0.0,/Users/saverio/Documents/CornerLab/CornerLab/models/research/over_10_5_negative_binomial_probability.pkl,45cbba073d9e3f1fb1ab04753c9435aa68b90a6ee657e1fa145aef1b9654efca,9878dffd54928273ddc7cee56d4478b99375bb955f9fd79fb791ed941e2f6101,over_10_5,2026-08-13T11:34:06Z,negative_binomial_probability,NON_POSITIVE_EV,0.0,0.7142857142857143,-0.19628871686156268,prematch-20260813T135810Z-506538be
5,TOTAL_CORNERS_UNDER,1.4,0.5179969974241516,0.620131323292199,1.930513120679674,-0.19628871686156268,-0.27480420360618774,0.0,0.0,0.0,62.0131323292199,NO BET,138,5:BetRivers:TOTAL_CORNERS_UNDER:10.5:UNDER,5,,,2023/24,2023-08-20,Lecce,Lazio,BetRivers,10.5,UNDER,over_10_5,SUPPORTED,SCORED,the-odds-api,be3b0694068c114eda8d252c66210b11,be3b0694068c114eda8d252c66210b11,,2026-08-13T12:30:51Z,,1.4,62.0131323292199,ABSTAIN,50.0,0.0,True,0.0,0.0,0.0,/Users/saverio/Documents/CornerLab/CornerLab/models/research/over_10_5_negative_binomial_probability.pkl,45cbba073d9e3f1fb1ab04753c9435aa68b90a6ee657e1fa145aef1b9654efca,9878dffd54928273ddc7cee56d4478b99375bb955f9fd79fb791ed941e2f6101,over_10_5,2026-08-13T12:30:51Z,negative_binomial_probability,NON_POSITIVE_EV,0.0,0.7142857142857143,-0.19628871686156268,prematch-20260813T135810Z-506538be
5,TOTAL_CORNERS_UNDER,1.4,0.5179969974241516,0.620131323292199,1.930513120679674,-0.19628871686156268,-0.27480420360618774,0.0,0.0,0.0,62.0131323292199,NO BET,139,5:BetRivers:TOTAL_CORNERS_UNDER:10.5:UNDER,5,,,2023/24,2023-08-20,Lecce,Lazio,BetRivers,10.5,UNDER,over_10_5,SUPPORTED,SCORED,the-odds-api,be3b0694068c114eda8d252c66210b11,be3b0694068c114eda8d252c66210b11,,2026-08-13T13:57:43Z,,1.4,62.0131323292199,ABSTAIN,50.0,0.0,True,0.0,0.0,0.0,/Users/saverio/Documents/CornerLab/CornerLab/models/research/over_10_5_negative_binomial_probability.pkl,45cbba073d9e3f1fb1ab04753c9435aa68b90a6ee657e1fa145aef1b9654efca,9878dffd54928273ddc7cee56d4478b99375bb955f9fd79fb791ed941e2f6101,over_10_5,2026-08-13T13:57:43Z,negative_binomial_probability,NON_POSITIVE_EV,0.0,0.7142857142857143,-0.19628871686156268,prematch-20260813T135810Z-506538be
5,TOTAL_CORNERS_UNDER,1.23,,0.620131323292199,,,,,,,,MODEL_UNAVAILABLE,140,5:BetRivers:TOTAL_CORNERS_UNDER:11.5:UNDER,5,,,2023/24,2023-08-20,Lecce,Lazio,BetRivers,11.5,UNDER,over_11_5,UNSUPPORTED,NOT_APPLICABLE,the-odds-api,be3b0694068c114eda8d252c66210b11,be3b0694068c114eda8d252c66210b11,,2026-08-13T11:17:25Z,,1.23,62.0131323292199,ABSTAIN,50.0,0.0,True,0.0,0.0,0.0,MODEL_UNAVAILABLE,MODEL_UNAVAILABLE,MODEL_UNAVAILABLE,MODEL_UNAVAILABLE,2026-08-13T11:17:25Z,MODEL_UNAVAILABLE,NO_ACCEPTED_MODEL,,,,prematch-20260813T135810Z-506538be
5,TOTAL_CORNERS_UNDER,1.23,,0.620131323292199,,,,,,,,MODEL_UNAVAILABLE,141,5:BetRivers:TOTAL_CORNERS_UNDER:11.5:UNDER,5,,,2023/24,2023-08-20,Lecce,Lazio,BetRivers,11.5,UNDER,over_11_5,UNSUPPORTED,NOT_APPLICABLE,the-odds-api,be3b0694068c114eda8d252c66210b11,be3b0694068c114eda8d252c66210b11,,2026-08-13T11:34:06Z,,1.23,62.0131323292199,ABSTAIN,50.0,0.0,True,0.0,0.0,0.0,MODEL_UNAVAILABLE,MODEL_UNAVAILABLE,MODEL_UNAVAILABLE,MODEL_UNAVAILABLE,2026-08-13T11:34:06Z,MODEL_UNAVAILABLE,NO_ACCEPTED_MODEL,,,,prematch-20260813T135810Z-506538be
5,TOTAL_CORNERS_UNDER,1.23,,0.620131323292199,,,,,,,,MODEL_UNAVAILABLE,142,5:BetRivers:TOTAL_CORNERS_UNDER:11.5:UNDER,5,,,2023/24,2023-08-20,Lecce,Lazio,BetRivers,11.5,UNDER,over_11_5,UNSUPPORTED,NOT_APPLICABLE,the-odds-api,be3b0694068c114eda8d252c66210b11,be3b0694068c114eda8d252c66210b11,,2026-08-13T12:30:51Z,,1.23,62.0131323292199,ABSTAIN,50.0,0.0,True,0.0,0.0,0.0,MODEL_UNAVAILABLE,MODEL_UNAVAILABLE,MODEL_UNAVAILABLE,MODEL_UNAVAILABLE,2026-08-13T12:30:51Z,MODEL_UNAVAILABLE,NO_ACCEPTED_MODEL,,,,prematch-20260813T135810Z-506538be
5,TOTAL_CORNERS_UNDER,1.23,,0.620131323292199,,,,,,,,MODEL_UNAVAILABLE,143,5:BetRivers:TOTAL_CORNERS_UNDER:11.5:UNDER,5,,,2023/24,2023-08-20,Lecce,Lazio,BetRivers,11.5,UNDER,over_11_5,UNSUPPORTED,NOT_APPLICABLE,the-odds-api,be3b0694068c114eda8d252c66210b11,be3b0694068c114eda8d252c66210b11,,2026-08-13T13:57:43Z,,1.23,62.0131323292199,ABSTAIN,50.0,0.0,True,0.0,0.0,0.0,MODEL_UNAVAILABLE,MODEL_UNAVAILABLE,MODEL_UNAVAILABLE,MODEL_UNAVAILABLE,2026-08-13T13:57:43Z,MODEL_UNAVAILABLE,NO_ACCEPTED_MODEL,,,,prematch-20260813T135810Z-506538be
5,TOTAL_CORNERS_UNDER,2.08,,0.620131323292199,,,,,,,,MODEL_UNAVAILABLE,144,5:BetRivers:TOTAL_CORNERS_UNDER:8.5:UNDER,5,,,2023/24,2023-08-20,Lecce,Lazio,BetRivers,8.5,UNDER,over_8_5,UNSUPPORTED,NOT_APPLICABLE,the-odds-api,be3b0694068c114eda8d252c66210b11,be3b0694068c114eda8d252c66210b11,,2026-08-13T11:17:25Z,,2.08,62.0131323292199,ABSTAIN,50.0,0.0,True,0.0,0.0,0.0,MODEL_UNAVAILABLE,MODEL_UNAVAILABLE,MODEL_UNAVAILABLE,MODEL_UNAVAILABLE,2026-08-13T11:17:25Z,MODEL_UNAVAILABLE,NO_ACCEPTED_MODEL,,,,prematch-20260813T135810Z-506538be
5,TOTAL_CORNERS_UNDER,2.08,,0.620131323292199,,,,,,,,MODEL_UNAVAILABLE,145,5:BetRivers:TOTAL_CORNERS_UNDER:8.5:UNDER,5,,,2023/24,2023-08-20,Lecce,Lazio,BetRivers,8.5,UNDER,over_8_5,UNSUPPORTED,NOT_APPLICABLE,the-odds-api,be3b0694068c114eda8d252c66210b11,be3b0694068c114eda8d252c66210b11,,2026-08-13T11:34:06Z,,2.08,62.0131323292199,ABSTAIN,50.0,0.0,True,0.0,0.0,0.0,MODEL_UNAVAILABLE,MODEL_UNAVAILABLE,MODEL_UNAVAILABLE,MODEL_UNAVAILABLE,2026-08-13T11:34:06Z,MODEL_UNAVAILABLE,NO_ACCEPTED_MODEL,,,,prematch-20260813T135810Z-506538be
5,TOTAL_CORNERS_UNDER,2.08,,0.620131323292199,,,,,,,,MODEL_UNAVAILABLE,146,5:BetRivers:TOTAL_CORNERS_UNDER:8.5:UNDER,5,,,2023/24,2023-08-20,Lecce,Lazio,BetRivers,8.5,UNDER,over_8_5,UNSUPPORTED,NOT_APPLICABLE,the-odds-api,be3b0694068c114eda8d252c66210b11,be3b0694068c114eda8d252c66210b11,,2026-08-13T12:30:51Z,,2.08,62.0131323292199,ABSTAIN,50.0,0.0,True,0.0,0.0,0.0,MODEL_UNAVAILABLE,MODEL_UNAVAILABLE,MODEL_UNAVAILABLE,MODEL_UNAVAILABLE,2026-08-13T12:30:51Z,MODEL_UNAVAILABLE,NO_ACCEPTED_MODEL,,,,prematch-20260813T135810Z-506538be
5,TOTAL_CORNERS_UNDER,2.08,,0.620131323292199,,,,,,,,MODEL_UNAVAILABLE,147,5:BetRivers:TOTAL_CORNERS_UNDER:8.5:UNDER,5,,,2023/24,2023-08-20,Lecce,Lazio,BetRivers,8.5,UNDER,over_8_5,UNSUPPORTED,NOT_APPLICABLE,the-odds-api,be3b0694068c114eda8d252c66210b11,be3b0694068c114eda8d252c66210b11,,2026-08-13T13:57:43Z,,2.08,62.0131323292199,ABSTAIN,50.0,0.0,True,0.0,0.0,0.0,MODEL_UNAVAILABLE,MODEL_UNAVAILABLE,MODEL_UNAVAILABLE,MODEL_UNAVAILABLE,2026-08-13T13:57:43Z,MODEL_UNAVAILABLE,NO_ACCEPTED_MODEL,,,,prematch-20260813T135810Z-506538be
5,TOTAL_CORNERS_UNDER,1.66,0.18788392529669606,0.620131323292199,5.322435106786568,-0.41452571325752086,-0.6881126840074845,0.0,0.0,0.0,62.0131323292199,NO BET,148,5:BetRivers:TOTAL_CORNERS_UNDER:9.5:UNDER,5,,,2023/24,2023-08-20,Lecce,Lazio,BetRivers,9.5,UNDER,over_9_5,SUPPORTED,SCORED,the-odds-api,be3b0694068c114eda8d252c66210b11,be3b0694068c114eda8d252c66210b11,,2026-08-13T11:17:25Z,,1.66,62.0131323292199,ABSTAIN,50.0,0.0,True,0.0,0.0,0.0,/Users/saverio/Documents/CornerLab/CornerLab/models/research/over_9_5_negative_binomial_probability.pkl,a44495228ae3c22d76aefb9e0204c388f57cf307f4733aa2a50b725be0c401e6,f50fc8807b4bfcaf717226fc36782dcf0c5513fa6b2920aaf711f17d4ba5ee61,over_9_5,2026-08-13T11:17:25Z,negative_binomial_probability,NON_POSITIVE_EV,0.0,0.6024096385542169,-0.41452571325752086,prematch-20260813T135810Z-506538be
5,TOTAL_CORNERS_UNDER,1.66,0.18788392529669606,0.620131323292199,5.322435106786568,-0.41452571325752086,-0.6881126840074845,0.0,0.0,0.0,62.0131323292199,NO BET,149,5:BetRivers:TOTAL_CORNERS_UNDER:9.5:UNDER,5,,,2023/24,2023-08-20,Lecce,Lazio,BetRivers,9.5,UNDER,over_9_5,SUPPORTED,SCORED,the-odds-api,be3b0694068c114eda8d252c66210b11,be3b0694068c114eda8d252c66210b11,,2026-08-13T11:34:06Z,,1.66,62.0131323292199,ABSTAIN,50.0,0.0,True,0.0,0.0,0.0,/Users/saverio/Documents/CornerLab/CornerLab/models/research/over_9_5_negative_binomial_probability.pkl,a44495228ae3c22d76aefb9e0204c388f57cf307f4733aa2a50b725be0c401e6,f50fc8807b4bfcaf717226fc36782dcf0c5513fa6b2920aaf711f17d4ba5ee61,over_9_5,2026-08-13T11:34:06Z,negative_binomial_probability,NON_POSITIVE_EV,0.0,0.6024096385542169,-0.41452571325752086,prematch-20260813T135810Z-506538be
5,TOTAL_CORNERS_UNDER,1.66,0.18788392529669606,0.620131323292199,5.322435106786568,-0.41452571325752086,-0.6881126840074845,0.0,0.0,0.0,62.0131323292199,NO BET,150,5:BetRivers:TOTAL_CORNERS_UNDER:9.5:UNDER,5,,,2023/24,2023-08-20,Lecce,Lazio,BetRivers,9.5,UNDER,over_9_5,SUPPORTED,SCORED,the-odds-api,be3b0694068c114eda8d252c66210b11,be3b0694068c114eda8d252c66210b11,,2026-08-13T12:30:51Z,,1.66,62.0131323292199,ABSTAIN,50.0,0.0,True,0.0,0.0,0.0,/Users/saverio/Documents/CornerLab/CornerLab/models/research/over_9_5_negative_binomial_probability.pkl,a44495228ae3c22d76aefb9e0204c388f57cf307f4733aa2a50b725be0c401e6,f50fc8807b4bfcaf717226fc36782dcf0c5513fa6b2920aaf711f17d4ba5ee61,over_9_5,2026-08-13T12:30:51Z,negative_binomial_probability,NON_POSITIVE_EV,0.0,0.6024096385542169,-0.41452571325752086,prematch-20260813T135810Z-506538be
5,TOTAL_CORNERS_UNDER,1.66,0.18788392529669606,0.620131323292199,5.322435106786568,-0.41452571325752086,-0.6881126840074845,0.0,0.0,0.0,62.0131323292199,NO BET,151,5:BetRivers:TOTAL_CORNERS_UNDER:9.5:UNDER,5,,,2023/24,2023-08-20,Lecce,Lazio,BetRivers,9.5,UNDER,over_9_5,SUPPORTED,SCORED,the-odds-api,be3b0694068c114eda8d252c66210b11,be3b0694068c114eda8d252c66210b11,,2026-08-13T13:57:43Z,,1.66,62.0131323292199,ABSTAIN,50.0,0.0,True,0.0,0.0,0.0,/Users/saverio/Documents/CornerLab/CornerLab/models/research/over_9_5_negative_binomial_probability.pkl,a44495228ae3c22d76aefb9e0204c388f57cf307f4733aa2a50b725be0c401e6,f50fc8807b4bfcaf717226fc36782dcf0c5513fa6b2920aaf711f17d4ba5ee61,over_9_5,2026-08-13T13:57:43Z,negative_binomial_probability,NON_POSITIVE_EV,0.0,0.6024096385542169,-0.41452571325752086,prematch-20260813T135810Z-506538be
6,TOTAL_CORNERS_OVER,2.07,0.4744162749606887,0.6201269096375805,2.107853488126777,-0.00867551247892484,-0.017958310831374447,0.0,0.0,0.0,62.012690963758054,NO BET,152,6:BetRivers:TOTAL_CORNERS_OVER:10.5:OVER,6,,,2023/24,2023-08-20,Roma,Salernitana,BetRivers,10.5,OVER,over_10_5,SUPPORTED,SCORED,the-odds-api,120c61563f0b7119d87522da76fcaa33,120c61563f0b7119d87522da76fcaa33,,2026-08-13T11:17:25Z,,2.07,62.012690963758054,ABSTAIN,50.0,0.0,True,0.0,0.0,0.0,/Users/saverio/Documents/CornerLab/CornerLab/models/research/over_10_5_negative_binomial_probability.pkl,45cbba073d9e3f1fb1ab04753c9435aa68b90a6ee657e1fa145aef1b9654efca,9878dffd54928273ddc7cee56d4478b99375bb955f9fd79fb791ed941e2f6101,over_10_5,2026-08-13T11:17:25Z,negative_binomial_probability,NON_POSITIVE_EV,0.0,0.48309178743961356,-0.00867551247892484,prematch-20260813T135810Z-506538be
6,TOTAL_CORNERS_OVER,2.07,0.4744162749606887,0.6201269096375805,2.107853488126777,-0.00867551247892484,-0.017958310831374447,0.0,0.0,0.0,62.012690963758054,NO BET,153,6:BetRivers:TOTAL_CORNERS_OVER:10.5:OVER,6,,,2023/24,2023-08-20,Roma,Salernitana,BetRivers,10.5,OVER,over_10_5,SUPPORTED,SCORED,the-odds-api,120c61563f0b7119d87522da76fcaa33,120c61563f0b7119d87522da76fcaa33,,2026-08-13T11:34:06Z,,2.07,62.012690963758054,ABSTAIN,50.0,0.0,True,0.0,0.0,0.0,/Users/saverio/Documents/CornerLab/CornerLab/models/research/over_10_5_negative_binomial_probability.pkl,45cbba073d9e3f1fb1ab04753c9435aa68b90a6ee657e1fa145aef1b9654efca,9878dffd54928273ddc7cee56d4478b99375bb955f9fd79fb791ed941e2f6101,over_10_5,2026-08-13T11:34:06Z,negative_binomial_probability,NON_POSITIVE_EV,0.0,0.48309178743961356,-0.00867551247892484,prematch-20260813T135810Z-506538be
6,TOTAL_CORNERS_OVER,2.07,0.4744162749606887,0.6201269096375805,2.107853488126777,-0.00867551247892484,-0.017958310831374447,0.0,0.0,0.0,62.012690963758054,NO BET,154,6:BetRivers:TOTAL_CORNERS_OVER:10.5:OVER,6,,,2023/24,2023-08-20,Roma,Salernitana,BetRivers,10.5,OVER,over_10_5,SUPPORTED,SCORED,the-odds-api,120c61563f0b7119d87522da76fcaa33,120c61563f0b7119d87522da76fcaa33,,2026-08-13T12:30:51Z,,2.07,62.012690963758054,ABSTAIN,50.0,0.0,True,0.0,0.0,0.0,/Users/saverio/Documents/CornerLab/CornerLab/models/research/over_10_5_negative_binomial_probability.pkl,45cbba073d9e3f1fb1ab04753c9435aa68b90a6ee657e1fa145aef1b9654efca,9878dffd54928273ddc7cee56d4478b99375bb955f9fd79fb791ed941e2f6101,over_10_5,2026-08-13T12:30:51Z,negative_binomial_probability,NON_POSITIVE_EV,0.0,0.48309178743961356,-0.00867551247892484,prematch-20260813T135810Z-506538be
6,TOTAL_CORNERS_OVER,2.07,0.4744162749606887,0.6201269096375805,2.107853488126777,-0.00867551247892484,-0.017958310831374447,0.0,0.0,0.0,62.012690963758054,NO BET,155,6:BetRivers:TOTAL_CORNERS_OVER:10.5:OVER,6,,,2023/24,2023-08-20,Roma,Salernitana,BetRivers,10.5,OVER,over_10_5,SUPPORTED,SCORED,the-odds-api,120c61563f0b7119d87522da76fcaa33,120c61563f0b7119d87522da76fcaa33,,2026-08-13T13:57:44Z,,2.07,62.012690963758054,ABSTAIN,50.0,0.0,True,0.0,0.0,0.0,/Users/saverio/Documents/CornerLab/CornerLab/models/research/over_10_5_negative_binomial_probability.pkl,45cbba073d9e3f1fb1ab04753c9435aa68b90a6ee657e1fa145aef1b9654efca,9878dffd54928273ddc7cee56d4478b99375bb955f9fd79fb791ed941e2f6101,over_10_5,2026-08-13T13:57:44Z,negative_binomial_probability,NON_POSITIVE_EV,0.0,0.48309178743961356,-0.00867551247892484,prematch-20260813T135810Z-506538be
6,TOTAL_CORNERS_OVER,2.65,,0.6201269096375805,,,,,,,,MODEL_UNAVAILABLE,156,6:BetRivers:TOTAL_CORNERS_OVER:11.5:OVER,6,,,2023/24,2023-08-20,Roma,Salernitana,BetRivers,11.5,OVER,over_11_5,UNSUPPORTED,NOT_APPLICABLE,the-odds-api,120c61563f0b7119d87522da76fcaa33,120c61563f0b7119d87522da76fcaa33,,2026-08-13T11:17:25Z,,2.65,62.012690963758054,ABSTAIN,50.0,0.0,True,0.0,0.0,0.0,MODEL_UNAVAILABLE,MODEL_UNAVAILABLE,MODEL_UNAVAILABLE,MODEL_UNAVAILABLE,2026-08-13T11:17:25Z,MODEL_UNAVAILABLE,NO_ACCEPTED_MODEL,,,,prematch-20260813T135810Z-506538be
6,TOTAL_CORNERS_OVER,2.65,,0.6201269096375805,,,,,,,,MODEL_UNAVAILABLE,157,6:BetRivers:TOTAL_CORNERS_OVER:11.5:OVER,6,,,2023/24,2023-08-20,Roma,Salernitana,BetRivers,11.5,OVER,over_11_5,UNSUPPORTED,NOT_APPLICABLE,the-odds-api,120c61563f0b7119d87522da76fcaa33,120c61563f0b7119d87522da76fcaa33,,2026-08-13T11:34:06Z,,2.65,62.012690963758054,ABSTAIN,50.0,0.0,True,0.0,0.0,0.0,MODEL_UNAVAILABLE,MODEL_UNAVAILABLE,MODEL_UNAVAILABLE,MODEL_UNAVAILABLE,2026-08-13T11:34:06Z,MODEL_UNAVAILABLE,NO_ACCEPTED_MODEL,,,,prematch-20260813T135810Z-506538be
6,TOTAL_CORNERS_OVER,2.65,,0.6201269096375805,,,,,,,,MODEL_UNAVAILABLE,158,6:BetRivers:TOTAL_CORNERS_OVER:11.5:OVER,6,,,2023/24,2023-08-20,Roma,Salernitana,BetRivers,11.5,OVER,over_11_5,UNSUPPORTED,NOT_APPLICABLE,the-odds-api,120c61563f0b7119d87522da76fcaa33,120c61563f0b7119d87522da76fcaa33,,2026-08-13T12:30:51Z,,2.65,62.012690963758054,ABSTAIN,50.0,0.0,True,0.0,0.0,0.0,MODEL_UNAVAILABLE,MODEL_UNAVAILABLE,MODEL_UNAVAILABLE,MODEL_UNAVAILABLE,2026-08-13T12:30:51Z,MODEL_UNAVAILABLE,NO_ACCEPTED_MODEL,,,,prematch-20260813T135810Z-506538be
6,TOTAL_CORNERS_OVER,2.65,,0.6201269096375805,,,,,,,,MODEL_UNAVAILABLE,159,6:BetRivers:TOTAL_CORNERS_OVER:11.5:OVER,6,,,2023/24,2023-08-20,Roma,Salernitana,BetRivers,11.5,OVER,over_11_5,UNSUPPORTED,NOT_APPLICABLE,the-odds-api,120c61563f0b7119d87522da76fcaa33,120c61563f0b7119d87522da76fcaa33,,2026-08-13T13:57:44Z,,2.65,62.012690963758054,ABSTAIN,50.0,0.0,True,0.0,0.0,0.0,MODEL_UNAVAILABLE,MODEL_UNAVAILABLE,MODEL_UNAVAILABLE,MODEL_UNAVAILABLE,2026-08-13T13:57:44Z,MODEL_UNAVAILABLE,NO_ACCEPTED_MODEL,,,,prematch-20260813T135810Z-506538be
6,TOTAL_CORNERS_OVER,1.4,,0.6201269096375805,,,,,,,,MODEL_UNAVAILABLE,160,6:BetRivers:TOTAL_CORNERS_OVER:8.5:OVER,6,,,2023/24,2023-08-20,Roma,Salernitana,BetRivers,8.5,OVER,over_8_5,UNSUPPORTED,NOT_APPLICABLE,the-odds-api,120c61563f0b7119d87522da76fcaa33,120c61563f0b7119d87522da76fcaa33,,2026-08-13T11:17:25Z,,1.4,62.012690963758054,ABSTAIN,50.0,0.0,True,0.0,0.0,0.0,MODEL_UNAVAILABLE,MODEL_UNAVAILABLE,MODEL_UNAVAILABLE,MODEL_UNAVAILABLE,2026-08-13T11:17:25Z,MODEL_UNAVAILABLE,NO_ACCEPTED_MODEL,,,,prematch-20260813T135810Z-506538be
6,TOTAL_CORNERS_OVER,1.4,,0.6201269096375805,,,,,,,,MODEL_UNAVAILABLE,161,6:BetRivers:TOTAL_CORNERS_OVER:8.5:OVER,6,,,2023/24,2023-08-20,Roma,Salernitana,BetRivers,8.5,OVER,over_8_5,UNSUPPORTED,NOT_APPLICABLE,the-odds-api,120c61563f0b7119d87522da76fcaa33,120c61563f0b7119d87522da76fcaa33,,2026-08-13T11:34:06Z,,1.4,62.012690963758054,ABSTAIN,50.0,0.0,True,0.0,0.0,0.0,MODEL_UNAVAILABLE,MODEL_UNAVAILABLE,MODEL_UNAVAILABLE,MODEL_UNAVAILABLE,2026-08-13T11:34:06Z,MODEL_UNAVAILABLE,NO_ACCEPTED_MODEL,,,,prematch-20260813T135810Z-506538be
6,TOTAL_CORNERS_OVER,1.4,,0.6201269096375805,,,,,,,,MODEL_UNAVAILABLE,162,6:BetRivers:TOTAL_CORNERS_OVER:8.5:OVER,6,,,2023/24,2023-08-20,Roma,Salernitana,BetRivers,8.5,OVER,over_8_5,UNSUPPORTED,NOT_APPLICABLE,the-odds-api,120c61563f0b7119d87522da76fcaa33,120c61563f0b7119d87522da76fcaa33,,2026-08-13T12:30:51Z,,1.4,62.012690963758054,ABSTAIN,50.0,0.0,True,0.0,0.0,0.0,MODEL_UNAVAILABLE,MODEL_UNAVAILABLE,MODEL_UNAVAILABLE,MODEL_UNAVAILABLE,2026-08-13T12:30:51Z,MODEL_UNAVAILABLE,NO_ACCEPTED_MODEL,,,,prematch-20260813T135810Z-506538be
6,TOTAL_CORNERS_OVER,1.4,,0.6201269096375805,,,,,,,,MODEL_UNAVAILABLE,163,6:BetRivers:TOTAL_CORNERS_OVER:8.5:OVER,6,,,2023/24,2023-08-20,Roma,Salernitana,BetRivers,8.5,OVER,over_8_5,UNSUPPORTED,NOT_APPLICABLE,the-odds-api,120c61563f0b7119d87522da76fcaa33,120c61563f0b7119d87522da76fcaa33,,2026-08-13T13:57:44Z,,1.4,62.012690963758054,ABSTAIN,50.0,0.0,True,0.0,0.0,0.0,MODEL_UNAVAILABLE,MODEL_UNAVAILABLE,MODEL_UNAVAILABLE,MODEL_UNAVAILABLE,2026-08-13T13:57:44Z,MODEL_UNAVAILABLE,NO_ACCEPTED_MODEL,,,,prematch-20260813T135810Z-506538be
6,TOTAL_CORNERS_OVER,1.67,0.8023059541756522,0.6201269096375805,1.2464073023457405,0.2035035589660713,0.3398509434733392,0.5072402141393122,0.2536201070696561,25.36201070696561,62.012690963758054,PLAY,164,6:BetRivers:TOTAL_CORNERS_OVER:9.5:OVER,6,,,2023/24,2023-08-20,Roma,Salernitana,BetRivers,9.5,OVER,over_9_5,SUPPORTED,SCORED,the-odds-api,120c61563f0b7119d87522da76fcaa33,120c61563f0b7119d87522da76fcaa33,,2026-08-13T11:17:25Z,,1.67,62.012690963758054,ABSTAIN,50.0,0.0,True,0.0,0.0,0.0,/Users/saverio/Documents/CornerLab/CornerLab/models/research/over_9_5_negative_binomial_probability.pkl,a44495228ae3c22d76aefb9e0204c388f57cf307f4733aa2a50b725be0c401e6,f50fc8807b4bfcaf717226fc36782dcf0c5513fa6b2920aaf711f17d4ba5ee61,over_9_5,2026-08-13T11:17:25Z,negative_binomial_probability,POSITIVE_EV,25.36201070696561,0.5988023952095809,0.2035035589660713,prematch-20260813T135810Z-506538be
6,TOTAL_CORNERS_OVER,1.67,0.8023059541756522,0.6201269096375805,1.2464073023457405,0.2035035589660713,0.3398509434733392,0.5072402141393122,0.2536201070696561,25.36201070696561,62.012690963758054,PLAY,165,6:BetRivers:TOTAL_CORNERS_OVER:9.5:OVER,6,,,2023/24,2023-08-20,Roma,Salernitana,BetRivers,9.5,OVER,over_9_5,SUPPORTED,SCORED,the-odds-api,120c61563f0b7119d87522da76fcaa33,120c61563f0b7119d87522da76fcaa33,,2026-08-13T11:34:06Z,,1.67,62.012690963758054,ABSTAIN,50.0,0.0,True,0.0,0.0,0.0,/Users/saverio/Documents/CornerLab/CornerLab/models/research/over_9_5_negative_binomial_probability.pkl,a44495228ae3c22d76aefb9e0204c388f57cf307f4733aa2a50b725be0c401e6,f50fc8807b4bfcaf717226fc36782dcf0c5513fa6b2920aaf711f17d4ba5ee61,over_9_5,2026-08-13T11:34:06Z,negative_binomial_probability,POSITIVE_EV,25.36201070696561,0.5988023952095809,0.2035035589660713,prematch-20260813T135810Z-506538be
6,TOTAL_CORNERS_OVER,1.67,0.8023059541756522,0.6201269096375805,1.2464073023457405,0.2035035589660713,0.3398509434733392,0.5072402141393122,0.2536201070696561,25.36201070696561,62.012690963758054,PLAY,166,6:BetRivers:TOTAL_CORNERS_OVER:9.5:OVER,6,,,2023/24,2023-08-20,Roma,Salernitana,BetRivers,9.5,OVER,over_9_5,SUPPORTED,SCORED,the-odds-api,120c61563f0b7119d87522da76fcaa33,120c61563f0b7119d87522da76fcaa33,,2026-08-13T12:30:51Z,,1.67,62.012690963758054,ABSTAIN,50.0,0.0,True,0.0,0.0,0.0,/Users/saverio/Documents/CornerLab/CornerLab/models/research/over_9_5_negative_binomial_probability.pkl,a44495228ae3c22d76aefb9e0204c388f57cf307f4733aa2a50b725be0c401e6,f50fc8807b4bfcaf717226fc36782dcf0c5513fa6b2920aaf711f17d4ba5ee61,over_9_5,2026-08-13T12:30:51Z,negative_binomial_probability,POSITIVE_EV,25.36201070696561,0.5988023952095809,0.2035035589660713,prematch-20260813T135810Z-506538be
6,TOTAL_CORNERS_OVER,1.67,0.8023059541756522,0.6201269096375805,1.2464073023457405,0.2035035589660713,0.3398509434733392,0.5072402141393122,0.2536201070696561,25.36201070696561,62.012690963758054,PLAY,167,6:BetRivers:TOTAL_CORNERS_OVER:9.5:OVER,6,,,2023/24,2023-08-20,Roma,Salernitana,BetRivers,9.5,OVER,over_9_5,SUPPORTED,SCORED,the-odds-api,120c61563f0b7119d87522da76fcaa33,120c61563f0b7119d87522da76fcaa33,,2026-08-13T13:57:44Z,,1.67,62.012690963758054,ABSTAIN,50.0,0.0,True,0.0,0.0,0.0,/Users/saverio/Documents/CornerLab/CornerLab/models/research/over_9_5_negative_binomial_probability.pkl,a44495228ae3c22d76aefb9e0204c388f57cf307f4733aa2a50b725be0c401e6,f50fc8807b4bfcaf717226fc36782dcf0c5513fa6b2920aaf711f17d4ba5ee61,over_9_5,2026-08-13T13:57:44Z,negative_binomial_probability,POSITIVE_EV,25.36201070696561,0.5988023952095809,0.2035035589660713,prematch-20260813T135810Z-506538be
6,TOTAL_CORNERS_UNDER,1.64,0.5255837250393113,0.6201269096375805,1.9026464335919164,-0.08417237252166432,-0.13804269093552957,0.0,0.0,0.0,62.012690963758054,NO BET,168,6:BetRivers:TOTAL_CORNERS_UNDER:10.5:UNDER,6,,,2023/24,2023-08-20,Roma,Salernitana,BetRivers,10.5,UNDER,over_10_5,SUPPORTED,SCORED,the-odds-api,120c61563f0b7119d87522da76fcaa33,120c61563f0b7119d87522da76fcaa33,,2026-08-13T11:17:25Z,,1.64,62.012690963758054,ABSTAIN,50.0,0.0,True,0.0,0.0,0.0,/Users/saverio/Documents/CornerLab/CornerLab/models/research/over_10_5_negative_binomial_probability.pkl,45cbba073d9e3f1fb1ab04753c9435aa68b90a6ee657e1fa145aef1b9654efca,9878dffd54928273ddc7cee56d4478b99375bb955f9fd79fb791ed941e2f6101,over_10_5,2026-08-13T11:17:25Z,negative_binomial_probability,NON_POSITIVE_EV,0.0,0.6097560975609756,-0.08417237252166432,prematch-20260813T135810Z-506538be
6,TOTAL_CORNERS_UNDER,1.64,0.5255837250393113,0.6201269096375805,1.9026464335919164,-0.08417237252166432,-0.13804269093552957,0.0,0.0,0.0,62.012690963758054,NO BET,169,6:BetRivers:TOTAL_CORNERS_UNDER:10.5:UNDER,6,,,2023/24,2023-08-20,Roma,Salernitana,BetRivers,10.5,UNDER,over_10_5,SUPPORTED,SCORED,the-odds-api,120c61563f0b7119d87522da76fcaa33,120c61563f0b7119d87522da76fcaa33,,2026-08-13T11:34:06Z,,1.64,62.012690963758054,ABSTAIN,50.0,0.0,True,0.0,0.0,0.0,/Users/saverio/Documents/CornerLab/CornerLab/models/research/over_10_5_negative_binomial_probability.pkl,45cbba073d9e3f1fb1ab04753c9435aa68b90a6ee657e1fa145aef1b9654efca,9878dffd54928273ddc7cee56d4478b99375bb955f9fd79fb791ed941e2f6101,over_10_5,2026-08-13T11:34:06Z,negative_binomial_probability,NON_POSITIVE_EV,0.0,0.6097560975609756,-0.08417237252166432,prematch-20260813T135810Z-506538be
6,TOTAL_CORNERS_UNDER,1.64,0.5255837250393113,0.6201269096375805,1.9026464335919164,-0.08417237252166432,-0.13804269093552957,0.0,0.0,0.0,62.012690963758054,NO BET,170,6:BetRivers:TOTAL_CORNERS_UNDER:10.5:UNDER,6,,,2023/24,2023-08-20,Roma,Salernitana,BetRivers,10.5,UNDER,over_10_5,SUPPORTED,SCORED,the-odds-api,120c61563f0b7119d87522da76fcaa33,120c61563f0b7119d87522da76fcaa33,,2026-08-13T12:30:51Z,,1.64,62.012690963758054,ABSTAIN,50.0,0.0,True,0.0,0.0,0.0,/Users/saverio/Documents/CornerLab/CornerLab/models/research/over_10_5_negative_binomial_probability.pkl,45cbba073d9e3f1fb1ab04753c9435aa68b90a6ee657e1fa145aef1b9654efca,9878dffd54928273ddc7cee56d4478b99375bb955f9fd79fb791ed941e2f6101,over_10_5,2026-08-13T12:30:51Z,negative_binomial_probability,NON_POSITIVE_EV,0.0,0.6097560975609756,-0.08417237252166432,prematch-20260813T135810Z-506538be
6,TOTAL_CORNERS_UNDER,1.64,0.5255837250393113,0.6201269096375805,1.9026464335919164,-0.08417237252166432,-0.13804269093552957,0.0,0.0,0.0,62.012690963758054,NO BET,171,6:BetRivers:TOTAL_CORNERS_UNDER:10.5:UNDER,6,,,2023/24,2023-08-20,Roma,Salernitana,BetRivers,10.5,UNDER,over_10_5,SUPPORTED,SCORED,the-odds-api,120c61563f0b7119d87522da76fcaa33,120c61563f0b7119d87522da76fcaa33,,2026-08-13T13:57:44Z,,1.64,62.012690963758054,ABSTAIN,50.0,0.0,True,0.0,0.0,0.0,/Users/saverio/Documents/CornerLab/CornerLab/models/research/over_10_5_negative_binomial_probability.pkl,45cbba073d9e3f1fb1ab04753c9435aa68b90a6ee657e1fa145aef1b9654efca,9878dffd54928273ddc7cee56d4478b99375bb955f9fd79fb791ed941e2f6101,over_10_5,2026-08-13T13:57:44Z,negative_binomial_probability,NON_POSITIVE_EV,0.0,0.6097560975609756,-0.08417237252166432,prematch-20260813T135810Z-506538be
6,TOTAL_CORNERS_UNDER,1.4,,0.6201269096375805,,,,,,,,MODEL_UNAVAILABLE,172,6:BetRivers:TOTAL_CORNERS_UNDER:11.5:UNDER,6,,,2023/24,2023-08-20,Roma,Salernitana,BetRivers,11.5,UNDER,over_11_5,UNSUPPORTED,NOT_APPLICABLE,the-odds-api,120c61563f0b7119d87522da76fcaa33,120c61563f0b7119d87522da76fcaa33,,2026-08-13T11:17:25Z,,1.4,62.012690963758054,ABSTAIN,50.0,0.0,True,0.0,0.0,0.0,MODEL_UNAVAILABLE,MODEL_UNAVAILABLE,MODEL_UNAVAILABLE,MODEL_UNAVAILABLE,2026-08-13T11:17:25Z,MODEL_UNAVAILABLE,NO_ACCEPTED_MODEL,,,,prematch-20260813T135810Z-506538be
6,TOTAL_CORNERS_UNDER,1.4,,0.6201269096375805,,,,,,,,MODEL_UNAVAILABLE,173,6:BetRivers:TOTAL_CORNERS_UNDER:11.5:UNDER,6,,,2023/24,2023-08-20,Roma,Salernitana,BetRivers,11.5,UNDER,over_11_5,UNSUPPORTED,NOT_APPLICABLE,the-odds-api,120c61563f0b7119d87522da76fcaa33,120c61563f0b7119d87522da76fcaa33,,2026-08-13T11:34:06Z,,1.4,62.012690963758054,ABSTAIN,50.0,0.0,True,0.0,0.0,0.0,MODEL_UNAVAILABLE,MODEL_UNAVAILABLE,MODEL_UNAVAILABLE,MODEL_UNAVAILABLE,2026-08-13T11:34:06Z,MODEL_UNAVAILABLE,NO_ACCEPTED_MODEL,,,,prematch-20260813T135810Z-506538be
6,TOTAL_CORNERS_UNDER,1.4,,0.6201269096375805,,,,,,,,MODEL_UNAVAILABLE,174,6:BetRivers:TOTAL_CORNERS_UNDER:11.5:UNDER,6,,,2023/24,2023-08-20,Roma,Salernitana,BetRivers,11.5,UNDER,over_11_5,UNSUPPORTED,NOT_APPLICABLE,the-odds-api,120c61563f0b7119d87522da76fcaa33,120c61563f0b7119d87522da76fcaa33,,2026-08-13T12:30:51Z,,1.4,62.012690963758054,ABSTAIN,50.0,0.0,True,0.0,0.0,0.0,MODEL_UNAVAILABLE,MODEL_UNAVAILABLE,MODEL_UNAVAILABLE,MODEL_UNAVAILABLE,2026-08-13T12:30:51Z,MODEL_UNAVAILABLE,NO_ACCEPTED_MODEL,,,,prematch-20260813T135810Z-506538be
6,TOTAL_CORNERS_UNDER,1.4,,0.6201269096375805,,,,,,,,MODEL_UNAVAILABLE,175,6:BetRivers:TOTAL_CORNERS_UNDER:11.5:UNDER,6,,,2023/24,2023-08-20,Roma,Salernitana,BetRivers,11.5,UNDER,over_11_5,UNSUPPORTED,NOT_APPLICABLE,the-odds-api,120c61563f0b7119d87522da76fcaa33,120c61563f0b7119d87522da76fcaa33,,2026-08-13T13:57:44Z,,1.4,62.012690963758054,ABSTAIN,50.0,0.0,True,0.0,0.0,0.0,MODEL_UNAVAILABLE,MODEL_UNAVAILABLE,MODEL_UNAVAILABLE,MODEL_UNAVAILABLE,2026-08-13T13:57:44Z,MODEL_UNAVAILABLE,NO_ACCEPTED_MODEL,,,,prematch-20260813T135810Z-506538be
6,TOTAL_CORNERS_UNDER,2.63,,0.6201269096375805,,,,,,,,MODEL_UNAVAILABLE,176,6:BetRivers:TOTAL_CORNERS_UNDER:8.5:UNDER,6,,,2023/24,2023-08-20,Roma,Salernitana,BetRivers,8.5,UNDER,over_8_5,UNSUPPORTED,NOT_APPLICABLE,the-odds-api,120c61563f0b7119d87522da76fcaa33,120c61563f0b7119d87522da76fcaa33,,2026-08-13T11:17:25Z,,2.63,62.012690963758054,ABSTAIN,50.0,0.0,True,0.0,0.0,0.0,MODEL_UNAVAILABLE,MODEL_UNAVAILABLE,MODEL_UNAVAILABLE,MODEL_UNAVAILABLE,2026-08-13T11:17:25Z,MODEL_UNAVAILABLE,NO_ACCEPTED_MODEL,,,,prematch-20260813T135810Z-506538be
6,TOTAL_CORNERS_UNDER,2.63,,0.6201269096375805,,,,,,,,MODEL_UNAVAILABLE,177,6:BetRivers:TOTAL_CORNERS_UNDER:8.5:UNDER,6,,,2023/24,2023-08-20,Roma,Salernitana,BetRivers,8.5,UNDER,over_8_5,UNSUPPORTED,NOT_APPLICABLE,the-odds-api,120c61563f0b7119d87522da76fcaa33,120c61563f0b7119d87522da76fcaa33,,2026-08-13T11:34:06Z,,2.63,62.012690963758054,ABSTAIN,50.0,0.0,True,0.0,0.0,0.0,MODEL_UNAVAILABLE,MODEL_UNAVAILABLE,MODEL_UNAVAILABLE,MODEL_UNAVAILABLE,2026-08-13T11:34:06Z,MODEL_UNAVAILABLE,NO_ACCEPTED_MODEL,,,,prematch-20260813T135810Z-506538be
6,TOTAL_CORNERS_UNDER,2.63,,0.6201269096375805,,,,,,,,MODEL_UNAVAILABLE,178,6:BetRivers:TOTAL_CORNERS_UNDER:8.5:UNDER,6,,,2023/24,2023-08-20,Roma,Salernitana,BetRivers,8.5,UNDER,over_8_5,UNSUPPORTED,NOT_APPLICABLE,the-odds-api,120c61563f0b7119d87522da76fcaa33,120c61563f0b7119d87522da76fcaa33,,2026-08-13T12:30:51Z,,2.63,62.012690963758054,ABSTAIN,50.0,0.0,True,0.0,0.0,0.0,MODEL_UNAVAILABLE,MODEL_UNAVAILABLE,MODEL_UNAVAILABLE,MODEL_UNAVAILABLE,2026-08-13T12:30:51Z,MODEL_UNAVAILABLE,NO_ACCEPTED_MODEL,,,,prematch-20260813T135810Z-506538be
6,TOTAL_CORNERS_UNDER,2.63,,0.6201269096375805,,,,,,,,MODEL_UNAVAILABLE,179,6:BetRivers:TOTAL_CORNERS_UNDER:8.5:UNDER,6,,,2023/24,2023-08-20,Roma,Salernitana,BetRivers,8.5,UNDER,over_8_5,UNSUPPORTED,NOT_APPLICABLE,the-odds-api,120c61563f0b7119d87522da76fcaa33,120c61563f0b7119d87522da76fcaa33,,2026-08-13T13:57:44Z,,2.63,62.012690963758054,ABSTAIN,50.0,0.0,True,0.0,0.0,0.0,MODEL_UNAVAILABLE,MODEL_UNAVAILABLE,MODEL_UNAVAILABLE,MODEL_UNAVAILABLE,2026-08-13T13:57:44Z,MODEL_UNAVAILABLE,NO_ACCEPTED_MODEL,,,,prematch-20260813T135810Z-506538be
6,TOTAL_CORNERS_UNDER,2.02,0.1976940458243478,0.6201269096375805,5.058321285449868,-0.29735545912614725,-0.6006580274348174,0.0,0.0,0.0,62.012690963758054,NO BET,180,6:BetRivers:TOTAL_CORNERS_UNDER:9.5:UNDER,6,,,2023/24,2023-08-20,Roma,Salernitana,BetRivers,9.5,UNDER,over_9_5,SUPPORTED,SCORED,the-odds-api,120c61563f0b7119d87522da76fcaa33,120c61563f0b7119d87522da76fcaa33,,2026-08-13T11:17:25Z,,2.02,62.012690963758054,ABSTAIN,50.0,0.0,True,0.0,0.0,0.0,/Users/saverio/Documents/CornerLab/CornerLab/models/research/over_9_5_negative_binomial_probability.pkl,a44495228ae3c22d76aefb9e0204c388f57cf307f4733aa2a50b725be0c401e6,f50fc8807b4bfcaf717226fc36782dcf0c5513fa6b2920aaf711f17d4ba5ee61,over_9_5,2026-08-13T11:17:25Z,negative_binomial_probability,NON_POSITIVE_EV,0.0,0.49504950495049505,-0.29735545912614725,prematch-20260813T135810Z-506538be
6,TOTAL_CORNERS_UNDER,2.02,0.1976940458243478,0.6201269096375805,5.058321285449868,-0.29735545912614725,-0.6006580274348174,0.0,0.0,0.0,62.012690963758054,NO BET,181,6:BetRivers:TOTAL_CORNERS_UNDER:9.5:UNDER,6,,,2023/24,2023-08-20,Roma,Salernitana,BetRivers,9.5,UNDER,over_9_5,SUPPORTED,SCORED,the-odds-api,120c61563f0b7119d87522da76fcaa33,120c61563f0b7119d87522da76fcaa33,,2026-08-13T11:34:06Z,,2.02,62.012690963758054,ABSTAIN,50.0,0.0,True,0.0,0.0,0.0,/Users/saverio/Documents/CornerLab/CornerLab/models/research/over_9_5_negative_binomial_probability.pkl,a44495228ae3c22d76aefb9e0204c388f57cf307f4733aa2a50b725be0c401e6,f50fc8807b4bfcaf717226fc36782dcf0c5513fa6b2920aaf711f17d4ba5ee61,over_9_5,2026-08-13T11:34:06Z,negative_binomial_probability,NON_POSITIVE_EV,0.0,0.49504950495049505,-0.29735545912614725,prematch-20260813T135810Z-506538be
6,TOTAL_CORNERS_UNDER,2.02,0.1976940458243478,0.6201269096375805,5.058321285449868,-0.29735545912614725,-0.6006580274348174,0.0,0.0,0.0,62.012690963758054,NO BET,182,6:BetRivers:TOTAL_CORNERS_UNDER:9.5:UNDER,6,,,2023/24,2023-08-20,Roma,Salernitana,BetRivers,9.5,UNDER,over_9_5,SUPPORTED,SCORED,the-odds-api,120c61563f0b7119d87522da76fcaa33,120c61563f0b7119d87522da76fcaa33,,2026-08-13T12:30:51Z,,2.02,62.012690963758054,ABSTAIN,50.0,0.0,True,0.0,0.0,0.0,/Users/saverio/Documents/CornerLab/CornerLab/models/research/over_9_5_negative_binomial_probability.pkl,a44495228ae3c22d76aefb9e0204c388f57cf307f4733aa2a50b725be0c401e6,f50fc8807b4bfcaf717226fc36782dcf0c5513fa6b2920aaf711f17d4ba5ee61,over_9_5,2026-08-13T12:30:51Z,negative_binomial_probability,NON_POSITIVE_EV,0.0,0.49504950495049505,-0.29735545912614725,prematch-20260813T135810Z-506538be
6,TOTAL_CORNERS_UNDER,2.02,0.1976940458243478,0.6201269096375805,5.058321285449868,-0.29735545912614725,-0.6006580274348174,0.0,0.0,0.0,62.012690963758054,NO BET,183,6:BetRivers:TOTAL_CORNERS_UNDER:9.5:UNDER,6,,,2023/24,2023-08-20,Roma,Salernitana,BetRivers,9.5,UNDER,over_9_5,SUPPORTED,SCORED,the-odds-api,120c61563f0b7119d87522da76fcaa33,120c61563f0b7119d87522da76fcaa33,,2026-08-13T13:57:44Z,,2.02,62.012690963758054,ABSTAIN,50.0,0.0,True,0.0,0.0,0.0,/Users/saverio/Documents/CornerLab/CornerLab/models/research/over_9_5_negative_binomial_probability.pkl,a44495228ae3c22d76aefb9e0204c388f57cf307f4733aa2a50b725be0c401e6,f50fc8807b4bfcaf717226fc36782dcf0c5513fa6b2920aaf711f17d4ba5ee61,over_9_5,2026-08-13T13:57:44Z,negative_binomial_probability,NON_POSITIVE_EV,0.0,0.49504950495049505,-0.29735545912614725,prematch-20260813T135810Z-506538be
7,TOTAL_CORNERS_OVER,2.04,0.48216839837031134,0.6201212028102714,2.073964207069389,-0.008027680061061193,-0.01637646732456488,0.0,0.0,0.0,62.01212028102714,NO BET,184,7:BetRivers:TOTAL_CORNERS_OVER:10.5:OVER,7,,,2023/24,2023-08-20,Sassuolo,Atalanta,BetRivers,10.5,OVER,over_10_5,SUPPORTED,SCORED,the-odds-api,d44b7b56dadba2e7606cdceec655e62f,d44b7b56dadba2e7606cdceec655e62f,,2026-08-13T11:34:06Z,,2.04,62.01212028102714,ABSTAIN,50.0,0.0,True,0.0,0.0,0.0,/Users/saverio/Documents/CornerLab/CornerLab/models/research/over_10_5_negative_binomial_probability.pkl,45cbba073d9e3f1fb1ab04753c9435aa68b90a6ee657e1fa145aef1b9654efca,9878dffd54928273ddc7cee56d4478b99375bb955f9fd79fb791ed941e2f6101,over_10_5,2026-08-13T11:34:06Z,negative_binomial_probability,NON_POSITIVE_EV,0.0,0.49019607843137253,-0.008027680061061193,prematch-20260813T135810Z-506538be
7,TOTAL_CORNERS_OVER,2.04,0.48216839837031134,0.6201212028102714,2.073964207069389,-0.008027680061061193,-0.01637646732456488,0.0,0.0,0.0,62.01212028102714,NO BET,185,7:BetRivers:TOTAL_CORNERS_OVER:10.5:OVER,7,,,2023/24,2023-08-20,Sassuolo,Atalanta,BetRivers,10.5,OVER,over_10_5,SUPPORTED,SCORED,the-odds-api,d44b7b56dadba2e7606cdceec655e62f,d44b7b56dadba2e7606cdceec655e62f,,2026-08-13T12:30:51Z,,2.04,62.01212028102714,ABSTAIN,50.0,0.0,True,0.0,0.0,0.0,/Users/saverio/Documents/CornerLab/CornerLab/models/research/over_10_5_negative_binomial_probability.pkl,45cbba073d9e3f1fb1ab04753c9435aa68b90a6ee657e1fa145aef1b9654efca,9878dffd54928273ddc7cee56d4478b99375bb955f9fd79fb791ed941e2f6101,over_10_5,2026-08-13T12:30:51Z,negative_binomial_probability,NON_POSITIVE_EV,0.0,0.49019607843137253,-0.008027680061061193,prematch-20260813T135810Z-506538be
7,TOTAL_CORNERS_OVER,2.04,0.48216839837031134,0.6201212028102714,2.073964207069389,-0.008027680061061193,-0.01637646732456488,0.0,0.0,0.0,62.01212028102714,NO BET,186,7:BetRivers:TOTAL_CORNERS_OVER:10.5:OVER,7,,,2023/24,2023-08-20,Sassuolo,Atalanta,BetRivers,10.5,OVER,over_10_5,SUPPORTED,SCORED,the-odds-api,d44b7b56dadba2e7606cdceec655e62f,d44b7b56dadba2e7606cdceec655e62f,,2026-08-13T13:57:44Z,,2.04,62.01212028102714,ABSTAIN,50.0,0.0,True,0.0,0.0,0.0,/Users/saverio/Documents/CornerLab/CornerLab/models/research/over_10_5_negative_binomial_probability.pkl,45cbba073d9e3f1fb1ab04753c9435aa68b90a6ee657e1fa145aef1b9654efca,9878dffd54928273ddc7cee56d4478b99375bb955f9fd79fb791ed941e2f6101,over_10_5,2026-08-13T13:57:44Z,negative_binomial_probability,NON_POSITIVE_EV,0.0,0.49019607843137253,-0.008027680061061193,prematch-20260813T135810Z-506538be
7,TOTAL_CORNERS_OVER,2.55,,0.6201212028102714,,,,,,,,MODEL_UNAVAILABLE,187,7:BetRivers:TOTAL_CORNERS_OVER:11.5:OVER,7,,,2023/24,2023-08-20,Sassuolo,Atalanta,BetRivers,11.5,OVER,over_11_5,UNSUPPORTED,NOT_APPLICABLE,the-odds-api,d44b7b56dadba2e7606cdceec655e62f,d44b7b56dadba2e7606cdceec655e62f,,2026-08-13T11:34:06Z,,2.55,62.01212028102714,ABSTAIN,50.0,0.0,True,0.0,0.0,0.0,MODEL_UNAVAILABLE,MODEL_UNAVAILABLE,MODEL_UNAVAILABLE,MODEL_UNAVAILABLE,2026-08-13T11:34:06Z,MODEL_UNAVAILABLE,NO_ACCEPTED_MODEL,,,,prematch-20260813T135810Z-506538be
7,TOTAL_CORNERS_OVER,2.55,,0.6201212028102714,,,,,,,,MODEL_UNAVAILABLE,188,7:BetRivers:TOTAL_CORNERS_OVER:11.5:OVER,7,,,2023/24,2023-08-20,Sassuolo,Atalanta,BetRivers,11.5,OVER,over_11_5,UNSUPPORTED,NOT_APPLICABLE,the-odds-api,d44b7b56dadba2e7606cdceec655e62f,d44b7b56dadba2e7606cdceec655e62f,,2026-08-13T12:30:51Z,,2.55,62.01212028102714,ABSTAIN,50.0,0.0,True,0.0,0.0,0.0,MODEL_UNAVAILABLE,MODEL_UNAVAILABLE,MODEL_UNAVAILABLE,MODEL_UNAVAILABLE,2026-08-13T12:30:51Z,MODEL_UNAVAILABLE,NO_ACCEPTED_MODEL,,,,prematch-20260813T135810Z-506538be
7,TOTAL_CORNERS_OVER,2.55,,0.6201212028102714,,,,,,,,MODEL_UNAVAILABLE,189,7:BetRivers:TOTAL_CORNERS_OVER:11.5:OVER,7,,,2023/24,2023-08-20,Sassuolo,Atalanta,BetRivers,11.5,OVER,over_11_5,UNSUPPORTED,NOT_APPLICABLE,the-odds-api,d44b7b56dadba2e7606cdceec655e62f,d44b7b56dadba2e7606cdceec655e62f,,2026-08-13T13:57:44Z,,2.55,62.01212028102714,ABSTAIN,50.0,0.0,True,0.0,0.0,0.0,MODEL_UNAVAILABLE,MODEL_UNAVAILABLE,MODEL_UNAVAILABLE,MODEL_UNAVAILABLE,2026-08-13T13:57:44Z,MODEL_UNAVAILABLE,NO_ACCEPTED_MODEL,,,,prematch-20260813T135810Z-506538be
7,TOTAL_CORNERS_OVER,1.38,,0.6201212028102714,,,,,,,,MODEL_UNAVAILABLE,190,7:BetRivers:TOTAL_CORNERS_OVER:8.5:OVER,7,,,2023/24,2023-08-20,Sassuolo,Atalanta,BetRivers,8.5,OVER,over_8_5,UNSUPPORTED,NOT_APPLICABLE,the-odds-api,d44b7b56dadba2e7606cdceec655e62f,d44b7b56dadba2e7606cdceec655e62f,,2026-08-13T11:34:06Z,,1.38,62.01212028102714,ABSTAIN,50.0,0.0,True,0.0,0.0,0.0,MODEL_UNAVAILABLE,MODEL_UNAVAILABLE,MODEL_UNAVAILABLE,MODEL_UNAVAILABLE,2026-08-13T11:34:06Z,MODEL_UNAVAILABLE,NO_ACCEPTED_MODEL,,,,prematch-20260813T135810Z-506538be
7,TOTAL_CORNERS_OVER,1.38,,0.6201212028102714,,,,,,,,MODEL_UNAVAILABLE,191,7:BetRivers:TOTAL_CORNERS_OVER:8.5:OVER,7,,,2023/24,2023-08-20,Sassuolo,Atalanta,BetRivers,8.5,OVER,over_8_5,UNSUPPORTED,NOT_APPLICABLE,the-odds-api,d44b7b56dadba2e7606cdceec655e62f,d44b7b56dadba2e7606cdceec655e62f,,2026-08-13T12:30:51Z,,1.38,62.01212028102714,ABSTAIN,50.0,0.0,True,0.0,0.0,0.0,MODEL_UNAVAILABLE,MODEL_UNAVAILABLE,MODEL_UNAVAILABLE,MODEL_UNAVAILABLE,2026-08-13T12:30:51Z,MODEL_UNAVAILABLE,NO_ACCEPTED_MODEL,,,,prematch-20260813T135810Z-506538be
7,TOTAL_CORNERS_OVER,1.38,,0.6201212028102714,,,,,,,,MODEL_UNAVAILABLE,192,7:BetRivers:TOTAL_CORNERS_OVER:8.5:OVER,7,,,2023/24,2023-08-20,Sassuolo,Atalanta,BetRivers,8.5,OVER,over_8_5,UNSUPPORTED,NOT_APPLICABLE,the-odds-api,d44b7b56dadba2e7606cdceec655e62f,d44b7b56dadba2e7606cdceec655e62f,,2026-08-13T13:57:44Z,,1.38,62.01212028102714,ABSTAIN,50.0,0.0,True,0.0,0.0,0.0,MODEL_UNAVAILABLE,MODEL_UNAVAILABLE,MODEL_UNAVAILABLE,MODEL_UNAVAILABLE,2026-08-13T13:57:44Z,MODEL_UNAVAILABLE,NO_ACCEPTED_MODEL,,,,prematch-20260813T135810Z-506538be
7,TOTAL_CORNERS_OVER,1.64,0.8125143240805904,0.6201212028102714,1.2307475331361832,0.20275822651961484,0.3325234914921682,0.5195679554565129,0.25978397772825645,25.978397772825645,62.01212028102714,PLAY,193,7:BetRivers:TOTAL_CORNERS_OVER:9.5:OVER,7,,,2023/24,2023-08-20,Sassuolo,Atalanta,BetRivers,9.5,OVER,over_9_5,SUPPORTED,SCORED,the-odds-api,d44b7b56dadba2e7606cdceec655e62f,d44b7b56dadba2e7606cdceec655e62f,,2026-08-13T11:34:06Z,,1.64,62.01212028102714,ABSTAIN,50.0,0.0,True,0.0,0.0,0.0,/Users/saverio/Documents/CornerLab/CornerLab/models/research/over_9_5_negative_binomial_probability.pkl,a44495228ae3c22d76aefb9e0204c388f57cf307f4733aa2a50b725be0c401e6,f50fc8807b4bfcaf717226fc36782dcf0c5513fa6b2920aaf711f17d4ba5ee61,over_9_5,2026-08-13T11:34:06Z,negative_binomial_probability,POSITIVE_EV,25.978397772825645,0.6097560975609756,0.20275822651961484,prematch-20260813T135810Z-506538be
7,TOTAL_CORNERS_OVER,1.64,0.8125143240805904,0.6201212028102714,1.2307475331361832,0.20275822651961484,0.3325234914921682,0.5195679554565129,0.25978397772825645,25.978397772825645,62.01212028102714,PLAY,194,7:BetRivers:TOTAL_CORNERS_OVER:9.5:OVER,7,,,2023/24,2023-08-20,Sassuolo,Atalanta,BetRivers,9.5,OVER,over_9_5,SUPPORTED,SCORED,the-odds-api,d44b7b56dadba2e7606cdceec655e62f,d44b7b56dadba2e7606cdceec655e62f,,2026-08-13T12:30:51Z,,1.64,62.01212028102714,ABSTAIN,50.0,0.0,True,0.0,0.0,0.0,/Users/saverio/Documents/CornerLab/CornerLab/models/research/over_9_5_negative_binomial_probability.pkl,a44495228ae3c22d76aefb9e0204c388f57cf307f4733aa2a50b725be0c401e6,f50fc8807b4bfcaf717226fc36782dcf0c5513fa6b2920aaf711f17d4ba5ee61,over_9_5,2026-08-13T12:30:51Z,negative_binomial_probability,POSITIVE_EV,25.978397772825645,0.6097560975609756,0.20275822651961484,prematch-20260813T135810Z-506538be
7,TOTAL_CORNERS_OVER,1.64,0.8125143240805904,0.6201212028102714,1.2307475331361832,0.20275822651961484,0.3325234914921682,0.5195679554565129,0.25978397772825645,25.978397772825645,62.01212028102714,PLAY,195,7:BetRivers:TOTAL_CORNERS_OVER:9.5:OVER,7,,,2023/24,2023-08-20,Sassuolo,Atalanta,BetRivers,9.5,OVER,over_9_5,SUPPORTED,SCORED,the-odds-api,d44b7b56dadba2e7606cdceec655e62f,d44b7b56dadba2e7606cdceec655e62f,,2026-08-13T13:57:44Z,,1.64,62.01212028102714,ABSTAIN,50.0,0.0,True,0.0,0.0,0.0,/Users/saverio/Documents/CornerLab/CornerLab/models/research/over_9_5_negative_binomial_probability.pkl,a44495228ae3c22d76aefb9e0204c388f57cf307f4733aa2a50b725be0c401e6,f50fc8807b4bfcaf717226fc36782dcf0c5513fa6b2920aaf711f17d4ba5ee61,over_9_5,2026-08-13T13:57:44Z,negative_binomial_probability,POSITIVE_EV,25.978397772825645,0.6097560975609756,0.20275822651961484,prematch-20260813T135810Z-506538be
7,TOTAL_CORNERS_UNDER,1.66,0.5178316016296887,0.6201212028102714,1.9311297279904505,-0.08457803692452825,-0.14039954129471688,0.0,0.0,0.0,62.01212028102714,NO BET,196,7:BetRivers:TOTAL_CORNERS_UNDER:10.5:UNDER,7,,,2023/24,2023-08-20,Sassuolo,Atalanta,BetRivers,10.5,UNDER,over_10_5,SUPPORTED,SCORED,the-odds-api,d44b7b56dadba2e7606cdceec655e62f,d44b7b56dadba2e7606cdceec655e62f,,2026-08-13T11:34:06Z,,1.66,62.01212028102714,ABSTAIN,50.0,0.0,True,0.0,0.0,0.0,/Users/saverio/Documents/CornerLab/CornerLab/models/research/over_10_5_negative_binomial_probability.pkl,45cbba073d9e3f1fb1ab04753c9435aa68b90a6ee657e1fa145aef1b9654efca,9878dffd54928273ddc7cee56d4478b99375bb955f9fd79fb791ed941e2f6101,over_10_5,2026-08-13T11:34:06Z,negative_binomial_probability,NON_POSITIVE_EV,0.0,0.6024096385542169,-0.08457803692452825,prematch-20260813T135810Z-506538be
7,TOTAL_CORNERS_UNDER,1.66,0.5178316016296887,0.6201212028102714,1.9311297279904505,-0.08457803692452825,-0.14039954129471688,0.0,0.0,0.0,62.01212028102714,NO BET,197,7:BetRivers:TOTAL_CORNERS_UNDER:10.5:UNDER,7,,,2023/24,2023-08-20,Sassuolo,Atalanta,BetRivers,10.5,UNDER,over_10_5,SUPPORTED,SCORED,the-odds-api,d44b7b56dadba2e7606cdceec655e62f,d44b7b56dadba2e7606cdceec655e62f,,2026-08-13T12:30:51Z,,1.66,62.01212028102714,ABSTAIN,50.0,0.0,True,0.0,0.0,0.0,/Users/saverio/Documents/CornerLab/CornerLab/models/research/over_10_5_negative_binomial_probability.pkl,45cbba073d9e3f1fb1ab04753c9435aa68b90a6ee657e1fa145aef1b9654efca,9878dffd54928273ddc7cee56d4478b99375bb955f9fd79fb791ed941e2f6101,over_10_5,2026-08-13T12:30:51Z,negative_binomial_probability,NON_POSITIVE_EV,0.0,0.6024096385542169,-0.08457803692452825,prematch-20260813T135810Z-506538be
7,TOTAL_CORNERS_UNDER,1.66,0.5178316016296887,0.6201212028102714,1.9311297279904505,-0.08457803692452825,-0.14039954129471688,0.0,0.0,0.0,62.01212028102714,NO BET,198,7:BetRivers:TOTAL_CORNERS_UNDER:10.5:UNDER,7,,,2023/24,2023-08-20,Sassuolo,Atalanta,BetRivers,10.5,UNDER,over_10_5,SUPPORTED,SCORED,the-odds-api,d44b7b56dadba2e7606cdceec655e62f,d44b7b56dadba2e7606cdceec655e62f,,2026-08-13T13:57:44Z,,1.66,62.01212028102714,ABSTAIN,50.0,0.0,True,0.0,0.0,0.0,/Users/saverio/Documents/CornerLab/CornerLab/models/research/over_10_5_negative_binomial_probability.pkl,45cbba073d9e3f1fb1ab04753c9435aa68b90a6ee657e1fa145aef1b9654efca,9878dffd54928273ddc7cee56d4478b99375bb955f9fd79fb791ed941e2f6101,over_10_5,2026-08-13T13:57:44Z,negative_binomial_probability,NON_POSITIVE_EV,0.0,0.6024096385542169,-0.08457803692452825,prematch-20260813T135810Z-506538be
7,TOTAL_CORNERS_UNDER,1.42,,0.6201212028102714,,,,,,,,MODEL_UNAVAILABLE,199,7:BetRivers:TOTAL_CORNERS_UNDER:11.5:UNDER,7,,,2023/24,2023-08-20,Sassuolo,Atalanta,BetRivers,11.5,UNDER,over_11_5,UNSUPPORTED,NOT_APPLICABLE,the-odds-api,d44b7b56dadba2e7606cdceec655e62f,d44b7b56dadba2e7606cdceec655e62f,,2026-08-13T11:34:06Z,,1.42,62.01212028102714,ABSTAIN,50.0,0.0,True,0.0,0.0,0.0,MODEL_UNAVAILABLE,MODEL_UNAVAILABLE,MODEL_UNAVAILABLE,MODEL_UNAVAILABLE,2026-08-13T11:34:06Z,MODEL_UNAVAILABLE,NO_ACCEPTED_MODEL,,,,prematch-20260813T135810Z-506538be
7,TOTAL_CORNERS_UNDER,1.42,,0.6201212028102714,,,,,,,,MODEL_UNAVAILABLE,200,7:BetRivers:TOTAL_CORNERS_UNDER:11.5:UNDER,7,,,2023/24,2023-08-20,Sassuolo,Atalanta,BetRivers,11.5,UNDER,over_11_5,UNSUPPORTED,NOT_APPLICABLE,the-odds-api,d44b7b56dadba2e7606cdceec655e62f,d44b7b56dadba2e7606cdceec655e62f,,2026-08-13T12:30:51Z,,1.42,62.01212028102714,ABSTAIN,50.0,0.0,True,0.0,0.0,0.0,MODEL_UNAVAILABLE,MODEL_UNAVAILABLE,MODEL_UNAVAILABLE,MODEL_UNAVAILABLE,2026-08-13T12:30:51Z,MODEL_UNAVAILABLE,NO_ACCEPTED_MODEL,,,,prematch-20260813T135810Z-506538be
7,TOTAL_CORNERS_UNDER,1.42,,0.6201212028102714,,,,,,,,MODEL_UNAVAILABLE,201,7:BetRivers:TOTAL_CORNERS_UNDER:11.5:UNDER,7,,,2023/24,2023-08-20,Sassuolo,Atalanta,BetRivers,11.5,UNDER,over_11_5,UNSUPPORTED,NOT_APPLICABLE,the-odds-api,d44b7b56dadba2e7606cdceec655e62f,d44b7b56dadba2e7606cdceec655e62f,,2026-08-13T13:57:44Z,,1.42,62.01212028102714,ABSTAIN,50.0,0.0,True,0.0,0.0,0.0,MODEL_UNAVAILABLE,MODEL_UNAVAILABLE,MODEL_UNAVAILABLE,MODEL_UNAVAILABLE,2026-08-13T13:57:44Z,MODEL_UNAVAILABLE,NO_ACCEPTED_MODEL,,,,prematch-20260813T135810Z-506538be
7,TOTAL_CORNERS_UNDER,2.7,,0.6201212028102714,,,,,,,,MODEL_UNAVAILABLE,202,7:BetRivers:TOTAL_CORNERS_UNDER:8.5:UNDER,7,,,2023/24,2023-08-20,Sassuolo,Atalanta,BetRivers,8.5,UNDER,over_8_5,UNSUPPORTED,NOT_APPLICABLE,the-odds-api,d44b7b56dadba2e7606cdceec655e62f,d44b7b56dadba2e7606cdceec655e62f,,2026-08-13T11:34:06Z,,2.7,62.01212028102714,ABSTAIN,50.0,0.0,True,0.0,0.0,0.0,MODEL_UNAVAILABLE,MODEL_UNAVAILABLE,MODEL_UNAVAILABLE,MODEL_UNAVAILABLE,2026-08-13T11:34:06Z,MODEL_UNAVAILABLE,NO_ACCEPTED_MODEL,,,,prematch-20260813T135810Z-506538be
7,TOTAL_CORNERS_UNDER,2.7,,0.6201212028102714,,,,,,,,MODEL_UNAVAILABLE,203,7:BetRivers:TOTAL_CORNERS_UNDER:8.5:UNDER,7,,,2023/24,2023-08-20,Sassuolo,Atalanta,BetRivers,8.5,UNDER,over_8_5,UNSUPPORTED,NOT_APPLICABLE,the-odds-api,d44b7b56dadba2e7606cdceec655e62f,d44b7b56dadba2e7606cdceec655e62f,,2026-08-13T12:30:51Z,,2.7,62.01212028102714,ABSTAIN,50.0,0.0,True,0.0,0.0,0.0,MODEL_UNAVAILABLE,MODEL_UNAVAILABLE,MODEL_UNAVAILABLE,MODEL_UNAVAILABLE,2026-08-13T12:30:51Z,MODEL_UNAVAILABLE,NO_ACCEPTED_MODEL,,,,prematch-20260813T135810Z-506538be
7,TOTAL_CORNERS_UNDER,2.7,,0.6201212028102714,,,,,,,,MODEL_UNAVAILABLE,204,7:BetRivers:TOTAL_CORNERS_UNDER:8.5:UNDER,7,,,2023/24,2023-08-20,Sassuolo,Atalanta,BetRivers,8.5,UNDER,over_8_5,UNSUPPORTED,NOT_APPLICABLE,the-odds-api,d44b7b56dadba2e7606cdceec655e62f,d44b7b56dadba2e7606cdceec655e62f,,2026-08-13T13:57:44Z,,2.7,62.01212028102714,ABSTAIN,50.0,0.0,True,0.0,0.0,0.0,MODEL_UNAVAILABLE,MODEL_UNAVAILABLE,MODEL_UNAVAILABLE,MODEL_UNAVAILABLE,2026-08-13T13:57:44Z,MODEL_UNAVAILABLE,NO_ACCEPTED_MODEL,,,,prematch-20260813T135810Z-506538be
7,TOTAL_CORNERS_UNDER,2.07,0.18748567591940957,0.6201212028102714,5.333740804976741,-0.295606111520204,-0.6119046508468222,0.0,0.0,0.0,62.01212028102714,NO BET,205,7:BetRivers:TOTAL_CORNERS_UNDER:9.5:UNDER,7,,,2023/24,2023-08-20,Sassuolo,Atalanta,BetRivers,9.5,UNDER,over_9_5,SUPPORTED,SCORED,the-odds-api,d44b7b56dadba2e7606cdceec655e62f,d44b7b56dadba2e7606cdceec655e62f,,2026-08-13T11:34:06Z,,2.07,62.01212028102714,ABSTAIN,50.0,0.0,True,0.0,0.0,0.0,/Users/saverio/Documents/CornerLab/CornerLab/models/research/over_9_5_negative_binomial_probability.pkl,a44495228ae3c22d76aefb9e0204c388f57cf307f4733aa2a50b725be0c401e6,f50fc8807b4bfcaf717226fc36782dcf0c5513fa6b2920aaf711f17d4ba5ee61,over_9_5,2026-08-13T11:34:06Z,negative_binomial_probability,NON_POSITIVE_EV,0.0,0.48309178743961356,-0.295606111520204,prematch-20260813T135810Z-506538be
7,TOTAL_CORNERS_UNDER,2.07,0.18748567591940957,0.6201212028102714,5.333740804976741,-0.295606111520204,-0.6119046508468222,0.0,0.0,0.0,62.01212028102714,NO BET,206,7:BetRivers:TOTAL_CORNERS_UNDER:9.5:UNDER,7,,,2023/24,2023-08-20,Sassuolo,Atalanta,BetRivers,9.5,UNDER,over_9_5,SUPPORTED,SCORED,the-odds-api,d44b7b56dadba2e7606cdceec655e62f,d44b7b56dadba2e7606cdceec655e62f,,2026-08-13T12:30:51Z,,2.07,62.01212028102714,ABSTAIN,50.0,0.0,True,0.0,0.0,0.0,/Users/saverio/Documents/CornerLab/CornerLab/models/research/over_9_5_negative_binomial_probability.pkl,a44495228ae3c22d76aefb9e0204c388f57cf307f4733aa2a50b725be0c401e6,f50fc8807b4bfcaf717226fc36782dcf0c5513fa6b2920aaf711f17d4ba5ee61,over_9_5,2026-08-13T12:30:51Z,negative_binomial_probability,NON_POSITIVE_EV,0.0,0.48309178743961356,-0.295606111520204,prematch-20260813T135810Z-506538be
7,TOTAL_CORNERS_UNDER,2.07,0.18748567591940957,0.6201212028102714,5.333740804976741,-0.295606111520204,-0.6119046508468222,0.0,0.0,0.0,62.01212028102714,NO BET,207,7:BetRivers:TOTAL_CORNERS_UNDER:9.5:UNDER,7,,,2023/24,2023-08-20,Sassuolo,Atalanta,BetRivers,9.5,UNDER,over_9_5,SUPPORTED,SCORED,the-odds-api,d44b7b56dadba2e7606cdceec655e62f,d44b7b56dadba2e7606cdceec655e62f,,2026-08-13T13:57:44Z,,2.07,62.01212028102714,ABSTAIN,50.0,0.0,True,0.0,0.0,0.0,/Users/saverio/Documents/CornerLab/CornerLab/models/research/over_9_5_negative_binomial_probability.pkl,a44495228ae3c22d76aefb9e0204c388f57cf307f4733aa2a50b725be0c401e6,f50fc8807b4bfcaf717226fc36782dcf0c5513fa6b2920aaf711f17d4ba5ee61,over_9_5,2026-08-13T13:57:44Z,negative_binomial_probability,NON_POSITIVE_EV,0.0,0.48309178743961356,-0.295606111520204,prematch-20260813T135810Z-506538be
