fixture_id,date,season,competition,home_team,away_team,home_goals,away_goals,home_corners,away_corners,total_corners,source,import_date,row_hash
1,2023-08-11,2023/24,Serie A,Bologna,Monza,1,0,6,4,10,football-data-csv,2026-08-02 15:27:36,2aed15f781e0a2329ecdea615f2ac93826d9b74788889819bc06242bb80e19d4
2,2023-08-11,2023/24,Serie A,Cagliari,Verona,1,0,6,4,10,football-data-csv,2026-08-02 15:27:36,7600bb6472895e5a5fb11926191c7016ab6ebbccc3917dac80c72579719904ae
3,2023-08-11,2023/24,Serie A,Como,Venezia,1,0,5,4,9,football-data-csv,2026-08-02 15:27:36,86fa7d97dac0634a2b58a13641fab2fd8362f590f4ccc199ac79812d8bb874a0
4,2023-08-11,2023/24,Serie A,Empoli,Udinese,1,0,4,5,9,football-data-csv,2026-08-02 15:27:36,3032f0958a74c8e26320535f7b1ceb472d15a5889a842f799ea19bd200248e2c
5,2023-08-11,2023/24,Serie A,Fiorentina,Torino,1,0,4,5,9,football-data-csv,2026-08-02 15:27:36,5e9e26336287f2938c863555ca0e95c10273bea491bb2b65fc0b05032df1907e
6,2023-08-11,2023/24,Serie A,Genoa,Roma,1,0,5,4,9,football-data-csv,2026-08-02 15:27:36,0695339842fa186438f4039bd717e7d0e47b8885083670e7fbd969808a5de5c1
7,2023-08-11,2023/24,Serie A,Inter,Parma,1,0,7,3,10,football-data-csv,2026-08-02 15:27:36,9a296546bafe30e01e754736de5f60c16c23167eeeee7a63468ccee159d0c0ac
8,2023-08-11,2023/24,Serie A,Juventus,Napoli,1,0,7,3,10,football-data-csv,2026-08-02 15:27:36,689d929bda5ccac979e4f305e4a35ac58f7163bf46d48c28698016f6e56f0647
9,2023-08-11,2023/24,Serie A,Lazio,Milan,1,0,7,3,10,football-data-csv,2026-08-02 15:27:36,347ed051837bcd48d5f5118a3ebcba9155ae721248889df1788740592e2496ee
10,2023-08-11,2023/24,Serie A,Lecce,Lecce,1,0,5,5,10,football-data-csv,2026-08-02 15:27:36,6b5cbe13f18a2cb90bb14cc7e477bb638047b2b37fe6617c8c08c04652f67370
11,2023-08-18,2023/24,Serie A,Monza,Verona,1,0,4,5,9,football-data-csv,2026-08-02 15:27:36,81673a342b3b01bb79e22dcadf78bb8d52c9510fa57f70c02b74593e2725db81
12,2023-08-18,2023/24,Serie A,Bologna,Venezia,0,1,4,5,9,football-data-csv,2026-08-02 15:27:36,cdcb25179fe81e7a1f92bf9f9176276af5bbe2bbb3635e99f62cb9bdb040a6f5
13,2023-08-18,2023/24,Serie A,Cagliari,Udinese,1,0,6,4,10,football-data-csv,2026-08-02 15:27:36,a38b39994cdaf78ee090f25dd0ad5e2d32da46319e4224811b2da7c238818f60
14,2023-08-18,2023/24,Serie A,Como,Torino,1,0,6,3,9,football-data-csv,2026-08-02 15:27:36,5e35521c64e8d3e1d1400751921b09e3e1dde7a00104cf72a04231d690d741a0
15,2023-08-18,2023/24,Serie A,Empoli,Roma,1,0,6,3,9,football-data-csv,2026-08-02 15:27:36,c5338630a164604afe937fefb264d4c588843e54ad6f211b6da10c2329ccd859
16,2023-08-18,2023/24,Serie A,Fiorentina,Parma,1,0,5,4,9,football-data-csv,2026-08-02 15:27:36,454472bc50fc2ec958fcf06d0b412f256efe8b7cada1881ce5778058c134b342
17,2023-08-18,2023/24,Serie A,Genoa,Napoli,1,0,5,5,10,football-data-csv,2026-08-02 15:27:36,14137c85086cd6c6285be398ea782e97fe5467e4c2b76fd913d129535ab83749
18,2023-08-18,2023/24,Serie A,Inter,Milan,0,1,5,5,10,football-data-csv,2026-08-02 15:27:36,057a74beee9a65e81ed11fb06c8a09b9c91196b0259d053708688cc2b25ed722
19,2023-08-18,2023/24,Serie A,Juventus,Lecce,1,0,6,3,9,football-data-csv,2026-08-02 15:27:36,e29f3a06b29259dd91b52e57985a08fb87d04940c192ca2fec2cb934ab1a831f
20,2023-08-18,2023/24,Serie A,Lazio,Lazio,1,0,6,3,9,football-data-csv,2026-08-02 15:27:36,6d190052e312d2dbc227b3e976720904e2e7016f2dee4d320638f14328a4d989
21,2023-08-25,2023/24,Serie A,Verona,Venezia,1,0,6,3,9,football-data-csv,2026-08-02 15:27:36,9776f5229d57c431dce358b16a7d564b6aad647b469c1a2c21e8320df3e97657
22,2023-08-25,2023/24,Serie A,Monza,Udinese,1,0,6,4,10,football-data-csv,2026-08-02 15:27:36,e39083eb5d985cdd955e12d6ffa178d99d78a3013cb939ad93a4633987f0c38c
23,2023-08-25,2023/24,Serie A,Bologna,Torino,1,0,4,6,10,football-data-csv,2026-08-02 15:27:36,f7001a62b37a918928036b6a9c25d37e0d67aa4298397ce4a4c981b63d26cc28
24,2023-08-25,2023/24,Serie A,Cagliari,Roma,0,1,4,5,9,football-data-csv,2026-08-02 15:27:36,5ba1c37e480cdd563aa6de4e83b17cbcfbed67428d1124eea68c97a26ca2be94
25,2023-08-25,2023/24,Serie A,Como,Parma,1,0,5,4,9,football-data-csv,2026-08-02 15:27:36,4829d1c44f35148560ee941bbb23289e51e2cff56b6fdd017f45aa7d5b85ddef
26,2023-08-25,2023/24,Serie A,Empoli,Napoli,1,0,6,3,9,football-data-csv,2026-08-02 15:27:36,202d39c670a4105e18336b69389b2414b9ce1b3c6316438a98f3c8545ef4c09b
27,2023-08-25,2023/24,Serie A,Fiorentina,Milan,1,0,7,3,10,football-data-csv,2026-08-02 15:27:36,d0a3f40a013cd23c587ee79af55a89728e0d16044de0c1269776e346473ddea4
28,2023-08-25,2023/24,Serie A,Genoa,Lecce,1,0,6,3,9,football-data-csv,2026-08-02 15:27:36,7ed6c517785c0e92dde03b0e8cf93da856f38ed255016ade819d4a9a59de84be
29,2023-08-25,2023/24,Serie A,Inter,Lazio,1,0,4,5,9,football-data-csv,2026-08-02 15:27:36,cb5706b3a7160cc7d90fddf1737aa4488b8661bb5cb5d722e098de3d629b32aa
30,2023-08-25,2023/24,Serie A,Juventus,Juventus,0,1,4,5,9,football-data-csv,2026-08-02 15:27:36,9a8dac938148b0bee151b1fd8b5991244c25d5d4f7ea7fa826e8ec32e5be63b5
31,2023-09-01,2023/24,Serie A,Venezia,Udinese,1,0,5,5,10,football-data-csv,2026-08-02 15:27:36,2654c4d307755128221b27bcb434c7b7b8dd1807688cfa4030d2216ef735bc62
32,2023-09-01,2023/24,Serie A,Verona,Torino,1,0,6,3,9,football-data-csv,2026-08-02 15:27:36,99e5b1b7705cb8bd387f08c8cb71ff336d46df5b2001597e43a5283ee0108526
33,2023-09-01,2023/24,Serie A,Monza,Roma,1,0,7,3,10,football-data-csv,2026-08-02 15:27:36,9a7957e33f055007a94b2e7a183c5bd1cb73c845a6982b36d05cd55e82e8502a
34,2023-09-01,2023/24,Serie A,Bologna,Parma,1,0,6,4,10,football-data-csv,2026-08-02 15:27:36,8c70c116098cca62e9e8cb8dbab1c0a9b90abc88615d3278bc0457afda4d3d84
35,2023-09-01,2023/24,Serie A,Cagliari,Napoli,1,0,5,5,10,football-data-csv,2026-08-02 15:27:36,a4470d9cd7ddb543762c26e7dd440bec18124cdc3978724f77a50ee483bf8b37
36,2023-09-01,2023/24,Serie A,Como,Milan,0,1,4,5,9,football-data-csv,2026-08-02 15:27:36,960ca812a5e1f0ed48895a06a5e9a4f1aff6db0a4788d78a49c88c2c288838cb
37,2023-09-01,2023/24,Serie A,Empoli,Lecce,1,0,5,5,10,football-data-csv,2026-08-02 15:27:36,9ca81c71abae87cab932985232d5ddc8f41730159e323b98e436f2850697310c
38,2023-09-01,2023/24,Serie A,Fiorentina,Lazio,1,0,5,4,9,football-data-csv,2026-08-02 15:27:36,765792ceaf8cb9e792b6b4a8675a78465400272c94d9b033341fa48d655a4712
39,2023-09-01,2023/24,Serie A,Genoa,Juventus,1,0,6,3,9,football-data-csv,2026-08-02 15:27:36,c8bba36d4afb64eb195dedc969e0fec3bdd2ea0fb7b383c2770684b0e9760f10
40,2023-09-01,2023/24,Serie A,Inter,Inter,1,0,6,3,9,football-data-csv,2026-08-02 15:27:36,a09e3a15f819cb4a1b9abf819b8a4cedf3620d8faf98410e876c7b98252b0c23
41,2023-09-08,2023/24,Serie A,Udinese,Torino,1,0,5,4,9,football-data-csv,2026-08-02 15:27:36,f11e9d430ab7333dc5d90a01f1ba09fba8cc6c8a3f6031199081140e695aa96e
42,2023-09-08,2023/24,Serie A,Venezia,Roma,0,1,5,5,10,football-data-csv,2026-08-02 15:27:36,158c428364c332a27f92fca55a27afe7413bec75881cb04fe9b46af12f7e3252
43,2023-09-08,2023/24,Serie A,Verona,Parma,1,0,5,5,10,football-data-csv,2026-08-02 15:27:36,0c622f6f05c9945f381657c36e0d59c27e576751f74666ce69a60bc0734ff672
44,2023-09-08,2023/24,Serie A,Monza,Napoli,1,0,6,4,10,football-data-csv,2026-08-02 15:27:36,fb9979e10c1a035d7e4b70334dab1741f1ff756161fce3045d06b32deec891d1
45,2023-09-08,2023/24,Serie A,Bologna,Milan,1,0,6,3,9,football-data-csv,2026-08-02 15:27:36,1d87f83ee337d0991d0e9efc6183b4ea1f2db041c8b5b79e0c91e0612c706fa0
46,2023-09-08,2023/24,Serie A,Cagliari,Lecce,1,0,7,3,10,football-data-csv,2026-08-02 15:27:36,231f3072d52570c935c77b0244320a9767528de6283dadf72bb38ae9c12152ed
47,2023-09-08,2023/24,Serie A,Como,Lazio,1,0,5,5,10,football-data-csv,2026-08-02 15:27:36,38bb800502e77d0a62b3f70578c570270424850fd6bd14287f267618f1cb2a51
48,2023-09-08,2023/24,Serie A,Empoli,Juventus,0,1,4,5,9,football-data-csv,2026-08-02 15:27:36,d9a1a6084c1ccfe7206f7dd536eef8a7939efdd4a8c5e36444be5dc7c2d643bc
49,2023-09-08,2023/24,Serie A,Fiorentina,Inter,1,0,4,6,10,football-data-csv,2026-08-02 15:27:36,f6e720c14c2d552096a20afa54755a0a2ad228f0bbcc4601fd3d0d0946656863
50,2023-09-08,2023/24,Serie A,Genoa,Genoa,1,0,5,5,10,football-data-csv,2026-08-02 15:27:36,a8df565afe0d83ec3d4408f35044e3b648d8a5a949a8f99ef3826a6ca5fe1c2e
51,2023-09-15,2023/24,Serie A,Torino,Roma,1,0,6,3,9,football-data-csv,2026-08-02 15:27:36,cf42e6a8c6aaa418ae61292a8e20eef178d91a2bfb7837a1b7a31f52e0f9cecc
52,2023-09-15,2023/24,Serie A,Udinese,Parma,1,0,7,3,10,football-data-csv,2026-08-02 15:27:36,3aaccca20642b199cd7c389b02e8b5483e34a58e811ea3225f4e43198bf89526
53,2023-09-15,2023/24,Serie A,Venezia,Napoli,1,0,6,3,9,football-data-csv,2026-08-02 15:27:36,acbb90fdaccf0567f2a312911b3e173d5e4e1b215eeea336debb466b2206d144
54,2023-09-15,2023/24,Serie A,Verona,Milan,1,0,5,4,9,football-data-csv,2026-08-02 15:27:36,1a4379359345799b6be1e75e4cc45b5cff3e2d0b259fc0ac5bedd064122c78b7
55,2023-09-15,2023/24,Serie A,Monza,Lecce,1,0,5,5,10,football-data-csv,2026-08-02 15:27:36,a11a20e660f0afa546b406983d908830d578cbce3289de3e70db6679831d38f3
56,2023-09-15,2023/24,Serie A,Bologna,Lazio,1,0,4,5,9,football-data-csv,2026-08-02 15:27:36,2c356feb917154d0d46589ca161cddc9555eaa2d9957129a3e071e053c4dc53e
57,2023-09-15,2023/24,Serie A,Cagliari,Juventus,1,0,5,4,9,football-data-csv,2026-08-02 15:27:36,bf41caf3c344697ddfc211f6b0b55885191f080a89d209264f0810488e7d1b0b
58,2023-09-15,2023/24,Serie A,Como,Inter,1,0,6,3,9,football-data-csv,2026-08-02 15:27:36,92d7ee7358d998a24e2f08f6660eda328710b3acae990be238392563e1e80079
59,2023-09-15,2023/24,Serie A,Empoli,Genoa,1,0,6,4,10,football-data-csv,2026-08-02 15:27:36,dbe09479de80be3f9b725989be4e587333b4d656eab38a01a84e2906f684011c
60,2023-09-15,2023/24,Serie A,Fiorentina,Fiorentina,0,1,5,5,10,football-data-csv,2026-08-02 15:27:36,8780bfb58a2edda606ea4a21f720991fbf2f57114aeaa4047b160a19042da225
61,2023-09-22,2023/24,Serie A,Roma,Parma,1,0,4,5,9,football-data-csv,2026-08-02 15:27:36,e1778c7e7209aa406e36995f6f63be25d2c76dbe58d5d4637082bd723a3635c0
62,2023-09-22,2023/24,Serie A,Torino,Napoli,1,0,5,5,10,football-data-csv,2026-08-02 15:27:36,19010b28c4a4b92a75307a30bff580021a9e2d3577627703a0404e3f6c549069
63,2023-09-22,2023/24,Serie A,Udinese,Milan,1,0,6,4,10,football-data-csv,2026-08-02 15:27:36,0eccb2ce89e86549466455e83f1fdfb9efd277c49b447a97382fb40c8b692b26
64,2023-09-22,2023/24,Serie A,Venezia,Lecce,1,0,7,3,10,football-data-csv,2026-08-02 15:27:36,2a1e47854f553ba8927f0e136efafda75b06af5ab8fb205d2d1c6b364cda0ae9
65,2023-09-22,2023/24,Serie A,Verona,Lazio,1,0,6,3,9,football-data-csv,2026-08-02 15:27:36,bf0032403c7cfc83de164a6fdf6ec2a74b128aae0decbb6cb64e0be6bf00f7c0
66,2023-09-22,2023/24,Serie A,Monza,Juventus,1,0,5,4,9,football-data-csv,2026-08-02 15:27:36,16d4591fedaeba4ab197a2f7a53e604bb640cba189fda806fde967a94b833e2b
67,2023-09-22,2023/24,Serie A,Bologna,Inter,1,0,4,6,10,football-data-csv,2026-08-02 15:27:36,cd3a658d79997dc90c4d6432ca3b7163cc42b509d9b8bac9a50f57599e0cc0e3
68,2023-09-22,2023/24,Serie A,Cagliari,Genoa,1,0,4,6,10,football-data-csv,2026-08-02 15:27:36,4b35b4dbf03e5cea73d6662d3a0898a7c669e7b8705355c5352c39259b624df6
69,2023-09-22,2023/24,Serie A,Como,Fiorentina,1,0,5,4,9,football-data-csv,2026-08-02 15:27:36,5498f5d6c0e4ac423457bd8b77e4002c146c1b6d52f40ffac32596f153722a7e
70,2023-09-22,2023/24,Serie A,Empoli,Empoli,1,0,6,3,9,football-data-csv,2026-08-02 15:27:36,1550abe7d30bbff1098ef843cefaf51dfe0b856abd3d91c36c2279c295cf057b
71,2023-09-29,2023/24,Serie A,Parma,Napoli,1,0,7,3,10,football-data-csv,2026-08-02 15:27:36,6decb3d6631f2d6b5bbd392b12fad710809e934f770ebff559f6df5eaa49c831
72,2023-09-29,2023/24,Serie A,Roma,Milan,1,0,6,4,10,football-data-csv,2026-08-02 15:27:36,31e4cd9788941da42418e5664ebb713375f978bf538740bba89b6ac22f2246e4
73,2023-09-29,2023/24,Serie A,Torino,Lecce,1,0,5,5,10,football-data-csv,2026-08-02 15:27:36,06da169e2bef488363e4ef903ab8af6c0128c71291d99ea2c89a1b57887d9605
74,2023-09-29,2023/24,Serie A,Udinese,Lazio,1,0,4,6,10,football-data-csv,2026-08-02 15:27:36,aaadfdd4c1020d6e815fc0adb2b030d1d01f321927d0f9ead08e6ea33bab77b6
75,2023-09-29,2023/24,Serie A,Venezia,Juventus,0,1,5,5,10,football-data-csv,2026-08-02 15:27:36,bbb7a504baba2d318e2cc8a72d2cd770598741c68c470ea5aa430c585664cf52
76,2023-09-29,2023/24,Serie A,Verona,Inter,1,0,6,3,9,football-data-csv,2026-08-02 15:27:36,1f4a654340f8caafeaa6f66d1bdc7614108896dbf343b5052208a92227635962
77,2023-09-29,2023/24,Serie A,Monza,Genoa,1,0,7,3,10,football-data-csv,2026-08-02 15:27:36,465bc368936ea242749bfba5c01c928b20ed817c37ffed2ff5f770aa7a5def17
78,2023-09-29,2023/24,Serie A,Bologna,Fiorentina,1,0,6,4,10,football-data-csv,2026-08-02 15:27:36,52e680f76553d4b2506c8f7bba408f206acd6b8bd88612902c4bf75d01e8ad82
79,2023-09-29,2023/24,Serie A,Cagliari,Empoli,1,0,5,5,10,football-data-csv,2026-08-02 15:27:36,464b019dc09d36662473192205795aba45d5556df7572e9a01137f2ad9ce3fb3
80,2023-09-29,2023/24,Serie A,Como,Como,1,0,4,5,9,football-data-csv,2026-08-02 15:27:36,3e9858d09db266dc57c6f572e83bfcf322a21904977b609e2a5d9442d6a55e72
81,2023-10-06,2023/24,Serie A,Napoli,Milan,0,1,5,5,10,football-data-csv,2026-08-02 15:27:36,891a1e9560663c2bb446f4d76672fd2977b3ad6fc35af86c24beb071ad1aaf98
82,2023-10-06,2023/24,Serie A,Parma,Lecce,1,0,6,4,10,football-data-csv,2026-08-02 15:27:36,e4260c9c8ee34c8bb03226ea6cf2ce4d06d7a05e94778c09cf72a90bd1e4a697
83,2023-10-06,2023/24,Serie A,Roma,Lazio,1,0,6,3,9,football-data-csv,2026-08-02 15:27:36,f1045749ca8fbbfc39ecb7ff0a4b528ee4ab063fcdcd99a3e5878bd4b9538dc1
84,2023-10-06,2023/24,Serie A,Torino,Juventus,1,0,6,4,10,football-data-csv,2026-08-02 15:27:36,a1aaaafb5dc02157a55f04f90e2c70b3e062c938abcd689682c95374c813ec86
85,2023-10-06,2023/24,Serie A,Udinese,Inter,1,0,5,4,9,football-data-csv,2026-08-02 15:27:36,f2c3ba90a7b888af6ade569cfb2df49ec93d832490782f72bb88fdeab594fc1a
86,2023-10-06,2023/24,Serie A,Venezia,Genoa,1,0,4,5,9,football-data-csv,2026-08-02 15:27:36,02c1076ec2072483fc0cbb928bacc9be797e58d582fc4e2eb610f1813879ba4a
87,2023-10-06,2023/24,Serie A,Verona,Fiorentina,0,1,5,5,10,football-data-csv,2026-08-02 15:27:36,8eb99654d3476ba4433d15351b165592b471b20a5e6d654073e0077eb3a3a5ee
88,2023-10-06,2023/24,Serie A,Monza,Empoli,1,0,6,4,10,football-data-csv,2026-08-02 15:27:36,790f3794d32b0301b769e5127f492ae2f6f53a28232f50b10d70e8a1580470e8
89,2023-10-06,2023/24,Serie A,Bologna,Como,1,0,6,3,9,football-data-csv,2026-08-02 15:27:36,cc0f6a77bf53bc3d504bc1bdae15e70c1825e69180cee8c49da185479b53269d
90,2023-10-06,2023/24,Serie A,Cagliari,Cagliari,1,0,6,3,9,football-data-csv,2026-08-02 15:27:36,716adf4a5384d866a13101bd71ac8de3bb88df449d50901ca62cf6aab9abc2d0
91,2023-10-13,2023/24,Serie A,Milan,Lecce,1,0,6,4,10,football-data-csv,2026-08-02 15:27:36,37fbda5ad9afc6fe4703bebfd494dc016d810e1f239b5d46ed2b0311ee45af23
92,2023-10-13,2023/24,Serie A,Napoli,Lazio,1,0,4,6,10,football-data-csv,2026-08-02 15:27:36,392598963a12c338e3a252934d09bce76e1ba9b90c098517812793d64beb2c60
93,2023-10-13,2023/24,Serie A,Parma,Juventus,0,1,4,6,10,football-data-csv,2026-08-02 15:27:36,963080d48d3526574cffa5597f3da21988d64b8996cde406a87dc011a834a649
94,2023-10-13,2023/24,Serie A,Roma,Inter,1,0,5,5,10,football-data-csv,2026-08-02 15:27:36,076febf986176f25a2fab8979298688489393b464de4da37c78f23a4542a936e
95,2023-10-13,2023/24,Serie A,Torino,Genoa,1,0,6,3,9,football-data-csv,2026-08-02 15:27:36,e1846b85c51b41b8adf5761795db4e89d99af3416b107a9b5006e19b1d50efc2
96,2023-10-13,2023/24,Serie A,Udinese,Fiorentina,1,0,7,3,10,football-data-csv,2026-08-02 15:27:36,b3a984113cb503cba94afbfe98c74cb577cd13ba2cbd25604c1da22ff51ea4a2
97,2023-10-13,2023/24,Serie A,Venezia,Empoli,1,0,6,4,10,football-data-csv,2026-08-02 15:27:36,390cc97058e86938334e5e2e78e4bc9afcf00f6c535de0d7c6fbc1b69cd53432
98,2023-10-13,2023/24,Serie A,Verona,Como,1,0,5,4,9,football-data-csv,2026-08-02 15:27:36,a5319478b1d5369991536643e50e9a3e4603b645961640dff148ae4237084690
99,2023-10-13,2023/24,Serie A,Monza,Cagliari,0,1,5,5,10,football-data-csv,2026-08-02 15:27:36,341bd3ccd8ce4d967a8614f8879f39ba57c9c910d82029319d0d51f5a4a4b7a1
100,2023-10-13,2023/24,Serie A,Bologna,Bologna,1,0,5,5,10,football-data-csv,2026-08-02 15:27:36,435978df1a1f927dc0472c9ba2b832626514eb81b2b168d7e555748d2dcbc301
101,2023-10-20,2023/24,Serie A,Lecce,Lazio,1,0,5,4,9,football-data-csv,2026-08-02 15:27:36,6f6e8cdf7bf81d5914c59287af5a95a3a69642bc0ad277010809c93ce6209767
102,2023-10-20,2023/24,Serie A,Milan,Juventus,1,0,6,4,10,football-data-csv,2026-08-02 15:27:36,f6ad2d098c409ba7f1b5554488a30217a6a203c85c2f10b24e25afc8b94d6dc2
103,2023-10-20,2023/24,Serie A,Napoli,Inter,1,0,6,4,10,football-data-csv,2026-08-02 15:27:36,9bc2a9553a73f4f68d706367b3f0df1ff847e52eb87a1fd3e07b483c1181ec66
104,2023-10-20,2023/24,Serie A,Parma,Genoa,1,0,5,5,10,football-data-csv,2026-08-02 15:27:36,f7fa13ae10a340e967d29cf53f2461935aa576dfdd00bfda4aa7b0ed19351caf
105,2023-10-20,2023/24,Serie A,Roma,Fiorentina,0,1,4,5,9,football-data-csv,2026-08-02 15:27:36,6b83486168ba38ec6a3cdea6038fdda125c9832ad6ebcdc612d945596fbd750c
106,2023-10-20,2023/24,Serie A,Torino,Empoli,1,0,5,5,10,football-data-csv,2026-08-02 15:27:36,363038803513185c2be1d5124fd8341beebd0ab96f0c0b494a0d8d696b51b1ae
107,2023-10-20,2023/24,Serie A,Udinese,Como,1,0,6,4,10,football-data-csv,2026-08-02 15:27:36,b1f059b02946f5c29d636159b0991795d6cef7e20e1a9a7317be0adb992b918e
108,2023-10-20,2023/24,Serie A,Venezia,Cagliari,1,0,7,3,10,football-data-csv,2026-08-02 15:27:36,8e14ac91e62ba274ef45f5b0f1dca69ca1eae3cc936735e1be5ebb43288d32cc
109,2023-10-20,2023/24,Serie A,Verona,Bologna,1,0,7,3,10,football-data-csv,2026-08-02 15:27:36,1fad0aa949ff74a32532dea22735e1b5036cd87e8405a8ab6e30c62f076a044c
110,2023-10-20,2023/24,Serie A,Monza,Monza,1,0,5,4,9,football-data-csv,2026-08-02 15:27:36,36fbf94a2500a4266b9287378ebdd377c2ed65682a3228f2519d7e442af8b906
111,2023-10-27,2023/24,Serie A,Lazio,Juventus,0,1,4,5,9,football-data-csv,2026-08-02 15:27:36,d2ec689fe5c8e3d59c8273290629827aea84eb3dccc25ff54c629dff68a3bb84
112,2023-10-27,2023/24,Serie A,Lecce,Inter,1,0,4,6,10,football-data-csv,2026-08-02 15:27:36,375d968cb018666897fe1c1e20ef3bdab6a83aa42017ab70c812d4821488f03a
113,2023-10-27,2023/24,Serie A,Milan,Genoa,1,0,5,5,10,football-data-csv,2026-08-02 15:27:36,06693880d7c79d4f07a79e0fd3a1cea54e2b5b30d0f605b69b0bd94c38b06159
114,2023-10-27,2023/24,Serie A,Napoli,Fiorentina,1,0,6,3,9,football-data-csv,2026-08-02 15:27:36,a371bdeb747efc3ef0ce820ee2a965a43b1f9baea947b7f68e7a9f7da34c9f6f
115,2023-10-27,2023/24,Serie A,Parma,Empoli,1,0,6,3,9,football-data-csv,2026-08-02 15:27:36,84e738195215e821292cd6b01d5cfddee3697f6acfd7ed860c199f61faf2d639
116,2023-10-27,2023/24,Serie A,Roma,Como,1,0,6,4,10,football-data-csv,2026-08-02 15:27:36,1b268564d8cf04c400cbe1e770f9bb1134ec5c0816ff0572cc79de10f7efa532
117,2023-10-27,2023/24,Serie A,Torino,Cagliari,0,1,5,5,10,football-data-csv,2026-08-02 15:27:36,b471d8bae4c217df76b620777e2db804bd83c1fa2cd48590ce564e9f3751bf38
118,2023-10-27,2023/24,Serie A,Udinese,Bologna,1,0,5,5,10,football-data-csv,2026-08-02 15:27:36,7727cda43d0dbe6b71566c45c54023793d4514291201b5db45803dacbe7800e0
119,2023-10-27,2023/24,Serie A,Venezia,Monza,1,0,5,5,10,football-data-csv,2026-08-02 15:27:36,1ef1669e99aee9f8c1c7ed7c6b25ae2d2d191785f1c54452255261442180f3e2
120,2023-10-27,2023/24,Serie A,Verona,Verona,1,0,6,4,10,football-data-csv,2026-08-02 15:27:36,f27536f68758531067d9d1949cc60b5e62953d50904ac01b80b8b52fd6dc50e1
121,2023-11-03,2023/24,Serie A,Juventus,Inter,1,0,7,3,10,football-data-csv,2026-08-02 15:27:36,274a3227c003d09f29afd6c1297fd80fefc5d7ff9bc041229b0a32b23c68ef6c
122,2023-11-03,2023/24,Serie A,Lazio,Genoa,1,0,6,3,9,football-data-csv,2026-08-02 15:27:36,0d6c5f42c7145aee52bcc143ab8c3c4136fe2156ba5703d1687091cf46ed272b
123,2023-11-03,2023/24,Serie A,Lecce,Fiorentina,0,1,4,5,9,football-data-csv,2026-08-02 15:27:36,08558180bb4af26fadfd88cb205baef1da0d7ba0338f9f680a788383b02bb8a4
124,2023-11-03,2023/24,Serie A,Milan,Empoli,1,0,4,6,10,football-data-csv,2026-08-02 15:27:36,f6fc646727d17cbd717b181a0b756f97a9b6f2eb4e48b03275c012f29aec7657
125,2023-11-03,2023/24,Serie A,Napoli,Como,1,0,5,5,10,football-data-csv,2026-08-02 15:27:36,d6b681864cd4fe729a948c3330a6380fe693ec91fc5311ab8f4e05ec8aa98835
126,2023-11-03,2023/24,Serie A,Parma,Cagliari,1,0,6,4,10,football-data-csv,2026-08-02 15:27:36,0ddb6698366da79bd8d163e6f5e4a21876524c466872310ba16d49ab5c4a39cd
127,2023-11-03,2023/24,Serie A,Roma,Bologna,1,0,7,3,10,football-data-csv,2026-08-02 15:27:36,9bb7417ada4174dbcee0285bba88fe733ef8134de2010bc8ca5e9f159b01498b
128,2023-11-03,2023/24,Serie A,Torino,Monza,1,0,6,4,10,football-data-csv,2026-08-02 15:27:36,7b1b0f2e10b4fe246c7045f54e8e43ec331ce15c3056c9c105ca3ccc52781235
129,2023-11-03,2023/24,Serie A,Udinese,Verona,0,1,5,5,10,football-data-csv,2026-08-02 15:27:36,11941dfcde4a758dc051d542906bd90b2289dc7aa7200b63ffbad4a58a308de9
130,2023-11-03,2023/24,Serie A,Venezia,Venezia,1,0,4,5,9,football-data-csv,2026-08-02 15:27:36,0515856e6da3b66571f1ceac271b1f4e4bfbfe9c238b5a9b0508e9078d0ac2fb
131,2023-11-10,2023/24,Serie A,Inter,Genoa,1,0,5,5,10,football-data-csv,2026-08-02 15:27:36,badc28586d00ada450f0f4e2285af1759d342c539cb7532c2e4071056f019346
132,2023-11-10,2023/24,Serie A,Juventus,Fiorentina,1,0,6,4,10,football-data-csv,2026-08-02 15:27:36,8388a186dcbd3b35825f2754a4d2fe4cdc036ffb555d1b24f8ab52d72c713496
133,2023-11-10,2023/24,Serie A,Lazio,Empoli,1,0,7,3,10,football-data-csv,2026-08-02 15:27:36,6ed10f6658a1baa3fcddac42c47cfc3f6aa530bf80bb2632ef0231d7feb831f8
134,2023-11-10,2023/24,Serie A,Lecce,Como,1,0,6,3,9,football-data-csv,2026-08-02 15:27:36,bb5ea84f5b50dd0acb3dfca71af72700d409b7bfa0f75d9493b2d018c453bc95
135,2023-11-10,2023/24,Serie A,Milan,Cagliari,1,0,5,4,9,football-data-csv,2026-08-02 15:27:36,bc96879fbc99c55b9d55c30575775509482e318f5c11f2bd44f08a1df6c16462
136,2023-11-10,2023/24,Serie A,Napoli,Bologna,1,0,5,5,10,football-data-csv,2026-08-02 15:27:36,05ce9a4f2817ac00b4ad021d4ef03ee87b3c7a1af6cde87efa817db584cb9d11
137,2023-11-10,2023/24,Serie A,Parma,Monza,1,0,4,6,10,football-data-csv,2026-08-02 15:27:36,245af38c970cf673751d39b668f3fe2931ab3119041a8928d004fd6384c8d52b
138,2023-11-10,2023/24,Serie A,Roma,Verona,0,1,5,5,10,football-data-csv,2026-08-02 15:27:36,eb5d6a99aa6095bc006777660da4b7554b8d72c4a6b94f49f1fd2db06aa134ae
139,2023-11-10,2023/24,Serie A,Torino,Venezia,1,0,6,4,10,football-data-csv,2026-08-02 15:27:36,c85e98f1cfa555e687650d4ae499b75f69cfffd47605f0d8cd9f017ece2a12f4
140,2023-11-10,2023/24,Serie A,Udinese,Udinese,1,0,7,3,10,football-data-csv,2026-08-02 15:27:36,4205c0c24cc8a1be7650f2f9a15cf7b6ba7098550c519cb77933baa0c6c68bb5
141,2023-11-17,2023/24,Serie A,Genoa,Fiorentina,1,0,6,4,10,football-data-csv,2026-08-02 15:27:36,7ce9b24e20739eddfc2e453db323d527ecdc902e5b0e7dba74f624d1c28bf9c1
142,2023-11-17,2023/24,Serie A,Inter,Empoli,1,0,5,5,10,football-data-csv,2026-08-02 15:27:36,3b1b4df4d410e0130b4be7ac0797be47c6f79d72d478c73d38b622850966fda6
143,2023-11-17,2023/24,Serie A,Juventus,Como,1,0,5,5,10,football-data-csv,2026-08-02 15:27:36,e540127d4d63b204e8409235ca18ea177b41168a85b7710fc385fa70668a69f1
144,2023-11-17,2023/24,Serie A,Lazio,Cagliari,1,0,5,4,9,football-data-csv,2026-08-02 15:27:36,3dae2ca00ebb17c1cfe7d5150b58ecd6d7da589ef0fba144679547f786284fbd
145,2023-11-17,2023/24,Serie A,Lecce,Bologna,1,0,6,4,10,football-data-csv,2026-08-02 15:27:36,dcbba00739f67b3b86c2b70c90088e88d12ada4be17f735bdaeb964015eaec87
146,2023-11-17,2023/24,Serie A,Milan,Monza,1,0,6,4,10,football-data-csv,2026-08-02 15:27:36,620bf81e0fcec27c6c3a2747f7deb462fb71f467a5e9bae56e51b7da44092e03
147,2023-11-17,2023/24,Serie A,Napoli,Verona,1,0,6,4,10,football-data-csv,2026-08-02 15:27:36,f4d3f57bfc6279090e3cf14ceb9e7f069dc35bf1e9bece82b6376d78fc82c440
148,2023-11-17,2023/24,Serie A,Parma,Venezia,1,0,5,5,10,football-data-csv,2026-08-02 15:27:36,b27e866a3931992c4124a4939c0b7bfb337285344d71c5ef5f289b7f359b5bc2
149,2023-11-17,2023/24,Serie A,Roma,Udinese,1,0,4,6,10,football-data-csv,2026-08-02 15:27:36,375fb8b315da9ecdda876c8fccb506063104fb785dd1a7a1d2430dc52191348b
150,2023-11-17,2023/24,Serie A,Torino,Torino,0,1,5,5,10,football-data-csv,2026-08-02 15:27:36,bf8906a5c71c5b78d1355c74cd8f4c9b07032a442ab37b5608e18893e050bc64
151,2023-11-24,2023/24,Serie A,Fiorentina,Empoli,1,0,6,4,10,football-data-csv,2026-08-02 15:27:36,d968e49d8600720a966991f75ceb6761f0f8b200953294cc1e8ba9fc25b4e92f
152,2023-11-24,2023/24,Serie A,Genoa,Como,1,0,7,3,10,football-data-csv,2026-08-02 15:27:36,35b9c3a764611bd8d0ad94507919b9954d265e087a35c29b778825b91e4aafa5
153,2023-11-24,2023/24,Serie A,Inter,Cagliari,1,0,7,3,10,football-data-csv,2026-08-02 15:27:36,a288ede38c0408ec60bf8aaa4c555718715aeb6b1d0a7adfbacc487012514185
154,2023-11-24,2023/24,Serie A,Juventus,Bologna,1,0,6,4,10,football-data-csv,2026-08-02 15:27:36,1527c44af69ad830bc3c7e3720efab52d7f3abdc51bd794d333ca4a0d525f200
155,2023-11-24,2023/24,Serie A,Lazio,Monza,1,0,4,5,9,football-data-csv,2026-08-02 15:27:36,be03d6010c7957871cac4e0fe9d7524dbb051cbf46ad48395e53c248c4aad78f
156,2023-11-24,2023/24,Serie A,Lecce,Verona,0,1,4,6,10,football-data-csv,2026-08-02 15:27:36,1a471f81498a9d545e99a73c9f9720313b2e3a5877e15867aa4e995d411fa50c
157,2023-11-24,2023/24,Serie A,Milan,Venezia,1,0,5,5,10,football-data-csv,2026-08-02 15:27:36,a8e74c5cbb373d068c78ea9be8ecea63e83b2d99aebfee35f1938843a62a47c9
158,2023-11-24,2023/24,Serie A,Napoli,Udinese,1,0,6,4,10,football-data-csv,2026-08-02 15:27:36,cba73d3c38756e0907b5c0fe05e3e0b90ede5adda673011e42b647a667d2bb01
159,2023-11-24,2023/24,Serie A,Parma,Torino,1,0,6,3,9,football-data-csv,2026-08-02 15:27:36,98c57fafa3c229192dbd2fce812553ebbf2d82109b8c71d87a1929ee4a4e8c7d
160,2023-11-24,2023/24,Serie A,Roma,Roma,1,0,6,4,10,football-data-csv,2026-08-02 15:27:36,231896b1791a68cf0692fa670c0988d895b6eefa6670eac70d7672f32f27bb58
161,2023-12-01,2023/24,Serie A,Empoli,Como,1,0,5,5,10,football-data-csv,2026-08-02 15:27:36,8bc899ac1c5e90d995021bd959c05666331d2b57f867e0f57818a5d695a551ae
162,2023-12-01,2023/24,Serie A,Fiorentina,Cagliari,0,1,4,5,9,football-data-csv,2026-08-02 15:27:36,b0abe47b34fbcd1cfecc0f1ffaa4d0e4db80818fe0c214e831db05f85749a2da
163,2023-12-01,2023/24,Serie A,Genoa,Bologna,1,0,5,4,9,football-data-csv,2026-08-02 15:27:36,5a38b98717e2af17e98be0c02a78520aaeb1a146a650873c14ebf37e53c7ce95
164,2023-12-01,2023/24,Serie A,Inter,Monza,1,0,6,4,10,football-data-csv,2026-08-02 15:27:36,c6c714abdcc46ccf0e623f98511df57e133f749b9d917f60551f87b69a107494
165,2023-12-01,2023/24,Serie A,Juventus,Verona,1,0,7,3,10,football-data-csv,2026-08-02 15:27:36,fa47ae853428b36fd4091bb91f8385c6f06c77d34a1a63665d6e309246bc812d
166,2023-12-01,2023/24,Serie A,Lazio,Venezia,1,0,6,3,9,football-data-csv,2026-08-02 15:27:36,10b291cc69a35093b29ed696963991b0ea240e93ea382e4d93db2ec345c8736a
167,2023-12-01,2023/24,Serie A,Lecce,Udinese,1,0,4,5,9,football-data-csv,2026-08-02 15:27:36,9aaf44e0d08302749c0151586f7f5bc604959897349e12352f535d0ef97b9f15
168,2023-12-01,2023/24,Serie A,Milan,Torino,0,1,4,6,10,football-data-csv,2026-08-02 15:27:36,a08fbe2e3f339e366e380b29f08a08f5eeeee363a629fa3cd4c4586562f64539
169,2023-12-01,2023/24,Serie A,Napoli,Roma,1,0,5,5,10,football-data-csv,2026-08-02 15:27:36,4dc3dfb9bc7f0804059f079ac29f93cbdb929be5c24a8d9f1aa0cade16f7244d
170,2023-12-01,2023/24,Serie A,Parma,Parma,1,0,6,4,10,football-data-csv,2026-08-02 15:27:36,2230c56fc68150486ccea79614bdad55bc30577878aa5095da833f6118a7af4b
171,2023-12-08,2023/24,Serie A,Como,Cagliari,1,0,7,3,10,football-data-csv,2026-08-02 15:27:36,d2a4aa5be6a498191527680c96d570ab5b7bceee602cf927c15776190a04bf6b
172,2023-12-08,2023/24,Serie A,Empoli,Bologna,1,0,6,3,9,football-data-csv,2026-08-02 15:27:36,c81d52e466bbf0e59715c8f1665050860c231543372c510cf4c0c6118dd9e399
173,2023-12-08,2023/24,Serie A,Fiorentina,Monza,1,0,5,5,10,football-data-csv,2026-08-02 15:27:36,3cc3da69391c28d5776d244bc967c52bd77ec1ec0510391b58d4c1c1adde64d5
174,2023-12-08,2023/24,Serie A,Genoa,Verona,0,1,4,5,9,football-data-csv,2026-08-02 15:27:36,e81b88b34c767ec419600798ef8c70ac8e83a4146f44d012e7a8e24628d0055c
175,2023-12-08,2023/24,Serie A,Inter,Venezia,1,0,4,5,9,football-data-csv,2026-08-02 15:27:36,ac70e713e3ada91e4eb6ab02ba27801e2631e2447d4946ca2c5f0aa281936171
176,2023-12-08,2023/24,Serie A,Juventus,Udinese,1,0,6,4,10,football-data-csv,2026-08-02 15:27:36,511afa9206ea7449e148631e76ffcfd94b3264adc5aed8f046b7ff9b2d72113a
177,2023-12-08,2023/24,Serie A,Lazio,Torino,1,0,7,3,10,football-data-csv,2026-08-02 15:27:36,302c21a7da34ad4a28d672136c705a1e631a057c98524673c766285a2bc7c885
178,2023-12-08,2023/24,Serie A,Lecce,Roma,1,0,6,3,9,football-data-csv,2026-08-02 15:27:36,a6d401ee5ef612ed01e3372b5a3613b0602fdff6a21cc4b038ec07db5abbe081
179,2023-12-08,2023/24,Serie A,Milan,Parma,1,0,5,4,9,football-data-csv,2026-08-02 15:27:36,c767b619a4cda3c873a636c3ed191b8eae2ea0a2ebe0d4ceb958f1f578de4ba9
180,2023-12-08,2023/24,Serie A,Napoli,Napoli,0,1,4,5,9,football-data-csv,2026-08-02 15:27:36,c55966106b27431e92c1c0d9c269b86029ef0cc48d56d6817d9d27805ddb39a3
181,2023-12-15,2023/24,Serie A,Cagliari,Bologna,1,0,4,5,9,football-data-csv,2026-08-02 15:27:36,dceab8f88abb50bebbdf95e315a8504cde5abd38e48ae2bfc1234a5868f63910
182,2023-12-15,2023/24,Serie A,Como,Monza,1,0,5,5,10,football-data-csv,2026-08-02 15:27:36,7739b2e57bc8d308d09843d292a6394a0537110940f04a649a6028286777d5e6
183,2023-12-15,2023/24,Serie A,Empoli,Verona,1,0,6,4,10,football-data-csv,2026-08-02 15:27:36,e9365e9fe9681d996366d5a848b6ac25591a5b97e97584841b4fcaf4260f982f
184,2023-12-15,2023/24,Serie A,Fiorentina,Venezia,1,0,6,3,9,football-data-csv,2026-08-02 15:27:36,de6f0b6188c1ea87fc904c50f5389b5f32695e3b15fdea153f5075e90befe483
185,2023-12-15,2023/24,Serie A,Genoa,Udinese,1,0,6,4,10,football-data-csv,2026-08-02 15:27:36,31df93a254930f80fbe2a32143b6ced9ad11a4f127a1d45360200bf8221b96b5
186,2023-12-15,2023/24,Serie A,Inter,Torino,0,1,5,5,10,football-data-csv,2026-08-02 15:27:36,95f57f078593d72dd026ac3a6dafbcb3b58588a0535cf566b849cccb65a0176f
187,2023-12-15,2023/24,Serie A,Juventus,Roma,1,0,5,5,10,football-data-csv,2026-08-02 15:27:36,2bb94c23f81a44442ac8f608a381bada7f1fe0961cbba8adb2ea094eeaf8011b
188,2023-12-15,2023/24,Serie A,Lazio,Parma,1,0,5,4,9,football-data-csv,2026-08-02 15:27:36,52fb94c74d9a0e7a6d67fbf0e37dde17ea35549df4d994a040618bd2046ede1a
189,2023-12-15,2023/24,Serie A,Lecce,Napoli,1,0,6,4,10,football-data-csv,2026-08-02 15:27:36,996f5208ae61030e582f085adeec1a16e9172912407b95a43e7a77a70dc2dcf3
190,2023-12-15,2023/24,Serie A,Milan,Milan,1,0,7,3,10,football-data-csv,2026-08-02 15:27:36,6febcfbc9c551de1dcd0de0effc83e98c0c2d046e672ebf00995efdc932b4383
191,2023-12-22,2023/24,Serie A,Monza,Bologna,1,0,7,3,10,football-data-csv,2026-08-02 15:27:36,ea2010a7a9ce616683c9723bd8f3da27d802bb4784f2deabd932f7514a47a81e
192,2023-12-22,2023/24,Serie A,Verona,Cagliari,1,0,5,4,9,football-data-csv,2026-08-02 15:27:36,1838126945f1634d0943cc846f3e7f914ec0f574aeb07a80eed24e85f53b77a4
193,2023-12-22,2023/24,Serie A,Venezia,Como,1,0,5,5,10,football-data-csv,2026-08-02 15:27:36,1134755da041467c943d67bfec65207d08408886d8033cd16761667187a7ecc5
194,2023-12-22,2023/24,Serie A,Udinese,Empoli,1,0,5,5,10,football-data-csv,2026-08-02 15:27:36,0b671472da0dfe715ba1f27d616decfc9d25aee3d6bcdb85b2edb477259e5c7e
195,2023-12-22,2023/24,Serie A,Torino,Fiorentina,1,0,6,4,10,football-data-csv,2026-08-02 15:27:36,84f61dd0b895b1e4578c55871837c6f4c7a005c2658f4daaffed725088c6a208
196,2023-12-22,2023/24,Serie A,Roma,Genoa,1,0,6,3,9,football-data-csv,2026-08-02 15:27:36,d73dd250378d9195b9fd4fa52d9c0191a5df22c06aed27acf78051fee10ab037
197,2023-12-22,2023/24,Serie A,Parma,Inter,1,0,6,4,10,football-data-csv,2026-08-02 15:27:36,b00538952ff10129b85dea282b3e332206161351e58f30246855c9b22a5f6a03
198,2023-12-22,2023/24,Serie A,Napoli,Juventus,0,1,5,5,10,football-data-csv,2026-08-02 15:27:36,67ccb708baf63cc71d029ec0173f2c7ec4423beac2a4626b104ec6a0ab939ae3
199,2023-12-22,2023/24,Serie A,Milan,Lazio,1,0,4,6,10,football-data-csv,2026-08-02 15:27:36,eb7cc655b87fb561da7d710f1ec177dccc201869a861f9769de23343bbb629e7
200,2023-12-22,2023/24,Serie A,Lecce,Lecce,1,0,4,5,9,football-data-csv,2026-08-02 15:27:36,43d054edcd5ed01e05f43107a0b6d100d1bd19bf5041f1354e426edb3a80a822
201,2023-12-29,2023/24,Serie A,Verona,Monza,1,0,5,4,9,football-data-csv,2026-08-02 15:27:36,205fc377df05e231d01454aca1a3adab1bac2a01f275c62f18ec5603c299180e
202,2023-12-29,2023/24,Serie A,Venezia,Bologna,1,0,7,3,10,football-data-csv,2026-08-02 15:27:36,946fbfc4350f4147a2f81d3058a94405c7f9b41fea0edd9a45bf911176442b91
203,2023-12-29,2023/24,Serie A,Udinese,Cagliari,1,0,7,3,10,football-data-csv,2026-08-02 15:27:36,03723d72df4b9c923a14830a55c8bf52336cf413298ec5484b6eb7ffd84d0e05
204,2023-12-29,2023/24,Serie A,Torino,Como,1,0,6,4,10,football-data-csv,2026-08-02 15:27:36,fb6fae5010496a87bbe653eca6617ee07fab9ca64c4af52b6d5116ffaba63271
205,2023-12-29,2023/24,Serie A,Roma,Empoli,1,0,5,5,10,football-data-csv,2026-08-02 15:27:36,008b0557aeecb7e01873d7862cbbfc0566fc333ead31deebb2874db4685d7909
206,2023-12-29,2023/24,Serie A,Parma,Fiorentina,1,0,4,6,10,football-data-csv,2026-08-02 15:27:36,e68d957b6e7ab82a55f6449b65ec0b5dae9f1bf1b512ec8a96ad7767e32e5ef1
207,2023-12-29,2023/24,Serie A,Napoli,Genoa,0,1,5,5,10,football-data-csv,2026-08-02 15:27:36,270d326364d58bd75d6c7f7d3a37bf00c68000fde98f028cb4516ec6e3b9fef0
208,2023-12-29,2023/24,Serie A,Milan,Inter,1,0,6,4,10,football-data-csv,2026-08-02 15:27:36,b93f2f94127385fe225eb5c98c114b2d19d2d2439359c61faa34a817ffcdca06
209,2023-12-29,2023/24,Serie A,Lecce,Juventus,1,0,6,4,10,football-data-csv,2026-08-02 15:27:36,9a7ee2f9a366f8f478605eb608a75b86f6f7b03e5176239237b9cb9ee2fe73e4
210,2023-12-29,2023/24,Serie A,Lazio,Lazio,1,0,6,4,10,football-data-csv,2026-08-02 15:27:36,dbc7d4db54250e45c5ca8281cb33997bc999d2584157be5acc1228183771882b
211,2024-01-05,2023/24,Serie A,Venezia,Verona,1,0,5,5,10,football-data-csv,2026-08-02 15:27:36,5ddf3199fcb36dd04683bc6b5a1b8fe1f001cc7698f5f4f622f4392c5b6c52a4
212,2024-01-05,2023/24,Serie A,Udinese,Monza,1,0,4,6,10,football-data-csv,2026-08-02 15:27:36,f5933ebf7b2b7f735b686c4546f6ef5b72dc5cd7ec32b0d6bd3eb2eeeccf1c7d
213,2024-01-05,2023/24,Serie A,Torino,Bologna,0,1,5,5,10,football-data-csv,2026-08-02 15:27:36,097fe3c02ea5ce2682d43474f6493e2b7cf5a1c38cd185b90f2a0ce7d5a038af
214,2024-01-05,2023/24,Serie A,Roma,Cagliari,1,0,6,4,10,football-data-csv,2026-08-02 15:27:36,b92257f07c426a08f748ded13e4bc0240fcb66e2f031b2c35140897cc81dc7e7
215,2024-01-05,2023/24,Serie A,Parma,Como,1,0,7,3,10,football-data-csv,2026-08-02 15:27:36,d950f5d7cb13e7e4e952f5b7c70c63a4b85a73b73ca8fbe03b9504975fd5ef8f
216,2024-01-05,2023/24,Serie A,Napoli,Empoli,1,0,6,4,10,football-data-csv,2026-08-02 15:27:36,74ee8464daa4b6fcd5ecad5ce8c7d9e8c6e5c86105adb9cbe8761d835e8f5035
217,2024-01-05,2023/24,Serie A,Milan,Fiorentina,1,0,5,5,10,football-data-csv,2026-08-02 15:27:36,14f2da3e6cd49384a8bd8d700a9fb3789d52c87398913ddf05b904b0ee0c9394
218,2024-01-05,2023/24,Serie A,Lecce,Genoa,1,0,4,6,10,football-data-csv,2026-08-02 15:27:36,f16632adb21f550467da765c70ad2a051da7f0775b2cec90c6fa19b80af26675
219,2024-01-05,2023/24,Serie A,Lazio,Inter,0,1,5,5,10,football-data-csv,2026-08-02 15:27:36,47ee63b7357a91af730642437fd55d9d4774193d53f935ded795702dc9a46149
220,2024-01-05,2023/24,Serie A,Juventus,Juventus,1,0,6,4,10,football-data-csv,2026-08-02 15:27:36,4f0e07dc5d0ec5470ef80cadeb01417ce1cd3b7bd4ec73fb4c07d72eb9ecd088
221,2024-01-12,2023/24,Serie A,Udinese,Venezia,1,0,6,3,9,football-data-csv,2026-08-02 15:27:36,9a525277c31a879248c790f12edd084bce413595b69efb367048df6c127a7d50
222,2024-01-12,2023/24,Serie A,Torino,Verona,1,0,6,3,9,football-data-csv,2026-08-02 15:27:36,1c00a534e7b75b8d7741b9899b35bf8298287e568ac5489c7c7023cac5953593
223,2024-01-12,2023/24,Serie A,Roma,Monza,1,0,5,5,10,football-data-csv,2026-08-02 15:27:36,a67a322d89f584c683ff51e6848897463810afa56adf94d4d379d0ec66782e17
224,2024-01-12,2023/24,Serie A,Parma,Bologna,1,0,5,5,10,football-data-csv,2026-08-02 15:27:36,5fd64a0bea92273ca7ba8b26977d7a7ac1859d421f0b2966b29e64c6502d9b53
225,2024-01-12,2023/24,Serie A,Napoli,Cagliari,0,1,4,5,9,football-data-csv,2026-08-02 15:27:36,77fb5187294492d4cfa7155a6f332b96263126be9d27c9f4ce9af44b1e6a159c
226,2024-01-12,2023/24,Serie A,Milan,Como,1,0,5,5,10,football-data-csv,2026-08-02 15:27:36,ad4b919efa9459e04efe1d4d6fa40b0618fe9e2857b383e0ad01bf3795dc19cc
227,2024-01-12,2023/24,Serie A,Lecce,Empoli,1,0,6,4,10,football-data-csv,2026-08-02 15:27:36,f2bb201a0c3c6256c3c9908609341d3468369ce8c943ef722f94ec08913522fb
228,2024-01-12,2023/24,Serie A,Lazio,Fiorentina,1,0,7,3,10,football-data-csv,2026-08-02 15:27:36,ad6bd4c98b2d3810942b094116933efe8296806030db3e19ea2c73edd991a015
229,2024-01-12,2023/24,Serie A,Juventus,Genoa,1,0,6,4,10,football-data-csv,2026-08-02 15:27:36,92d4492273819193b1429e81d577e3f57394c143f0ad22ef683311b014d0514d
230,2024-01-12,2023/24,Serie A,Inter,Inter,1,0,5,5,10,football-data-csv,2026-08-02 15:27:36,1bc92acfa83cabd01ddd96be010b9c12168bda520e9f8d7c199e3ae071a8ad44
231,2024-01-19,2023/24,Serie A,Torino,Udinese,0,1,4,5,9,football-data-csv,2026-08-02 15:27:36,9aee08223b1fd116d76b323128dbc931a7f29a10e1fb3cf2c814ffbed1b4c830
232,2024-01-19,2023/24,Serie A,Roma,Venezia,1,0,5,5,10,football-data-csv,2026-08-02 15:27:36,5cfd2d22050952069e8099d4675eeba2e85d529bb2bef9d27fab7b2650a7884e
233,2024-01-19,2023/24,Serie A,Parma,Verona,1,0,6,4,10,football-data-csv,2026-08-02 15:27:36,118b610c518329002e40b90c40fe7f79f42901f73b6a247fbf1f9dcf076c13ff
234,2024-01-19,2023/24,Serie A,Napoli,Monza,1,0,6,4,10,football-data-csv,2026-08-02 15:27:36,07c8e77ec05714d0ef5b5ddbc3989fad34b414b25e9c9578dc7f9e8b3e39d1f1
235,2024-01-19,2023/24,Serie A,Milan,Bologna,1,0,6,4,10,football-data-csv,2026-08-02 15:27:36,fd807c675c93b6cd0be4b0e7f3fdbe6bcccfb7b8fdead9f9dee389735e0e17cc
236,2024-01-19,2023/24,Serie A,Lecce,Cagliari,1,0,5,5,10,football-data-csv,2026-08-02 15:27:36,2313d3bb30d558b05029c9fcebd72e92a4e7185b78da79eb69ed7913f06c2069
237,2024-01-19,2023/24,Serie A,Lazio,Como,0,1,5,5,10,football-data-csv,2026-08-02 15:27:36,2439cbb19b304864aba73b19a6c82c790d8db36083da026fada7787d165cee84
238,2024-01-19,2023/24,Serie A,Juventus,Empoli,1,0,5,5,10,football-data-csv,2026-08-02 15:27:36,3db3763573519e64c015425df921b36aa7b0985f50bd99f573fa1171cd264001
239,2024-01-19,2023/24,Serie A,Inter,Fiorentina,1,0,6,4,10,football-data-csv,2026-08-02 15:27:36,74fe1bfedf398553afaa79e6651f6adbfa8724fe99e92e83a961a6e3d7fb7b2f
240,2024-01-19,2023/24,Serie A,Genoa,Genoa,1,0,7,3,10,football-data-csv,2026-08-02 15:27:36,186e7af03eb7b45627f9b43ea632186b1075b1eae8ddd9ecb9ce37d679281ef8
241,2024-01-26,2023/24,Serie A,Roma,Torino,1,0,6,3,9,football-data-csv,2026-08-02 15:27:36,ba799a76c5c636dcc9f76f1c7052e52bfb4e05a1bd55c011d90c95d9cadcb216
242,2024-01-26,2023/24,Serie A,Parma,Udinese,1,0,5,5,10,football-data-csv,2026-08-02 15:27:36,4b6e671552e53a3f87d162753619808c8e79a7e1420c6768a08253d813793657
243,2024-01-26,2023/24,Serie A,Napoli,Venezia,0,1,4,6,10,football-data-csv,2026-08-02 15:27:36,bfe1e50e070519fa863c7e3519394653fcfe9c4c77ef8b00a17a3a3f2c5b695b
244,2024-01-26,2023/24,Serie A,Milan,Verona,1,0,4,6,10,football-data-csv,2026-08-02 15:27:36,a6b0c687b1c68093b21239d8c12f5e412f43f74c2b8600bcb190a5e4f02f8f5e
245,2024-01-26,2023/24,Serie A,Lecce,Monza,1,0,5,5,10,football-data-csv,2026-08-02 15:27:36,9f962d686cad53b9045e68f4f31d288eaddea3b2f89f2c9bfd415f954048978c
246,2024-01-26,2023/24,Serie A,Lazio,Bologna,1,0,7,3,10,football-data-csv,2026-08-02 15:27:36,53603343b2bc6bee63fe7f43b4e92700dc964b79cb2263ef11c6657647bbd282
247,2024-01-26,2023/24,Serie A,Juventus,Cagliari,1,0,7,3,10,football-data-csv,2026-08-02 15:27:36,34f9497feda4d33ba7c6e970c998be36cf8b73a54d0a74e83b04828a941f2dc8
248,2024-01-26,2023/24,Serie A,Inter,Como,1,0,6,4,10,football-data-csv,2026-08-02 15:27:36,bf0c66df5af5731d4808c492f660ceb6ed30a97bb77bc3e126a0755e415df3a2
249,2024-01-26,2023/24,Serie A,Genoa,Empoli,0,1,5,5,10,football-data-csv,2026-08-02 15:27:36,506f10a9561a058fabcf7a11caba9cd08e87c6f4a16597c6c72a168bdccfe4a8
250,2024-01-26,2023/24,Serie A,Fiorentina,Fiorentina,1,0,4,5,9,football-data-csv,2026-08-02 15:27:36,118be1bc916b1c4a1470ce6639aa9e999954a0a3f158f887403080e9473e0c4d
251,2024-02-02,2023/24,Serie A,Parma,Roma,1,0,5,5,10,football-data-csv,2026-08-02 15:27:36,868e5e8a861b0131918e5f9104df6047ea355bdb67fa1adbca0b8513e0653338
252,2024-02-02,2023/24,Serie A,Napoli,Torino,1,0,6,4,10,football-data-csv,2026-08-02 15:27:36,7cb23e856c9205146c115fc9ac5e8e3a96153136243ad87a21744e9d2d537dd8
253,2024-02-02,2023/24,Serie A,Milan,Udinese,1,0,6,3,9,football-data-csv,2026-08-02 15:27:36,76700aa171b071d0be324b491d75f65f6ba40951a09970cd426489edcccc1d10
254,2024-02-02,2023/24,Serie A,Lecce,Venezia,1,0,5,4,9,football-data-csv,2026-08-02 15:27:36,5f95172ba5e4831645a0c2e8f2c629aa03526504bfebf338603f92092c8cd8a9
255,2024-02-02,2023/24,Serie A,Lazio,Verona,0,1,5,5,10,football-data-csv,2026-08-02 15:27:36,198354d31d997e4c837c593c7000110cc4d85727e34be57268f55d4011cdb4bf
256,2024-02-02,2023/24,Serie A,Juventus,Monza,1,0,4,5,9,football-data-csv,2026-08-02 15:27:36,5ee17f9b8a8e38646d317a049a1c833db3100f6a0268291b40272202919bc264
257,2024-02-02,2023/24,Serie A,Inter,Bologna,1,0,5,4,9,football-data-csv,2026-08-02 15:27:36,2a69ae08f02aed96c21f52f3f994c287b486da1c29d0808cf7f3c0586e3a6c49
258,2024-02-02,2023/24,Serie A,Genoa,Cagliari,1,0,6,3,9,football-data-csv,2026-08-02 15:27:36,54424d770a58f19b92ddd966660d1e2a4804f36981fca16bb488681cabfb7868
259,2024-02-02,2023/24,Serie A,Fiorentina,Como,1,0,7,3,10,football-data-csv,2026-08-02 15:27:36,1f6854750dfeccfb3e1a0c49ac96f38be5f4daa750222dc726b2ae9fd28e311d
260,2024-02-02,2023/24,Serie A,Empoli,Empoli,1,0,6,3,9,football-data-csv,2026-08-02 15:27:36,b479e6584f7d53b562eb3bdfb7ce0aad5b3b81219efe30b4fe4964656a316f1e
261,2024-02-09,2023/24,Serie A,Napoli,Parma,0,1,5,5,10,football-data-csv,2026-08-02 15:27:36,6af509cae972ed5df71bce18c376e2fd02b1c889357bcd0aa74d7609d7f2fdf7
262,2024-02-09,2023/24,Serie A,Milan,Roma,1,0,4,6,10,football-data-csv,2026-08-02 15:27:36,a52179ee9754dd056d869e8f717835bd3b393fc58b4b92b3c5b1201d62d02a65
263,2024-02-09,2023/24,Serie A,Lecce,Torino,1,0,4,6,10,football-data-csv,2026-08-02 15:27:36,bc5b802703d4bcc6eb292c02ff10dcc3a9e14e2663ba0a8a6bc8a9212731c1f5
264,2024-02-09,2023/24,Serie A,Lazio,Udinese,1,0,6,4,10,football-data-csv,2026-08-02 15:27:36,d3622bb15d529172e6ace8ba515e5953e129809cfb8e7d905c06842be1321868
265,2024-02-09,2023/24,Serie A,Juventus,Venezia,1,0,7,3,10,football-data-csv,2026-08-02 15:27:36,2eae83194b70c2a471a967b9a46ce30a1bb87777dab8cb195b5688d8b7f5489e
266,2024-02-09,2023/24,Serie A,Inter,Verona,1,0,6,3,9,football-data-csv,2026-08-02 15:27:36,268282d828b27bf97eb6d01b10aa6749dfc0a4d79e6280a2a65197fc2dd3083d
267,2024-02-09,2023/24,Serie A,Genoa,Monza,1,0,5,4,9,football-data-csv,2026-08-02 15:27:36,097463feee87fbcb8f795013f1560c7fe6f64c9bd004471da8e64907f8e5d1ea
268,2024-02-09,2023/24,Serie A,Fiorentina,Bologna,1,0,5,5,10,football-data-csv,2026-08-02 15:27:36,781e28e063e6ef87029cf789b717aef1043324b4c7acd8e5c46b6da8f28196a9
269,2024-02-09,2023/24,Serie A,Empoli,Cagliari,1,0,4,5,9,football-data-csv,2026-08-02 15:27:36,4caec7bfbe180cf8c9a710e793e59c882d8bf5b967f53c2922bef6df7b4b553c
270,2024-02-09,2023/24,Serie A,Como,Como,1,0,5,4,9,football-data-csv,2026-08-02 15:27:36,119a27cb834a233474bb674bf5e7429d72041feaf9f60fb74fdec8b7d97e9861
271,2024-02-16,2023/24,Serie A,Milan,Napoli,1,0,6,3,9,football-data-csv,2026-08-02 15:27:36,5b324fa8c11a1bc04bc3150216c05b29c56edecea10b89e2fc3eda8575427afc
272,2024-02-16,2023/24,Serie A,Lecce,Parma,1,0,6,3,9,football-data-csv,2026-08-02 15:27:36,276a59d7a40dc632569928b5aca1f3b10b964fcbe18027704f53acfda6867a3d
273,2024-02-16,2023/24,Serie A,Lazio,Roma,1,0,6,3,9,football-data-csv,2026-08-02 15:27:36,300ce8690dd0c6457a670d834cbcbdaa49fe9b81627dbbaf949699789196ca44
274,2024-02-16,2023/24,Serie A,Juventus,Torino,1,0,5,5,10,football-data-csv,2026-08-02 15:27:36,ff209fb9cd0edde8cf79bcc3a13471e985974d7d1b5aef6adf5f2fad72f3e08e
275,2024-02-16,2023/24,Serie A,Inter,Udinese,1,0,4,5,9,football-data-csv,2026-08-02 15:27:36,19c72a15a28a22eb095ec048633828e09d8e82d030f6581f2879fcf29742ed54
276,2024-02-16,2023/24,Serie A,Genoa,Venezia,0,1,5,5,10,football-data-csv,2026-08-02 15:27:36,fac9d2e9c91099bd90fa2e10ba2f88200d27235cc5033534fae6f65d24e61f99
277,2024-02-16,2023/24,Serie A,Fiorentina,Verona,1,0,6,4,10,football-data-csv,2026-08-02 15:27:36,c10cd209f3ea3b8b60c1954aba1f4004bedd0aa1526435c4d896a45afb40efe1
278,2024-02-16,2023/24,Serie A,Empoli,Monza,1,0,6,3,9,football-data-csv,2026-08-02 15:27:36,73a33f7de69710deb938f716a0b1456e715c89797df2075364403673a8130349
279,2024-02-16,2023/24,Serie A,Como,Bologna,1,0,6,3,9,football-data-csv,2026-08-02 15:27:36,882419980f118f89164c33a27c33d63056627e20dd5f0e7bad494510eb2bad2d
280,2024-02-16,2023/24,Serie A,Cagliari,Cagliari,1,0,5,5,10,football-data-csv,2026-08-02 15:27:36,808a0259018a979103e5e2cf695194a40d728f3f43f744fbbcbf4d0a234e5c28
281,2024-02-23,2023/24,Serie A,Lecce,Milan,1,0,4,5,9,football-data-csv,2026-08-02 15:27:36,29461206680ed923c7e5f7273274db9b2604d5fbe1e054e4e8e4757410b3395e
282,2024-02-23,2023/24,Serie A,Lazio,Napoli,1,0,5,4,9,football-data-csv,2026-08-02 15:27:36,e2b44c0f3bfe6817f9170ee9f6d4409d5ced0c973fa0d4f2131c56e984e5143b
283,2024-02-23,2023/24,Serie A,Juventus,Parma,1,0,6,3,9,football-data-csv,2026-08-02 15:27:36,5d126c0555934acbf9c0124871b3299637049cb087428f3b6603521597cbcbde
284,2024-02-23,2023/24,Serie A,Inter,Roma,1,0,7,3,10,football-data-csv,2026-08-02 15:27:36,b60ee3c2de99f8318ff9d25f3c5a42a1a0b38c7db5ae80e5cc5d33a7aaa795f0
285,2024-02-23,2023/24,Serie A,Genoa,Torino,1,0,6,3,9,football-data-csv,2026-08-02 15:27:36,424d5036b8e884bd41c7e631ce269c4ebee1fa897ecba3839ac2958dcdf11437
286,2024-02-23,2023/24,Serie A,Fiorentina,Udinese,1,0,5,4,9,football-data-csv,2026-08-02 15:27:36,5a180b81b0ebb63a0891e7672b7ca06a682b04a2b8b66ddbe600891cc3894375
287,2024-02-23,2023/24,Serie A,Empoli,Venezia,1,0,4,6,10,football-data-csv,2026-08-02 15:27:36,c7f3f2d76e20a80fa71ef8b9e2a06e60ba0848b7b5f253bb1af02049ea3c5a1a
288,2024-02-23,2023/24,Serie A,Como,Verona,0,1,4,6,10,football-data-csv,2026-08-02 15:27:36,2313fe862be1a6b2deb8db773421c847005a51b37f33a571d407be763fc1288f
289,2024-02-23,2023/24,Serie A,Cagliari,Monza,1,0,5,5,10,football-data-csv,2026-08-02 15:27:36,39b07e6e480a6931716b7c17ea3e0825e17fc1d9bbdf54cbe23ff8fd73a5e5a5
290,2024-02-23,2023/24,Serie A,Bologna,Bologna,1,0,6,3,9,football-data-csv,2026-08-02 15:27:36,0ad0e99e9160451d729f111e872c11d95ccccc691189b71faac119cdcfac5917
291,2024-03-01,2023/24,Serie A,Lazio,Lecce,1,0,7,3,10,football-data-csv,2026-08-02 15:27:36,9edee8a4d903b2002395049a1d1b15116af5ba40b8385dde249ccbb326573691
292,2024-03-01,2023/24,Serie A,Juventus,Milan,1,0,6,3,9,football-data-csv,2026-08-02 15:27:36,971270c67b018b3c4d1bf65fb6c45ff0e595e56b415df38b2600706b8959b1cb
293,2024-03-01,2023/24,Serie A,Inter,Napoli,1,0,5,5,10,football-data-csv,2026-08-02 15:27:36,4a577f39a5c20af70cd7baac2e00894f7b4a2c1293179494348da378e8b7ab75
294,2024-03-01,2023/24,Serie A,Genoa,Parma,0,1,4,5,9,football-data-csv,2026-08-02 15:27:36,5231d1601069d8c7af6e85a95c970d799c7705e07d09b464b11055abed0357af
295,2024-03-01,2023/24,Serie A,Fiorentina,Roma,1,0,5,4,9,football-data-csv,2026-08-02 15:27:36,6ba593b5c28e86385c075b05996a37f18a7df57927dccdc979057a64e7f96fc8
296,2024-03-01,2023/24,Serie A,Empoli,Torino,1,0,6,4,10,football-data-csv,2026-08-02 15:27:36,1304b2a22206ebeb328f3a5f3c5802718547473dd1ce0e0e6b2fdc46102f1beb
297,2024-03-01,2023/24,Serie A,Como,Udinese,1,0,6,3,9,football-data-csv,2026-08-02 15:27:36,b4363e5b1e2f5474957736cdb495979740119cbb16b01cb4f834dbd4338ff65a
298,2024-03-01,2023/24,Serie A,Cagliari,Venezia,1,0,6,4,10,football-data-csv,2026-08-02 15:27:36,57c59769073d600fde9298c1af390a18c28db9858c23228d9d6994860e2837da
299,2024-03-01,2023/24,Serie A,Bologna,Verona,1,0,4,5,9,football-data-csv,2026-08-02 15:27:36,e23371325d124512f1e9ac3930840cd36f48051636391ae441d30eb48aa67679
300,2024-03-01,2023/24,Serie A,Monza,Monza,0,1,4,5,9,football-data-csv,2026-08-02 15:27:36,3e2fed6bf5cc0514b7f4218203b2478bba8037c3fea69bc0e1ca3997579f6617
301,2024-03-08,2023/24,Serie A,Juventus,Lazio,1,0,5,5,10,football-data-csv,2026-08-02 15:27:36,910715bb3a3784afccb09187a21bbb23857c57a617c9ebb6583b3af405b042d5
302,2024-03-08,2023/24,Serie A,Inter,Lecce,1,0,6,3,9,football-data-csv,2026-08-02 15:27:36,6bcd35ea55e17b324be0852591987cdefec54f2e34e61f00c92d60e5a6dbdb9a
303,2024-03-08,2023/24,Serie A,Genoa,Milan,1,0,7,3,10,football-data-csv,2026-08-02 15:27:36,01939e69d74e68ec440c12bcf215b233ad62fe2dca539e9014bb1e6c3896bf4c
304,2024-03-08,2023/24,Serie A,Fiorentina,Napoli,1,0,6,3,9,football-data-csv,2026-08-02 15:27:36,d34fd6d3c8cb9235e3a89d9db0e88b3d95d0a44dda74510ff59fc72a1253a7e6
305,2024-03-08,2023/24,Serie A,Empoli,Parma,1,0,5,4,9,football-data-csv,2026-08-02 15:27:36,0f98e82f1087c8450f38969b631de4f76aac25248c60b9eff9476c348eb7d9d8
306,2024-03-08,2023/24,Serie A,Como,Roma,0,1,4,5,9,football-data-csv,2026-08-02 15:27:36,11d4399e683f57dadff8b5e5639bdce7a6483ed6d84f3694eabe32101739605b
307,2024-03-08,2023/24,Serie A,Cagliari,Torino,1,0,4,5,9,football-data-csv,2026-08-02 15:27:36,2f27bfac86e1275e302bf71dea2e92dd7c96b4352fa76b0507969a9622417256
308,2024-03-08,2023/24,Serie A,Bologna,Udinese,1,0,5,4,9,football-data-csv,2026-08-02 15:27:36,99340c8fac24ac3f13da8f613d02c47aea985fe32d0f1d4bbe87cd6ff34a3611
309,2024-03-08,2023/24,Serie A,Monza,Venezia,1,0,7,3,10,football-data-csv,2026-08-02 15:27:36,9c0f80002fb2d59f314feacc64b723e54a2e2f443ca8425ad29b10b995a13ec4
310,2024-03-08,2023/24,Serie A,Verona,Verona,1,0,6,3,9,football-data-csv,2026-08-02 15:27:36,6ab3b8894d3fd52dbf9282cb37ce5ecf3da779056ec7d0b2daf81e4ad843adac
311,2024-03-15,2023/24,Serie A,Inter,Juventus,1,0,5,4,9,football-data-csv,2026-08-02 15:27:36,a3f1c3b839e8fede52030fb6ddf64d4eddb399d714b32de779710577cf297719
312,2024-03-15,2023/24,Serie A,Genoa,Lazio,0,1,4,5,9,football-data-csv,2026-08-02 15:27:36,284fd46c614438a2f3982cb46a2ee0df3dbfed9be6f9d3e58036f057d245b5db
313,2024-03-15,2023/24,Serie A,Fiorentina,Lecce,1,0,5,5,10,football-data-csv,2026-08-02 15:27:36,c1c9fd77f8b5ca08218239e06bc696b4224672149cc772969782b380ddd6ec72
314,2024-03-15,2023/24,Serie A,Empoli,Milan,1,0,5,4,9,football-data-csv,2026-08-02 15:27:36,ea2ca0844a8722864bed95006c4a10f0a8d939835d50f8436ced6f0f349ec622
315,2024-03-15,2023/24,Serie A,Como,Napoli,1,0,6,3,9,football-data-csv,2026-08-02 15:27:36,d23c414d0b0621109b1ab5e365f0243a8ed5ecd86000d01c11e32ae39730587f
316,2024-03-15,2023/24,Serie A,Cagliari,Parma,1,0,6,3,9,football-data-csv,2026-08-02 15:27:36,5a5e569a299d382d9f91c30a595fb5310fc41703440fcfd4f17b655929c1a6ff
317,2024-03-15,2023/24,Serie A,Bologna,Roma,1,0,6,4,10,football-data-csv,2026-08-02 15:27:36,0b9eecab34c7e1bef47b305a8f9bcc82883dcc2ff1e98d3c12f72745441e54c5
318,2024-03-15,2023/24,Serie A,Monza,Torino,0,1,5,5,10,football-data-csv,2026-08-02 15:27:36,55c11be905dac90447a21dc9c633782434b4dd7350157d47793a05408a3ed0ae
319,2024-03-15,2023/24,Serie A,Verona,Udinese,1,0,4,5,9,football-data-csv,2026-08-02 15:27:36,cd87ae9bac003c8663ca34e710a71b97e15dd4b8f4e2fbd59eac49c09d8ff7e5
320,2024-03-15,2023/24,Serie A,Venezia,Venezia,1,0,5,5,10,football-data-csv,2026-08-02 15:27:36,fd01c2f1db33482ab6037c9d0feaa81df067ca3ea329320e35163b3ddee7f570
321,2024-03-22,2023/24,Serie A,Genoa,Inter,1,0,6,4,10,football-data-csv,2026-08-02 15:27:36,657998b82e019c4fb6d9a5d15dc331eed68eaff3f6795bc60b2e773ba337d145
322,2024-03-22,2023/24,Serie A,Fiorentina,Juventus,1,0,6,3,9,football-data-csv,2026-08-02 15:27:36,ad2dafd8b50e62b25966d91062da21c37ab685725fdcebdfbeafde343b8ecd93
323,2024-03-22,2023/24,Serie A,Empoli,Lazio,1,0,6,4,10,football-data-csv,2026-08-02 15:27:36,fa0edfebdc37fb78bf05116efd91ce45dc8dbb3a0b7cc3c97da9cc88f687e18d
324,2024-03-22,2023/24,Serie A,Como,Lecce,1,0,5,4,9,football-data-csv,2026-08-02 15:27:36,bd30e8f43e6a354f102c2ebc3cc15f805a672ee6b11abc721b4eb311f1241184
325,2024-03-22,2023/24,Serie A,Cagliari,Milan,1,0,4,5,9,football-data-csv,2026-08-02 15:27:36,e41ec87c3303e3f2f468016ccaf9c4f5b60f1bdc4ba219f5930c59d5b4c117e0
326,2024-03-22,2023/24,Serie A,Bologna,Napoli,1,0,5,5,10,football-data-csv,2026-08-02 15:27:36,77485bb81716e05e172c7961432f8691966068744845126b7fdf3a3321feb55a
327,2024-03-22,2023/24,Serie A,Monza,Parma,1,0,6,3,9,football-data-csv,2026-08-02 15:27:36,ec8af52346d9f54aaea6bf8614edac9bb79ba2e7a4e2902b895b53db0f02a62f
328,2024-03-22,2023/24,Serie A,Verona,Roma,1,0,7,3,10,football-data-csv,2026-08-02 15:27:36,e1cd781009cd20a77a646aec4c21bc26ff73ed7b3b8a613bcf9044dd904618ae
329,2024-03-22,2023/24,Serie A,Venezia,Torino,1,0,6,3,9,football-data-csv,2026-08-02 15:27:36,a539f76a82fa47b6a57067ef0a29bd65396e676ff62de68017f17ff637777515
330,2024-03-22,2023/24,Serie A,Udinese,Udinese,1,0,5,4,9,football-data-csv,2026-08-02 15:27:36,2cf341f34e10de64adbfd31656484d5d32b0648d2f0b6081a50566be24a4e0ef
331,2024-03-29,2023/24,Serie A,Fiorentina,Genoa,1,0,4,5,9,football-data-csv,2026-08-02 15:27:36,58d1fab2cdffff6b866e54f859bb324464d1962b10dfe9f2d2879ca6c9fbb4fb
332,2024-03-29,2023/24,Serie A,Empoli,Inter,1,0,4,5,9,football-data-csv,2026-08-02 15:27:36,2a7501f498e95628ae9e936b6ca021c606109650399c91db31c3ef71f81904d6
333,2024-03-29,2023/24,Serie A,Como,Juventus,0,1,5,5,10,football-data-csv,2026-08-02 15:27:36,a804bf6975cbbe3f93d73d28c64b7702900bdcbcd05dfdf3193b56b7810bd27a
334,2024-03-29,2023/24,Serie A,Cagliari,Lazio,1,0,6,4,10,football-data-csv,2026-08-02 15:27:36,685c6be7d996affec8ef5ba80d76641472af545bce05c7e2fb92c78ff328b230
335,2024-03-29,2023/24,Serie A,Bologna,Lecce,1,0,7,3,10,football-data-csv,2026-08-02 15:27:36,199354ea962852160bf3b49aff975b4b9c54061fad246ff87c12b83b647f815d
336,2024-03-29,2023/24,Serie A,Monza,Milan,1,0,6,3,9,football-data-csv,2026-08-02 15:27:36,16979f476e1cc4729cfabbdf8b8f2ba8df49525e80e63f8b8a4de29685d90920
337,2024-03-29,2023/24,Serie A,Verona,Napoli,1,0,5,5,10,football-data-csv,2026-08-02 15:27:36,4ba99eeee350ee5a51714c4799d3d2ec311028ce3699e6baf7ecaad7175de1ab
338,2024-03-29,2023/24,Serie A,Venezia,Parma,1,0,5,5,10,football-data-csv,2026-08-02 15:27:36,dadce3f4e34ddd1c94bd7764b9ae77ef61ddebdfd96b8ac46731a01b7bbdf8c5
339,2024-03-29,2023/24,Serie A,Udinese,Roma,1,0,5,4,9,football-data-csv,2026-08-02 15:27:36,2a923602f6d0e77224b86668f2a1cb98be94d417afb9eb87ce4105a371f600b0
340,2024-03-29,2023/24,Serie A,Torino,Torino,1,0,6,3,9,football-data-csv,2026-08-02 15:27:36,200227a0f0a031001d0aea5ecf52194ca93d67d0a66e9ded7438a8adfb343baa
341,2024-04-05,2023/24,Serie A,Empoli,Fiorentina,1,0,7,3,10,football-data-csv,2026-08-02 15:27:36,d7e6f4f85e163b7ee0cd6320f68e18497a39aa46927bf88894d3f96945a42f62
342,2024-04-05,2023/24,Serie A,Como,Genoa,1,0,6,4,10,football-data-csv,2026-08-02 15:27:36,535c234b7badd6fa253d235ebae8b512ea1948a885aa17ac09b52a328f9a6e9e
343,2024-04-05,2023/24,Serie A,Cagliari,Inter,1,0,4,5,9,football-data-csv,2026-08-02 15:27:36,658ba7b5f8b821441a1ff35cc865e0d4d8fd1065bf57cad25920d87237d37939
344,2024-04-05,2023/24,Serie A,Bologna,Juventus,1,0,4,6,10,football-data-csv,2026-08-02 15:27:36,4819b24cc7e1f550e2bed34489cd9d2005b2d438006fa00648da2bad744a39ec
345,2024-04-05,2023/24,Serie A,Monza,Lazio,0,1,5,5,10,football-data-csv,2026-08-02 15:27:36,d97a374e472f98dd78b13fb6ff4f9059ebabb9231aff2194e7e01b1dfe588f1a
346,2024-04-05,2023/24,Serie A,Verona,Lecce,1,0,7,3,10,football-data-csv,2026-08-02 15:27:36,09b6e7b1e36d112b8de02a2cb22ab3a3996406342ba30e3559054d9886d12145
347,2024-04-05,2023/24,Serie A,Venezia,Milan,1,0,7,3,10,football-data-csv,2026-08-02 15:27:36,90df5a2b9a586cc9b0ec2e02b49a25de5c0b32c46447619079044f8fea97f68a
348,2024-04-05,2023/24,Serie A,Udinese,Napoli,1,0,7,3,10,football-data-csv,2026-08-02 15:27:36,868a955496325f6361fe0a95fa1bd1605e9b07ab69f724d9c0836e9facb8743b
349,2024-04-05,2023/24,Serie A,Torino,Parma,1,0,5,4,9,football-data-csv,2026-08-02 15:27:36,2a47d4d0a1d3a6124c154059244e79ce5e3ce086d98f8dcfe02eb1c92ade8648
350,2024-04-05,2023/24,Serie A,Roma,Roma,1,0,4,5,9,football-data-csv,2026-08-02 15:27:36,8772cc12cebfc0b07c0c1a578d69dcf2e4732e7d5e939ddb0df27d8cfc04c508
351,2024-04-12,2023/24,Serie A,Como,Empoli,0,1,4,5,9,football-data-csv,2026-08-02 15:27:36,35da91d1f486a3a5cfd19d4f72d9bdd0e60d469fb5866a2009b1f077f462a15f
352,2024-04-12,2023/24,Serie A,Cagliari,Fiorentina,1,0,5,4,9,football-data-csv,2026-08-02 15:27:36,2160305ad9d6d3beee94820a1ca5ca3ef6e83550319ef3a523d6cffe029aaa62
353,2024-04-12,2023/24,Serie A,Bologna,Genoa,1,0,6,4,10,football-data-csv,2026-08-02 15:27:36,4c83cf8e1e22c9044abe4fa6341e15db57e0ae2909bed410690628d8649da8fd
354,2024-04-12,2023/24,Serie A,Monza,Inter,1,0,7,3,10,football-data-csv,2026-08-02 15:27:36,c4ecfb630cd8f3f7e0fe91c5be4befcd8544119d304a923b9e9adcb67daa5d99
355,2024-04-12,2023/24,Serie A,Verona,Juventus,1,0,5,4,9,football-data-csv,2026-08-02 15:27:36,c1ce706bc0909b5543f12a45bebee704180228e64167a04e33da5675748ec20d
356,2024-04-12,2023/24,Serie A,Venezia,Lazio,1,0,4,5,9,football-data-csv,2026-08-02 15:27:36,ccb452aafca528eb62f828e4c272fac7a24f37b34ea8f46999ef50329fdb783e
357,2024-04-12,2023/24,Serie A,Udinese,Lecce,0,1,5,5,10,football-data-csv,2026-08-02 15:27:36,5b111b111fccc9bd82ef58b97003da268e7d98f4ee039dd880972c12283c4a1c
358,2024-04-12,2023/24,Serie A,Torino,Milan,1,0,6,4,10,football-data-csv,2026-08-02 15:27:36,5eda530681cbe580d6aad6a50937add3c71b552f35b02c2cfd4a249810d9190f
359,2024-04-12,2023/24,Serie A,Roma,Napoli,1,0,6,3,9,football-data-csv,2026-08-02 15:27:36,27b96b2e321a8a4c434483f15d768dd190855358ed1ff3f0b36dd055ae9208a3
360,2024-04-12,2023/24,Serie A,Parma,Parma,1,0,7,3,10,football-data-csv,2026-08-02 15:27:36,932899b90e05977874336c63d0f7d0d4a90f4d81c52b0fdea74ca8c1954e7cdc
361,2024-04-19,2023/24,Serie A,Cagliari,Como,1,0,6,4,10,football-data-csv,2026-08-02 15:27:36,e7d8170a54133e013d3b3a1ce5fe8a1c9f52ed5e48c4335ee71bc77df22063f8
362,2024-04-19,2023/24,Serie A,Bologna,Empoli,1,0,4,5,9,football-data-csv,2026-08-02 15:27:36,b921eda1caba92f8a77fd8ac96de940fe88de01745717ee3881854282b30eb0f
363,2024-04-19,2023/24,Serie A,Monza,Fiorentina,0,1,5,5,10,football-data-csv,2026-08-02 15:27:36,5c93808d77573b373c838b9d718d4a5abeff08c10ec70cb69ffb1be29ffe7ddf
364,2024-04-19,2023/24,Serie A,Verona,Genoa,1,0,5,5,10,football-data-csv,2026-08-02 15:27:36,2ccc3356f0dbc7ffd7d5c8f54e8f108a4ba6b7738efbba498805c0db45c86ebb
365,2024-04-19,2023/24,Serie A,Venezia,Inter,1,0,6,4,10,football-data-csv,2026-08-02 15:27:36,a3415f76802bfe54b77f177361055e95aa8c7afeefa9e642db4ee8b8b43feaf9
366,2024-04-19,2023/24,Serie A,Udinese,Juventus,1,0,6,3,9,football-data-csv,2026-08-02 15:27:36,0e9711e5388cd9205464da82a8e35ba44780fab4b19348bf5bc83d77bf1f04c5
367,2024-04-19,2023/24,Serie A,Torino,Lazio,1,0,6,4,10,football-data-csv,2026-08-02 15:27:36,206669b8b0d6eff0bcc5c6d14007276ca7111ab120264430a975e25b62133f77
368,2024-04-19,2023/24,Serie A,Roma,Lecce,1,0,5,4,9,football-data-csv,2026-08-02 15:27:36,2163a21644c263b5f11ef375119264e12fa4bf59882b4aa2624877127dfbf1e8
369,2024-04-19,2023/24,Serie A,Parma,Milan,0,1,4,5,9,football-data-csv,2026-08-02 15:27:36,fb4541f0c45ed4c86b79f0890ea964912ed114cdd2a34a4ea90fc5e23de23cda
370,2024-04-19,2023/24,Serie A,Napoli,Napoli,1,0,5,5,10,football-data-csv,2026-08-02 15:27:36,f86d9ad672c41007b99aa800a47f2dd3683ee522a13467b82f417a39fb8c8265
371,2024-04-26,2023/24,Serie A,Bologna,Cagliari,1,0,6,4,10,football-data-csv,2026-08-02 15:27:36,492847779b6309e3b104dc455c1a6f39ca9220216b272cce0327829ae752cd1e
372,2024-04-26,2023/24,Serie A,Monza,Como,1,0,7,3,10,football-data-csv,2026-08-02 15:27:36,8ad0a048edae8c4d40b1e17551466ae7a7868fcf0c114e1e9aba11dd1b1c6731
373,2024-04-26,2023/24,Serie A,Verona,Empoli,1,0,7,3,10,football-data-csv,2026-08-02 15:27:36,1b96c5a1d6fa1193aabdc2d423a0e3c676d9342134bcdc3d18a67dc396a05934
374,2024-04-26,2023/24,Serie A,Venezia,Fiorentina,1,0,5,4,9,football-data-csv,2026-08-02 15:27:36,b3f57c4583e4e89971263d0849d0b57d3e39253effd48f524c1fc438b95ad92d
375,2024-04-26,2023/24,Serie A,Udinese,Genoa,0,1,4,5,9,football-data-csv,2026-08-02 15:27:36,44098d7f4fb2ce0527d23da0a77aec213d9bcd795408b84bfd17ad0029405112
376,2024-04-26,2023/24,Serie A,Torino,Inter,1,0,4,5,9,football-data-csv,2026-08-02 15:27:36,acf34b7fc6fad31efd1adff6fa1aa68962abceffd79d27225404f5d0c364d8e4
377,2024-04-26,2023/24,Serie A,Roma,Juventus,1,0,5,5,10,football-data-csv,2026-08-02 15:27:36,980598bb879ca61a21067136aef20bd03ff13156a72853842cc47f0fc7b0fc42
378,2024-04-26,2023/24,Serie A,Parma,Lazio,1,0,6,4,10,football-data-csv,2026-08-02 15:27:36,49976e33b9e3ac852c0bf6e3bb7b4f185aef9d09909362ea1cf9271543c22c59
379,2024-04-26,2023/24,Serie A,Napoli,Lecce,1,0,7,3,10,football-data-csv,2026-08-02 15:27:36,4c00d46eed01481f667604be5e93073db82f5db43d89fcd84b2a47739294dc2b
380,2024-04-26,2023/24,Serie A,Milan,Milan,1,0,6,4,10,football-data-csv,2026-08-02 15:27:36,4de170d3045307741221e165991257152849cfd0fab0ed6e8f32c41dbf04f0e6
381,2024-08-16,2024/25,Serie A,Bologna,Monza,0,1,4,6,10,football-data-csv,2026-08-02 15:27:36,6fc61192d888582aefadfde7142b94acb4ce016f2ae2c5ca0e4d19aa82ca9873
382,2024-08-16,2024/25,Serie A,Cagliari,Verona,1,0,4,6,10,football-data-csv,2026-08-02 15:27:36,9273a9c8c4f6d52498093d4ff3980c4fd21707b014eb2f64580c77ffc6175bc1
383,2024-08-16,2024/25,Serie A,Como,Venezia,1,0,5,5,10,football-data-csv,2026-08-02 15:27:36,d653a0d9c941c5c9b662830c53cc96d875efc9e3fe43bc9b65ef7fcfafd1d672
384,2024-08-16,2024/25,Serie A,Empoli,Udinese,1,0,6,4,10,football-data-csv,2026-08-02 15:27:36,20b5cb5e7ab079105f0a4c263d48dadb00455e3e4875e1f295cc2ec7bc9ee047
385,2024-08-16,2024/25,Serie A,Fiorentina,Torino,1,0,7,3,10,football-data-csv,2026-08-02 15:27:36,b3e6beb02f628bf4285f45f61c7c4c3ece6932fc0a43b2928559ddf6e6883103
386,2024-08-16,2024/25,Serie A,Genoa,Roma,1,0,6,4,10,football-data-csv,2026-08-02 15:27:36,28cdef2586a74cbe2f0c34c6826406f60ed4d1c5c9d3d1b0ea9e805469e0090f
387,2024-08-16,2024/25,Serie A,Inter,Parma,0,1,5,5,10,football-data-csv,2026-08-02 15:27:36,01ff1463979f6663c6d3878567d3ba025024137c1fd28c62ea63dc04095a5fca
388,2024-08-16,2024/25,Serie A,Juventus,Napoli,1,0,5,5,10,football-data-csv,2026-08-02 15:27:36,a7433d1ba91297d6ede9db1375c313b62a7f7e135a1028168ae1353e9e5f3dd7
389,2024-08-16,2024/25,Serie A,Lazio,Milan,1,0,5,4,9,football-data-csv,2026-08-02 15:27:36,3aa3688568ba2e2ff396815ab38fa86cc95626fccfa6d048b2de8cfe97a45912
390,2024-08-16,2024/25,Serie A,Lecce,Lecce,1,0,6,4,10,football-data-csv,2026-08-02 15:27:36,ac55c20d6225e2a72f72ecdbfa0058dcc0bc9544cfb7e093fc9c66177edc05c5
391,2024-08-23,2024/25,Serie A,Monza,Verona,1,0,7,3,10,football-data-csv,2026-08-02 15:27:36,8afa91a845e5d7d8ae35189f10fbe2671a74765034f8da25e576716708b9e287
392,2024-08-23,2024/25,Serie A,Bologna,Venezia,1,0,6,4,10,football-data-csv,2026-08-02 15:27:36,f26126d79583bcf4bd80f9ad04d0525c740d1a9501a450ed7347d5280a918ce0
393,2024-08-23,2024/25,Serie A,Cagliari,Udinese,0,1,5,5,10,football-data-csv,2026-08-02 15:27:36,12fcbced74cd032b40ea0a6a7818e0d9252e6bda6d7b2c7d091de3ccda54b014
394,2024-08-23,2024/25,Serie A,Como,Torino,1,0,4,6,10,football-data-csv,2026-08-02 15:27:36,2fe355a7c1b86278baa79993e5f6d0b0eca0f6987c25936fa2d4f0f94f1c535f
395,2024-08-23,2024/25,Serie A,Empoli,Roma,1,0,5,5,10,football-data-csv,2026-08-02 15:27:36,c213f1ad6974348da5b66e29d4a92be003f156c25476956059cdeca9286e9cf3
396,2024-08-23,2024/25,Serie A,Fiorentina,Parma,1,0,6,4,10,football-data-csv,2026-08-02 15:27:36,11d776fe90fe5a1bd71c722bad348f77bd8b1713b67f98394ee9b860ab425bf7
397,2024-08-23,2024/25,Serie A,Genoa,Napoli,1,0,7,3,10,football-data-csv,2026-08-02 15:27:36,710ab20fb5f87e75169c8a959e2e1239302b0a02deede4f0ba849798fa6df0fa
398,2024-08-23,2024/25,Serie A,Inter,Milan,1,0,7,3,10,football-data-csv,2026-08-02 15:27:36,e39baf337aa3ef37325b36a49761daeeebedbebc4d5e55412a21539de8aab0e7
399,2024-08-23,2024/25,Serie A,Juventus,Lecce,1,0,6,4,10,football-data-csv,2026-08-02 15:27:36,117b3574227b46d6368e58e658b6f06ec54bdb42ab5b4461a046e8769f624c7c
400,2024-08-23,2024/25,Serie A,Lazio,Lazio,1,0,4,5,9,football-data-csv,2026-08-02 15:27:36,ebfa42f26b516e8ca37f331f9a8c84edecdcee18896a872d07ee7db596938acb
401,2024-08-30,2024/25,Serie A,Verona,Venezia,1,0,4,5,9,football-data-csv,2026-08-02 15:27:36,91f26476912e32511adcc78c464acfc97b5215e5992844d279d1442141cec6c1
402,2024-08-30,2024/25,Serie A,Monza,Udinese,1,0,5,4,9,football-data-csv,2026-08-02 15:27:36,83d8d33a7f19ccdc53b59e54ae51d943cf6ea504570412b11085c38894259f4f
403,2024-08-30,2024/25,Serie A,Bologna,Torino,1,0,6,4,10,football-data-csv,2026-08-02 15:27:36,6d8879899d231a98286978808d8fdbfa84b4f59b3280c2bf615defdf7dbd0c80
404,2024-08-30,2024/25,Serie A,Cagliari,Roma,1,0,6,3,9,football-data-csv,2026-08-02 15:27:36,133088ae0229b1714eb0f9d9663311202419a489b826c5a3554490850b379fe0
405,2024-08-30,2024/25,Serie A,Como,Parma,1,0,6,4,10,football-data-csv,2026-08-02 15:27:36,5a7bab77d566e29cc3ba1967a04a1851ec0abdee995122338b592025de9fe81e
406,2024-08-30,2024/25,Serie A,Empoli,Napoli,1,0,5,5,10,football-data-csv,2026-08-02 15:27:36,fc3990e314da40f96a5c9af83022f07918263aeacda741b80d1d555a5f92e77e
407,2024-08-30,2024/25,Serie A,Fiorentina,Milan,1,0,5,5,10,football-data-csv,2026-08-02 15:27:36,b03146583f589d0ae5c7bb910b673f8a9160655c1e588e8de942e73e647e2cf9
408,2024-08-30,2024/25,Serie A,Genoa,Lecce,1,0,5,4,9,football-data-csv,2026-08-02 15:27:36,5530e0e75bd656d2a4a61e921b2957fc81dc7ab2a2e06d07ca3ae9c49b1f8736
409,2024-08-30,2024/25,Serie A,Inter,Lazio,1,0,6,4,10,football-data-csv,2026-08-02 15:27:36,cb1cd369f257edc1604add4f81b897327e695b134259eb16d453e3882e55d6fe
410,2024-08-30,2024/25,Serie A,Juventus,Juventus,1,0,7,3,10,football-data-csv,2026-08-02 15:27:36,5abbba8ebf60bea2a6cea0224087c879374ae310bc44812d008a138d868ad9f3
411,2024-09-06,2024/25,Serie A,Venezia,Udinese,1,0,6,3,9,football-data-csv,2026-08-02 15:27:36,93dbfd9d71371c94120e62f25f0932520cbabf2e9e3aa374174e76ccff71cc2c
412,2024-09-06,2024/25,Serie A,Verona,Torino,1,0,5,4,9,football-data-csv,2026-08-02 15:27:36,63455d06d1f5f6ba73ca16512cb223e6d4b03d80ebd1396503b86f8e40398c65
413,2024-09-06,2024/25,Serie A,Monza,Roma,1,0,5,5,10,football-data-csv,2026-08-02 15:27:36,d1dda971c456561e1000bf8780536a08abffadb5adf5ebe29a1d2485287c4d1c
414,2024-09-06,2024/25,Serie A,Bologna,Parma,0,1,4,5,9,football-data-csv,2026-08-02 15:27:36,2d32055676529381dccd24689cad06dbcce78ce2204f585f32d70e320ef84df6
415,2024-09-06,2024/25,Serie A,Cagliari,Napoli,1,0,6,4,10,football-data-csv,2026-08-02 15:27:36,ba0edf75dbd48a71093649ab37425c04b8d3ac3a14b2b0f1836a1a41c02c7652
416,2024-09-06,2024/25,Serie A,Como,Milan,1,0,7,3,10,football-data-csv,2026-08-02 15:27:36,8cc5fc5bcae6d9ceb03038fb55036d99cc8794a592451de56c1c1f08d1e3c2b6
417,2024-09-06,2024/25,Serie A,Empoli,Lecce,1,0,7,3,10,football-data-csv,2026-08-02 15:27:36,c3ce256b45ded9392b36461fb5e0bf70a5979ccfe048228eace0b17481141227
418,2024-09-06,2024/25,Serie A,Fiorentina,Lazio,1,0,5,5,10,football-data-csv,2026-08-02 15:27:36,dc0c31d6c1b241973156972a13e6af11aac555f8eaa31b34e56b852189fc10c5
419,2024-09-06,2024/25,Serie A,Genoa,Juventus,1,0,4,5,9,football-data-csv,2026-08-02 15:27:36,c6f1c6bf49df82253564ab9f2be1e0781762bc6db53aefbe62d1844120236a2a
420,2024-09-06,2024/25,Serie A,Inter,Inter,0,1,4,5,9,football-data-csv,2026-08-02 15:27:36,ef81303028085167681c1316e47a7d028afcd31fc7502dd877a575a50e2d0f07
421,2024-09-13,2024/25,Serie A,Udinese,Torino,1,0,6,4,10,football-data-csv,2026-08-02 15:27:36,1ac7ca4b30ca224afd47d942eee3da22a4d899e5daadda1efaf139241d5b5415
422,2024-09-13,2024/25,Serie A,Venezia,Roma,1,0,7,3,10,football-data-csv,2026-08-02 15:27:36,953ce5a9061e43d045d33ac1bcb7f0c9c87cb7fc14f5fb168149726ea040a9da
423,2024-09-13,2024/25,Serie A,Verona,Parma,1,0,7,3,10,football-data-csv,2026-08-02 15:27:36,e5a95c24448a036d1c008a7a5574952b415118f13babb6bdf7fa65f823751ef1
424,2024-09-13,2024/25,Serie A,Monza,Napoli,1,0,6,4,10,football-data-csv,2026-08-02 15:27:36,30651b755f3eba5dafaee96a16eb97650240539110aad722ae79b2061cb52439
425,2024-09-13,2024/25,Serie A,Bologna,Milan,1,0,4,5,9,football-data-csv,2026-08-02 15:27:36,f236dcf63af4f522c8e84e5253e4313b6f41fb710e491a4ad5e9ce21625f5bcb
426,2024-09-13,2024/25,Serie A,Cagliari,Lecce,0,1,4,5,9,football-data-csv,2026-08-02 15:27:36,53adac121d1429db33d616144b003412ff1db43920e8612c4f47b9da67e2d314
427,2024-09-13,2024/25,Serie A,Como,Lazio,1,0,5,5,10,football-data-csv,2026-08-02 15:27:36,ad3b5a0645d1fbb6cf310167ee34bad4b1e538bc2fdecbef6d4720653eeb5e40
428,2024-09-13,2024/25,Serie A,Empoli,Juventus,1,0,6,4,10,football-data-csv,2026-08-02 15:27:36,2f5102598b2a68c0494e7dd694db2546119a11e2e49eac44fc0ef028cc93dd68
429,2024-09-13,2024/25,Serie A,Fiorentina,Inter,1,0,6,3,9,football-data-csv,2026-08-02 15:27:36,3288f693be180e40469b53c92f0b8e14213c19d5cba968b402ef6af34d381969
430,2024-09-13,2024/25,Serie A,Genoa,Genoa,1,0,6,4,10,football-data-csv,2026-08-02 15:27:36,238dc10cc7a6fed4cd5977508e15cd8cd77b2686887e306bbb3dc6415ef91fce
431,2024-09-20,2024/25,Serie A,Torino,Roma,1,0,5,5,10,football-data-csv,2026-08-02 15:27:36,81d5de4d50c232d485e93f3667db8dd6409c59810be3944399624d3aa3c4448e
432,2024-09-20,2024/25,Serie A,Udinese,Parma,0,1,4,5,9,football-data-csv,2026-08-02 15:27:36,18692c3b2b5ef23aeb37eb7ad2ab08fb8b4d3545a7f1ce0f6fd633c777c402ab
433,2024-09-20,2024/25,Serie A,Venezia,Napoli,1,0,5,4,9,football-data-csv,2026-08-02 15:27:36,379a9606dc5ac1e75301cce3b834b182735a90f3c21fb51bb12ed9d64c267868
434,2024-09-20,2024/25,Serie A,Verona,Milan,1,0,6,3,9,football-data-csv,2026-08-02 15:27:36,f26995eac893a5fba2cae3bd6cd47b94e5054011f259a5fe99278ffbb94feccb
435,2024-09-20,2024/25,Serie A,Monza,Lecce,1,0,7,3,10,football-data-csv,2026-08-02 15:27:36,a32011cf62bec5d479fccf2db0f9e1becd56f4716ac5ac27ee424704dc405386
436,2024-09-20,2024/25,Serie A,Bologna,Lazio,1,0,6,4,10,football-data-csv,2026-08-02 15:27:36,b0258bd10e821c0718e9cad3b10f529974eccc2a7225c2d659e682b139c88f6a
437,2024-09-20,2024/25,Serie A,Cagliari,Juventus,1,0,5,5,10,football-data-csv,2026-08-02 15:27:36,8dd8be2511df36acd84985e5b7b0349aa1b5e8e84519ccedb1a7ab9128cae788
438,2024-09-20,2024/25,Serie A,Como,Inter,0,1,4,6,10,football-data-csv,2026-08-02 15:27:36,5217fd5702ed90ac97d40cf4d6377a17a95a045edf9ae6a730cda0e9888595e4
439,2024-09-20,2024/25,Serie A,Empoli,Genoa,1,0,4,5,9,football-data-csv,2026-08-02 15:27:36,85340ba519cb3c96aae36f593a33e5a29bddf2e74685970cfefead3401208de3
440,2024-09-20,2024/25,Serie A,Fiorentina,Fiorentina,1,0,6,4,10,football-data-csv,2026-08-02 15:27:36,d5cde4ff0f7fb0c0387dd72b50d6d295430168c7e8539df32b0a3c3b158f4de9
441,2024-09-27,2024/25,Serie A,Roma,Parma,1,0,7,3,10,football-data-csv,2026-08-02 15:27:36,c0d9ddd8e7c2e74c59a27e4a4ba9b6aa3e58bc600cd665aa0d63223d69b246f8
442,2024-09-27,2024/25,Serie A,Torino,Napoli,1,0,7,3,10,football-data-csv,2026-08-02 15:27:36,22677ce2ec45479106715adf8a2f0409978e7c98835b86efdeb4da86fe883d89
443,2024-09-27,2024/25,Serie A,Udinese,Milan,1,0,6,4,10,football-data-csv,2026-08-02 15:27:36,714979c3080d60a98c0b0432fa5bd0f2297456b48a9f0a04500794b04db24180
444,2024-09-27,2024/25,Serie A,Venezia,Lecce,0,1,5,5,10,football-data-csv,2026-08-02 15:27:36,12de048ac34bcd84d4b48d0a66dee8b7a82f389496d79258d3aebdd07a71ac80
445,2024-09-27,2024/25,Serie A,Verona,Lazio,1,0,4,5,9,football-data-csv,2026-08-02 15:27:36,53cd7f7ad164f2318837602f5fce2de10a00cf3ceaee28320b628f94c8cc5229
446,2024-09-27,2024/25,Serie A,Monza,Juventus,1,0,5,4,9,football-data-csv,2026-08-02 15:27:36,20121be419e1c79c8d70d2d7c640fc0a280997575879d0d65986bbac16123dfe
447,2024-09-27,2024/25,Serie A,Bologna,Inter,1,0,6,4,10,football-data-csv,2026-08-02 15:27:36,edee6282b94dfee76c1cf622b350000ed049da61e96894c9cf61de1028e31143
448,2024-09-27,2024/25,Serie A,Cagliari,Genoa,1,0,6,3,9,football-data-csv,2026-08-02 15:27:36,c0b0b328f17c16aebc09e28c34e3ca1e9162c3f4b597b55805e14875101573a5
449,2024-09-27,2024/25,Serie A,Como,Fiorentina,1,0,6,4,10,football-data-csv,2026-08-02 15:27:36,46e9189c76b5f68c5f52091a42c40125c3bbc85988d51d0abd803b0f90e3883b
450,2024-09-27,2024/25,Serie A,Empoli,Empoli,0,1,5,5,10,football-data-csv,2026-08-02 15:27:36,c8ad4db90203e2b3c5cb4468aa7cab1396813b861e9f6abedb74d47c6c2c6509
451,2024-10-04,2024/25,Serie A,Parma,Napoli,1,0,4,5,9,football-data-csv,2026-08-02 15:27:36,ea177b06d4167ae9d563744359d912adb2d2274d6041082ab3813721dea56197
452,2024-10-04,2024/25,Serie A,Roma,Milan,1,0,5,4,9,football-data-csv,2026-08-02 15:27:36,bd1909c0672d3bd629ec4ffc3289cdfb1783b73eedfa694a849309c164af387a
453,2024-10-04,2024/25,Serie A,Torino,Lecce,1,0,6,3,9,football-data-csv,2026-08-02 15:27:36,ed90defdeae163ddb24e233541336e62562a99b93dadc21d39536e70bf19ec80
454,2024-10-04,2024/25,Serie A,Udinese,Lazio,1,0,6,3,9,football-data-csv,2026-08-02 15:27:36,5afa2e863a090abf61f917849427fda4b4fbdc353108866e1f1d95d867430318
455,2024-10-04,2024/25,Serie A,Venezia,Juventus,1,0,6,4,10,football-data-csv,2026-08-02 15:27:36,dbe7f54e0fb7fc0ec64a95f3260fb698a5a30f686e2811feab5f51eb4eba2052
456,2024-10-04,2024/25,Serie A,Verona,Inter,0,1,5,5,10,football-data-csv,2026-08-02 15:27:36,9477e244e37a09ec61711cb05af310a3d86c48d5860b539a5cf9a29bc3628108
457,2024-10-04,2024/25,Serie A,Monza,Genoa,1,0,4,5,9,football-data-csv,2026-08-02 15:27:36,23968fb9c3f54e307f9e9805f92a746f3b07672ba86f94fc2c1e8d4f5ae2d769
458,2024-10-04,2024/25,Serie A,Bologna,Fiorentina,1,0,4,5,9,football-data-csv,2026-08-02 15:27:36,53f759d39409a5e5cd0ae23c4ac208e88e8976a83552c95542a85421e4fb0adf
459,2024-10-04,2024/25,Serie A,Cagliari,Empoli,1,0,6,4,10,football-data-csv,2026-08-02 15:27:36,719685eff7aa38c18c948d7380e4df81c1d69571863e9300f91460b4390a2f37
460,2024-10-04,2024/25,Serie A,Como,Como,1,0,7,3,10,football-data-csv,2026-08-02 15:27:36,223385f4aef182b2b4b009a9e475dc85e2602fcf28bedb723ad18eceaf25f516
461,2024-10-11,2024/25,Serie A,Napoli,Milan,1,0,6,3,9,football-data-csv,2026-08-02 15:27:36,ead80e4b2ef4f4d6019116c1ad50f997d3e1f1c75a1adc09b953d435ffb946fe
462,2024-10-11,2024/25,Serie A,Parma,Lecce,1,0,5,4,9,football-data-csv,2026-08-02 15:27:36,22b86b36c22a93a0e0db1c193f776c98a9074b9d215c48d80b9546c7c0f5ce1f
463,2024-10-11,2024/25,Serie A,Roma,Lazio,1,0,4,6,10,football-data-csv,2026-08-02 15:27:36,ad5eb48397e768211fb9974cb286ec02cc063943f0c8467800c5ebe6924167ab
464,2024-10-11,2024/25,Serie A,Torino,Juventus,1,0,4,5,9,football-data-csv,2026-08-02 15:27:36,9a32487c284d302a98d2cc3c3af88681b9a93c91fd23f3ee8dd035b6d6612ff3
465,2024-10-11,2024/25,Serie A,Udinese,Inter,1,0,5,4,9,football-data-csv,2026-08-02 15:27:36,4100c5beccca198d50b9e083c4e52c4a2f71b8c66ea204b7377b375c21882c95
466,2024-10-11,2024/25,Serie A,Venezia,Genoa,1,0,7,3,10,football-data-csv,2026-08-02 15:27:36,d3945a3b3e19be42c48e7b9ce6ff32217a2c888be7fcb72d9d5e6406a6c11bde
467,2024-10-11,2024/25,Serie A,Verona,Fiorentina,1,0,7,3,10,football-data-csv,2026-08-02 15:27:36,9f117a50a8c2ac5a539a280688b28a2e115cdbf3f6c000efb95b3ca1baf4d913
468,2024-10-11,2024/25,Serie A,Monza,Empoli,1,0,6,4,10,football-data-csv,2026-08-02 15:27:36,bc574aa98a279bc4cf3530b8acc26e2f3ffc7f99a0564a90e0b6769a13305900
469,2024-10-11,2024/25,Serie A,Bologna,Como,1,0,4,5,9,football-data-csv,2026-08-02 15:27:36,d3c765f1ab4fc9ec0515de6cb0aee997bd32a9ef254b28d4994a4065bb91ecd4
470,2024-10-11,2024/25,Serie A,Cagliari,Cagliari,1,0,4,5,9,football-data-csv,2026-08-02 15:27:36,450d844b2c3d304fc947f747259faaeeaa414ea1623967067dae143ddda4e94c
471,2024-10-18,2024/25,Serie A,Milan,Lecce,1,0,5,4,9,football-data-csv,2026-08-02 15:27:36,75f58b2b1c1aec859ea2ffad6d4ea52ea470209eb7313cc013301820080bd6e5
472,2024-10-18,2024/25,Serie A,Napoli,Lazio,1,0,6,4,10,football-data-csv,2026-08-02 15:27:36,62bcf9f5340ecd0f444ee2d6359ae155618c62fdf45b4a3f6045093d5442d102
473,2024-10-18,2024/25,Serie A,Parma,Juventus,1,0,6,3,9,football-data-csv,2026-08-02 15:27:36,4adbe23386195ad873dc490b183e35eb0c6965573b56597529d888b625755e05
474,2024-10-18,2024/25,Serie A,Roma,Inter,1,0,6,4,10,football-data-csv,2026-08-02 15:27:36,efd9141737fd9d13dde75e35f8d1d9504b341cd433b593331fef502231228b0c
475,2024-10-18,2024/25,Serie A,Torino,Genoa,1,0,5,5,10,football-data-csv,2026-08-02 15:27:36,72771c77e71246ec18eb1ce38b0d467e4c79bde2a6340b680402340289d40830
476,2024-10-18,2024/25,Serie A,Udinese,Fiorentina,1,0,4,5,9,football-data-csv,2026-08-02 15:27:36,40cd401c8190499295b4341dcf846702c31c29b2de7fef4b73d9add20fc86ab5
477,2024-10-18,2024/25,Serie A,Venezia,Empoli,0,1,5,5,10,football-data-csv,2026-08-02 15:27:36,16d0c8dd8913c70bb385015827e390c5e03ffd569c7bc7edb67d9a23647b9b8d
478,2024-10-18,2024/25,Serie A,Verona,Como,1,0,6,3,9,football-data-csv,2026-08-02 15:27:36,9058c801b0724586a27d872b60195779fc0e0a5001997c7b1e05d0167caeee85
479,2024-10-18,2024/25,Serie A,Monza,Cagliari,1,0,7,3,10,football-data-csv,2026-08-02 15:27:36,64f6fff42dea00e76653d9d613e9c4ad0cff9261fd26cb81e70f5abce75f7425
480,2024-10-18,2024/25,Serie A,Bologna,Bologna,1,0,6,3,9,football-data-csv,2026-08-02 15:27:36,4495c1a72f29746f03b2b6a3e3b3d1d35abca3551e8642f75fe61ada66aee8d7
481,2024-10-25,2024/25,Serie A,Lecce,Lazio,1,0,4,5,9,football-data-csv,2026-08-02 15:27:36,a586950007107d9ee19afd7eaa1695d136c189396fe1789d4fef4e5fbcd0aafc
482,2024-10-25,2024/25,Serie A,Milan,Juventus,1,0,4,6,10,football-data-csv,2026-08-02 15:27:36,9862751a110ca99b24ec6808e88c3df7b610c4ab7678365aa58402f39463ac26
483,2024-10-25,2024/25,Serie A,Napoli,Inter,0,1,4,5,9,football-data-csv,2026-08-02 15:27:36,f43306b158a810559dfd266e5bb17accb2956e6accac2abda5c5e24d5adaacdf
484,2024-10-25,2024/25,Serie A,Parma,Genoa,1,0,5,4,9,football-data-csv,2026-08-02 15:27:36,f9b475532f7bf5be29777616791ca6e97248bd83b1eaffe8d667ecda24a4c57e
485,2024-10-25,2024/25,Serie A,Roma,Fiorentina,1,0,6,3,9,football-data-csv,2026-08-02 15:27:36,a9d7f76fbe23ef1fd4e94722a19519e845d9e7e07a0536a570ff285463de36f1
486,2024-10-25,2024/25,Serie A,Torino,Empoli,1,0,6,3,9,football-data-csv,2026-08-02 15:27:36,cdbd433946b864456c96930d2c4d1f37f0722dd24d14bf4fc6a55d60704eca1e
487,2024-10-25,2024/25,Serie A,Udinese,Como,1,0,6,4,10,football-data-csv,2026-08-02 15:27:36,337a688119dfc55aa3ceb2a2d1c0ef65bde3f3b86058311abd31067ad14a6466
488,2024-10-25,2024/25,Serie A,Venezia,Cagliari,1,0,5,5,10,football-data-csv,2026-08-02 15:27:36,02dbb0fb53c2c80efd05df9735c01c5d60c30fa8bd1e7596d11b10334fb85a2f
489,2024-10-25,2024/25,Serie A,Verona,Bologna,0,1,5,5,10,football-data-csv,2026-08-02 15:27:36,72ba6497175cc0c0854293803067696bda279180fd129ab93d7dc365cc6b2a06
490,2024-10-25,2024/25,Serie A,Monza,Monza,1,0,5,4,9,football-data-csv,2026-08-02 15:27:36,396e7d59cf397d1cfb9c292f9045c961b4132d6614ceefdd90d3ad65227b30e0
491,2024-11-01,2024/25,Serie A,Lazio,Juventus,1,0,6,3,9,football-data-csv,2026-08-02 15:27:36,17e9d17ab15b0bb85359a0ab0c37e81401b88fc717788add71900ff7af38ae98
492,2024-11-01,2024/25,Serie A,Lecce,Inter,1,0,6,4,10,football-data-csv,2026-08-02 15:27:36,ff5c8510a556fe32afc515792f0d72c3560bc5ac5d3db255a1b2ae41c5ee968b
493,2024-11-01,2024/25,Serie A,Milan,Genoa,1,0,5,4,9,football-data-csv,2026-08-02 15:27:36,f289bfe11d9661ccced5301954d7ca387c54e30ee496d50e468b015a57330269
494,2024-11-01,2024/25,Serie A,Napoli,Fiorentina,1,0,4,5,9,football-data-csv,2026-08-02 15:27:36,760176aa4a4e9dc62a8cced47ae9bbd415fbee87c416dcc8d1774ec11b76a0e7
495,2024-11-01,2024/25,Serie A,Parma,Empoli,0,1,4,5,9,football-data-csv,2026-08-02 15:27:36,97cfbbf9f24700e8b0040c41701794f6215880937057fa718212cbbe0041b6ee
496,2024-11-01,2024/25,Serie A,Roma,Como,1,0,5,5,10,football-data-csv,2026-08-02 15:27:36,ae4973d02307fd4cf13562c3b774f8dca5c1acb03dd112086bc6b647c3c74dc5
497,2024-11-01,2024/25,Serie A,Torino,Cagliari,1,0,6,3,9,football-data-csv,2026-08-02 15:27:36,9710eb2a8fc066af1ac5a9123898f1eadc33865a156558e3a6606f9c32d0bd66
498,2024-11-01,2024/25,Serie A,Udinese,Bologna,1,0,7,3,10,football-data-csv,2026-08-02 15:27:36,83fa303cf81e024b18885b11f4ee22f2c8e6c4a5d4ef342a5ceebbaea85e2f1c
499,2024-11-01,2024/25,Serie A,Venezia,Monza,1,0,6,4,10,football-data-csv,2026-08-02 15:27:36,96f1987efd9efba019a65fa5f1f16392b3c12425f543aa028b37908bf8a9caea
500,2024-11-01,2024/25,Serie A,Verona,Verona,1,0,5,5,10,football-data-csv,2026-08-02 15:27:36,42ccf8fb73574beb99e3844e62cf95102d5ddc546d702255fc40156f25211c03
501,2024-11-08,2024/25,Serie A,Juventus,Inter,0,1,4,5,9,football-data-csv,2026-08-02 15:27:36,076cc58f3c4a37c362e925c709710cb2c4db53ef4900d6bf5cf99162d1046b31
502,2024-11-08,2024/25,Serie A,Lazio,Genoa,1,0,5,5,10,football-data-csv,2026-08-02 15:27:36,7777296cee8dca55275376d3ca6f1c7d1f1e99a015f5fa59b9ebf87575839283
503,2024-11-08,2024/25,Serie A,Lecce,Fiorentina,1,0,5,4,9,football-data-csv,2026-08-02 15:27:36,1da27cf9283d3ffa9abfb4326eb9aa634e3da21efd49116bad854819f04b821f
504,2024-11-08,2024/25,Serie A,Milan,Empoli,1,0,6,3,9,football-data-csv,2026-08-02 15:27:36,cac4cd93ce5f6a97853f018f62ed6defd22569943c27e11922e126d169370f18
505,2024-11-08,2024/25,Serie A,Napoli,Como,1,0,6,3,9,football-data-csv,2026-08-02 15:27:36,e57541abc8fd77deb4bbb22e429e0e257e8a1a1d45fefefe2700a7d6d737afc7
506,2024-11-08,2024/25,Serie A,Parma,Cagliari,1,0,5,4,9,football-data-csv,2026-08-02 15:27:36,16269782eed300a2bf1be7c15d6d521aa8a6186736d922fbbeb8153be2555a00
507,2024-11-08,2024/25,Serie A,Roma,Bologna,0,1,5,5,10,football-data-csv,2026-08-02 15:27:36,eb400a843ef22d4c6baa9ba6b7f47545e26542a2f03d5a275b4d083faa9f0c74
508,2024-11-08,2024/25,Serie A,Torino,Monza,1,0,4,5,9,football-data-csv,2026-08-02 15:27:36,fae772e1b9d0f50d327d4526a159a3cc5b0fdd03f9545f408aad6645b4966886
509,2024-11-08,2024/25,Serie A,Udinese,Verona,1,0,5,4,9,football-data-csv,2026-08-02 15:27:36,4c578ab3f9d540c850a10d99e9717b809f59f224903ff9c32c909c33f1f988af
510,2024-11-08,2024/25,Serie A,Venezia,Venezia,1,0,6,3,9,football-data-csv,2026-08-02 15:27:36,1444695191f575292aec4a345e1d57d370d6cff2a34d2443faca17c95c03fa54
511,2024-11-15,2024/25,Serie A,Inter,Genoa,1,0,7,3,10,football-data-csv,2026-08-02 15:27:36,861c4e1db51683579b6cd291fa059ee3a7cf418ef1347560df12dbc90ad7b6b7
512,2024-11-15,2024/25,Serie A,Juventus,Fiorentina,1,0,6,4,10,football-data-csv,2026-08-02 15:27:36,28bfd32f38738fa4f99b50c7859081e6a471be1d79a290fea2d15c0b39df15d7
513,2024-11-15,2024/25,Serie A,Lazio,Empoli,0,1,5,5,10,football-data-csv,2026-08-02 15:27:36,9f9f805b3843486f921596100f35dda75905a0192a978341523c43910f80c901
514,2024-11-15,2024/25,Serie A,Lecce,Como,1,0,4,6,10,football-data-csv,2026-08-02 15:27:36,cdd668a22ef640f355eb985c1d99e97f07a88c4c65b2945b4655b9fe8357deab
515,2024-11-15,2024/25,Serie A,Milan,Cagliari,1,0,5,5,10,football-data-csv,2026-08-02 15:27:36,986d7c23242cead6e0d32679869dfa428003cb9b108b41c7ef16554a2a1dee11
516,2024-11-15,2024/25,Serie A,Napoli,Bologna,1,0,6,3,9,football-data-csv,2026-08-02 15:27:36,e6cf70f31fed138df53d1af7a508769415042f595ec7622f8e5272fe01c9b1c9
517,2024-11-15,2024/25,Serie A,Parma,Monza,1,0,6,4,10,football-data-csv,2026-08-02 15:27:36,47b86f954c3583ffe2553603a447c769e4b2685ba8e7f9d454995518b125c23d
518,2024-11-15,2024/25,Serie A,Roma,Verona,1,0,6,4,10,football-data-csv,2026-08-02 15:27:36,4d8e754ca74f2bbd24ddb86a1c86215721ae7269b36dbf862fbf1fb2ffdddc1e
519,2024-11-15,2024/25,Serie A,Torino,Venezia,0,1,5,5,10,football-data-csv,2026-08-02 15:27:36,c69c830834291ace4e042e3917c8887fcad60db4137c6b6cbf022e8265fcd1ff
520,2024-11-15,2024/25,Serie A,Udinese,Udinese,1,0,4,5,9,football-data-csv,2026-08-02 15:27:36,750cdcdec0fcbbff028efcc50f86e080ed289603a137448db806430a547853c0
521,2024-11-22,2024/25,Serie A,Genoa,Fiorentina,1,0,5,5,10,football-data-csv,2026-08-02 15:27:36,6a97e5e5c07462c1a7e9a76d5ee6ec12aeb10d8b082b2ddb0b45f87d6719ec51
522,2024-11-22,2024/25,Serie A,Inter,Empoli,1,0,6,3,9,football-data-csv,2026-08-02 15:27:36,de1679ed738c223bdef8d510f77956315bc1a72a25e15d028dd04e70a3980346
523,2024-11-22,2024/25,Serie A,Juventus,Como,1,0,7,3,10,football-data-csv,2026-08-02 15:27:36,07b39194c6241aba79826e76f5133fc923a544deba9e523f0e773e5c664516a9
524,2024-11-22,2024/25,Serie A,Lazio,Cagliari,1,0,7,3,10,football-data-csv,2026-08-02 15:27:36,d266d22a7394817b4b17e16975b096f7ee3b5238396b646ac389ea750dda7bea
525,2024-11-22,2024/25,Serie A,Lecce,Bologna,0,1,5,5,10,football-data-csv,2026-08-02 15:27:36,57a03a22cf64925e70be334661f1b8256e7b9a767040ff14a9c74f5ad01b9904
526,2024-11-22,2024/25,Serie A,Milan,Monza,1,0,4,6,10,football-data-csv,2026-08-02 15:27:36,f7243983cf4c96cda2ba11051c8e0e85dcfd62e5b05d935c24bb5854f44d309f
527,2024-11-22,2024/25,Serie A,Napoli,Verona,1,0,4,6,10,football-data-csv,2026-08-02 15:27:36,791fdb9205d171cfdbca09d770c5162bb963b8e60070889f7c87c7b01cd9e854
528,2024-11-22,2024/25,Serie A,Parma,Venezia,1,0,5,4,9,football-data-csv,2026-08-02 15:27:36,15e64468f2d6e38f7090af77f9c49b4df9bb469f197e9b74af85f0a10c866a08
529,2024-11-22,2024/25,Serie A,Roma,Udinese,1,0,6,3,9,football-data-csv,2026-08-02 15:27:36,eede49292b48ce5950e24ffabf5e037abdf20cb1aebec7605ea8e4568bcfb76a
530,2024-11-22,2024/25,Serie A,Torino,Torino,1,0,6,3,9,football-data-csv,2026-08-02 15:27:36,9cdd26a5a3fa719f6ba4642cbf04157f1bd130ad928528a1422c1812ddec4606
531,2024-11-29,2024/25,Serie A,Fiorentina,Empoli,1,0,5,4,9,football-data-csv,2026-08-02 15:27:36,cce9405480b0f6780ddadf1eadf42f63d6c3f6a2a0b1a9bc2d25f677c6e9e648
532,2024-11-29,2024/25,Serie A,Genoa,Como,1,0,5,5,10,football-data-csv,2026-08-02 15:27:36,2a09e9c21d797d69a10cb811d77fc5ef08da6a71934175dbe11ef964127387a3
533,2024-11-29,2024/25,Serie A,Inter,Cagliari,1,0,5,5,10,football-data-csv,2026-08-02 15:27:36,7fc4b9993d98267be7a3447b21f454e95f5418f2c3a967ca6ac09b47d3556192
534,2024-11-29,2024/25,Serie A,Juventus,Bologna,1,0,6,4,10,football-data-csv,2026-08-02 15:27:36,d96e54df8eab098d8e525a8ffc18dd5544ddbd41ebeb8ce4c24d475ee8517939
535,2024-11-29,2024/25,Serie A,Lazio,Monza,1,0,6,3,9,football-data-csv,2026-08-02 15:27:36,e05ea258a48c38d3f231d7b5a25381c33b6583d14b07f81218907b77e17701d5
536,2024-11-29,2024/25,Serie A,Lecce,Verona,1,0,6,4,10,football-data-csv,2026-08-02 15:27:36,e5ea24f1228ef69936b3eee3d470e4fbf07516174c57fddbe2dccc6a32c9c135
537,2024-11-29,2024/25,Serie A,Milan,Venezia,1,0,5,4,9,football-data-csv,2026-08-02 15:27:36,b5b1c0392e260e8efb9d95c2e6804341d9417337521ecd75b308bd538fcd4724
538,2024-11-29,2024/25,Serie A,Napoli,Udinese,1,0,4,5,9,football-data-csv,2026-08-02 15:27:36,369c1e11a5c8f5d50505d7e5aca7c0a43edd18edb591761333f9bf51c6abed2a
539,2024-11-29,2024/25,Serie A,Parma,Torino,1,0,4,6,10,football-data-csv,2026-08-02 15:27:36,231dbfebe47c3f2bc4b4878ad619f44784b9da289faf108720124d6627b12829
540,2024-11-29,2024/25,Serie A,Roma,Roma,0,1,5,5,10,football-data-csv,2026-08-02 15:27:36,b8a4764952fe16f50bb411767fe5f68fdc8c72f108aec8573a95b97f77644156
541,2024-12-06,2024/25,Serie A,Empoli,Como,1,0,6,3,9,football-data-csv,2026-08-02 15:27:36,ce8b0018a3e473136aef7e7fad0b6642ccff6eb1b3fb9d5d35bdc7f54dfda59d
542,2024-12-06,2024/25,Serie A,Fiorentina,Cagliari,1,0,7,3,10,football-data-csv,2026-08-02 15:27:36,a791fbffa6b63ca8734ceb006f1281edc8c70cde6885eac5c93a83ee4ed836d7
543,2024-12-06,2024/25,Serie A,Genoa,Bologna,1,0,6,3,9,football-data-csv,2026-08-02 15:27:36,16c1273d37dbf2e76be2bc297de53fa77d9a545b4d3015017923e37cac71b4e4
544,2024-12-06,2024/25,Serie A,Inter,Monza,1,0,5,5,10,football-data-csv,2026-08-02 15:27:36,33f0f98bad629818c9a1adf1527a66a8339bde107252b5553cd7081f202b34a5
545,2024-12-06,2024/25,Serie A,Juventus,Verona,1,0,4,5,9,football-data-csv,2026-08-02 15:27:36,e9e746a9c9ab6ec274a3d62918101e36722a9471ef29d4f1b279c0639c5bb11f
546,2024-12-06,2024/25,Serie A,Lazio,Venezia,0,1,5,5,10,football-data-csv,2026-08-02 15:27:36,36b30f53d814789cbecb357f62ab740bdcd378531d7db8f88aa4ef50db309fc2
547,2024-12-06,2024/25,Serie A,Lecce,Udinese,1,0,5,4,9,football-data-csv,2026-08-02 15:27:36,cb6df464eff723b435aa76e0b1e4d217168a6d53b99d9eca1e8cb661f966ddcd
548,2024-12-06,2024/25,Serie A,Milan,Torino,1,0,6,3,9,football-data-csv,2026-08-02 15:27:36,c38523bda4f5fd37aa57bf3ab1a1377af18dc09dc9b82f1ee2a0f5a9ecd67040
549,2024-12-06,2024/25,Serie A,Napoli,Roma,1,0,6,4,10,football-data-csv,2026-08-02 15:27:36,32e829b7182955683906b18b6f8fd9f932817453ac2c5b7957b20f2e6ac40d69
550,2024-12-06,2024/25,Serie A,Parma,Parma,1,0,5,4,9,football-data-csv,2026-08-02 15:27:36,fdeb3fc8212c8b2bc095411e1fac3bce7e597f00c2ff9355aa5d8cac8013a83d
551,2024-12-13,2024/25,Serie A,Como,Cagliari,1,0,4,5,9,football-data-csv,2026-08-02 15:27:36,101cdc65ad2bfbb8c6d2f230be73f16dba18af538edca103ee393c2acce612c2
552,2024-12-13,2024/25,Serie A,Empoli,Bologna,0,1,5,5,10,football-data-csv,2026-08-02 15:27:36,21067c7bf2b7886a5a61bfdf0fd6a3c89453333b553a521621b1d3b34b11034d
553,2024-12-13,2024/25,Serie A,Fiorentina,Monza,1,0,5,4,9,football-data-csv,2026-08-02 15:27:36,8bce28d0bfa7b7e7ecf6142b67ee2bb1d65c390ea9df695b7a932730877412bd
554,2024-12-13,2024/25,Serie A,Genoa,Verona,1,0,6,3,9,football-data-csv,2026-08-02 15:27:36,4625819ed961ad81fdc984151963ade47f8a99706c531443456314e5b6ecf25a
555,2024-12-13,2024/25,Serie A,Inter,Venezia,1,0,6,3,9,football-data-csv,2026-08-02 15:27:36,19dcbc74b8ead8be2073f62faccb6d6369207ddefc684646bc5067d5f1d835be
556,2024-12-13,2024/25,Serie A,Juventus,Udinese,1,0,6,4,10,football-data-csv,2026-08-02 15:27:36,546b1fc15bbca3fd69c8bc431da9b1e5fb994592b9e7aff52353e2d10042d10d
557,2024-12-13,2024/25,Serie A,Lazio,Torino,1,0,5,5,10,football-data-csv,2026-08-02 15:27:36,da0fec9054175bd65bbce2bae22ae101a1a146cf7bf2859972004034c63f5719
558,2024-12-13,2024/25,Serie A,Lecce,Roma,0,1,4,6,10,football-data-csv,2026-08-02 15:27:36,0f314eb45b1ac1d9f033a7d8702f07fdf26eaeeb12a85faadd605bd2ca92a811
559,2024-12-13,2024/25,Serie A,Milan,Parma,1,0,5,5,10,football-data-csv,2026-08-02 15:27:36,3af3870334b3a1c8329b8dd3b4e52f86018a89af8b6122ec2971cb8ad2559bd3
560,2024-12-13,2024/25,Serie A,Napoli,Napoli,1,0,6,3,9,football-data-csv,2026-08-02 15:27:36,d8caa07be0f17e0fcfc1e295b4eaca7f71b75fa9e82f244304cf5b74ce3391eb
561,2024-12-20,2024/25,Serie A,Cagliari,Bologna,1,0,7,3,10,football-data-csv,2026-08-02 15:27:36,c2d646572fc785aa47945cfbcd46f714ea2a8981b2bb8d7830b54298d0ec2388
562,2024-12-20,2024/25,Serie A,Como,Monza,1,0,5,4,9,football-data-csv,2026-08-02 15:27:36,5e4c61b3de99e1a7bab4a6ab22f0ddd602a0e051df9fa0e2783fab66aa2c3f04
563,2024-12-20,2024/25,Serie A,Empoli,Verona,1,0,4,5,9,football-data-csv,2026-08-02 15:27:36,71ae548117de9251eab61332e35aafde8b004056f6b3cd855d1c1e9f71262026
564,2024-12-20,2024/25,Serie A,Fiorentina,Venezia,0,1,4,6,10,football-data-csv,2026-08-02 15:27:36,298970db31647ea619a8b96b237029652ca8c573b211c538422dc9ab7209dc1d
565,2024-12-20,2024/25,Serie A,Genoa,Udinese,1,0,5,5,10,football-data-csv,2026-08-02 15:27:36,5c021ea737d935e02fcbca476e095d6aadf68ad134e303abd2b2911d90e131cf
566,2024-12-20,2024/25,Serie A,Inter,Torino,1,0,6,3,9,football-data-csv,2026-08-02 15:27:36,a3e25389844f8a76b72a2ab29d8e6a62f4ec8e17806fc8683452ba52e999a2f6
567,2024-12-20,2024/25,Serie A,Juventus,Roma,1,0,7,3,10,football-data-csv,2026-08-02 15:27:36,0bcde4e722e8cf6b664b16bd3118bf0b904279b8e49573c41c044e1f1c8e0580
568,2024-12-20,2024/25,Serie A,Lazio,Parma,1,0,7,3,10,football-data-csv,2026-08-02 15:27:36,c568e6412620962e888aa5caa000f450ebeb9d1c32e5729cca725ada88ac05d6
569,2024-12-20,2024/25,Serie A,Lecce,Napoli,1,0,5,5,10,football-data-csv,2026-08-02 15:27:36,680c2fc47664b772d818145a9a5edb74da50ef2c18eac5ce6954ff4cb85d2757
570,2024-12-20,2024/25,Serie A,Milan,Milan,0,1,4,5,9,football-data-csv,2026-08-02 15:27:36,9fa9c7090c2709bd75870f0b26e4639b6fcfceeac03c74cb69e7e88402f11c98
571,2024-12-27,2024/25,Serie A,Monza,Bologna,1,0,5,4,9,football-data-csv,2026-08-02 15:27:36,6435798eee6f17faf553908f2f2765ac45f0e1275946205502368eb6c616e65c
572,2024-12-27,2024/25,Serie A,Verona,Cagliari,1,0,6,3,9,football-data-csv,2026-08-02 15:27:36,51771c5b98aef117ea2a0198739c7b035d404c0a7f4a624f2ffbb07eb5d45524
573,2024-12-27,2024/25,Serie A,Venezia,Como,1,0,7,3,10,football-data-csv,2026-08-02 15:27:36,b481deabe8d2f10a6f9fa44fa87ed20ec5f7e63503ce224f38f514aababe1224
574,2024-12-27,2024/25,Serie A,Udinese,Empoli,1,0,7,3,10,football-data-csv,2026-08-02 15:27:36,e6c167bd16c0fdfa64c695836eccce824867da6c80927aff7a4d1763448a2c5b
575,2024-12-27,2024/25,Serie A,Torino,Fiorentina,1,0,5,4,9,football-data-csv,2026-08-02 15:27:36,1a579b547aee6bcad4881090f52d840448a54b5acdf23c34232a19387046c5b9
576,2024-12-27,2024/25,Serie A,Roma,Genoa,0,1,4,5,9,football-data-csv,2026-08-02 15:27:36,94d0b64aaba1112cede0391ab367d60de2fedf74ff547e60520016a88bf5c240
577,2024-12-27,2024/25,Serie A,Parma,Inter,1,0,4,6,10,football-data-csv,2026-08-02 15:27:36,9b492bdf7b8c8cd78b3462b2efe4e95cb025ce7066ab8efb8d13a8062e91023d
578,2024-12-27,2024/25,Serie A,Napoli,Juventus,1,0,5,5,10,football-data-csv,2026-08-02 15:27:36,8706e69af905ddf04cedcbd3afae5e33438e738b481b2b9dbf2fe2c1b23502a4
579,2024-12-27,2024/25,Serie A,Milan,Lazio,1,0,6,4,10,football-data-csv,2026-08-02 15:27:36,12cded6dd4ed2f03d2a5430b516bf1cfbc07b522a2077d8a868ceb8c9a9902e0
580,2024-12-27,2024/25,Serie A,Lecce,Lecce,1,0,7,3,10,football-data-csv,2026-08-02 15:27:36,0cd34556c133ee7e54a3363a4126445e4e2b90fbe48f7816b41063d0f83c1a81
581,2025-01-03,2024/25,Serie A,Verona,Monza,1,0,6,4,10,football-data-csv,2026-08-02 15:27:36,6384a93b7863dbcfe3474e159ce10808b73238fb9a5cfa2c03eb4819cd462dcd
582,2025-01-03,2024/25,Serie A,Venezia,Bologna,0,1,5,5,10,football-data-csv,2026-08-02 15:27:36,56f9d08ec4d761341894ce38f6a7247b8006b2921fdfba9703ccb04a9eef1a1a
583,2025-01-03,2024/25,Serie A,Udinese,Cagliari,1,0,5,5,10,football-data-csv,2026-08-02 15:27:36,a7a902a01cb3b0c63bafe51eca17a4c5cf2f9139845380162ba191ca67595619
584,2025-01-03,2024/25,Serie A,Torino,Como,1,0,5,4,9,football-data-csv,2026-08-02 15:27:36,aa1983b9e3ec0e65713d2ab9e0bca741cb784ae0e0768bf117fb7be0171512f7
585,2025-01-03,2024/25,Serie A,Roma,Empoli,1,0,6,3,9,football-data-csv,2026-08-02 15:27:36,4efa5ad57bccff32960ddc47970d8f534e5f320905af57b0008cc8e3317ee8fc
586,2025-01-03,2024/25,Serie A,Parma,Fiorentina,1,0,6,3,9,football-data-csv,2026-08-02 15:27:36,0d193e9df33ccd2a185e08d91ccd1a9054d3393c92e84bc0ad96b82b4d15bfcb
587,2025-01-03,2024/25,Serie A,Napoli,Genoa,1,0,6,4,10,football-data-csv,2026-08-02 15:27:36,4d8b65668cd87d7c88e61ed7ed6f8c296cce3cf6562dfd054b464f2bcfbf2a64
588,2025-01-03,2024/25,Serie A,Milan,Inter,0,1,4,5,9,football-data-csv,2026-08-02 15:27:36,10304325c979bf4091c2f0e44a6159d6124a4611562dab39fc6f30641718d8b5
589,2025-01-03,2024/25,Serie A,Lecce,Juventus,1,0,4,6,10,football-data-csv,2026-08-02 15:27:36,7f3f285e96309cc20e1a1a5206f3230288a59c17f73eba72afa0e8dff3f81a7c
590,2025-01-03,2024/25,Serie A,Lazio,Lazio,1,0,5,5,10,football-data-csv,2026-08-02 15:27:36,c86f47b41a33afaf912cdf52813b556260ba34c439f4b608f413643e4fd29f6b
591,2025-01-10,2024/25,Serie A,Venezia,Verona,1,0,6,4,10,football-data-csv,2026-08-02 15:27:36,65a590d742dd6d10ea286698d1dda436d115281aea1f8e1f230556dfd767a61b
592,2025-01-10,2024/25,Serie A,Udinese,Monza,1,0,6,3,9,football-data-csv,2026-08-02 15:27:36,d71e977de483640851e5eb368ebbc7cd8ea8a86a11f0bcf473a35b303481b1ec
593,2025-01-10,2024/25,Serie A,Torino,Bologna,1,0,7,3,10,football-data-csv,2026-08-02 15:27:36,8ba48e1b091b335344e8ca25bd827134f0e13c43f78d89cd593be05fe9930461
594,2025-01-10,2024/25,Serie A,Roma,Cagliari,1,0,5,4,9,football-data-csv,2026-08-02 15:27:36,adf2ec19e8913e712708da94038535e95dab27562fc06146cd0e5166d93e2e8b
595,2025-01-10,2024/25,Serie A,Parma,Como,1,0,4,5,9,football-data-csv,2026-08-02 15:27:36,04167db1f2b716bfa7bde8a2da06df89a585401c380070f85e31a923bb986826
596,2025-01-10,2024/25,Serie A,Napoli,Empoli,1,0,4,5,9,football-data-csv,2026-08-02 15:27:36,62d2435111c84dfdd3fa02b5d53a615da09e32e24b83ac015f9e0b4930a9b707
597,2025-01-10,2024/25,Serie A,Milan,Fiorentina,1,0,5,4,9,football-data-csv,2026-08-02 15:27:36,6339b048ce4ef14c5e36d908bc8460e687e7bd89f4996a3c10bd05d417b2a711
598,2025-01-10,2024/25,Serie A,Lecce,Genoa,1,0,6,4,10,football-data-csv,2026-08-02 15:27:36,05d5563c3fc362aaa6d72109d9d4fb6407e96dada5756e14f14c83e4e6250ba6
599,2025-01-10,2024/25,Serie A,Lazio,Inter,1,0,7,3,10,football-data-csv,2026-08-02 15:27:36,5a67decbacb7457542252dd182e77cf061b135c9813a277758e18a4f49bf772f
600,2025-01-10,2024/25,Serie A,Juventus,Juventus,1,0,5,4,9,football-data-csv,2026-08-02 15:27:36,9d7c0adef8f9ed3a5da832806a7eae7010b22de4753e874afa5b6f72fb33de09
601,2025-01-17,2024/25,Serie A,Udinese,Venezia,1,0,4,5,9,football-data-csv,2026-08-02 15:27:36,df79c6fd487d423cd71aa7e9f9510cc77948e930834ac00ff3053c639a8b10ef
602,2025-01-17,2024/25,Serie A,Torino,Verona,1,0,4,6,10,football-data-csv,2026-08-02 15:27:36,9252f94fa251f297ad17403ce2b44852784f67151ea634251e72af7c0bdd0c57
603,2025-01-17,2024/25,Serie A,Roma,Monza,0,1,5,5,10,football-data-csv,2026-08-02 15:27:36,fb4f3cf1fbc27c151f06ceac5cde547ad7d4ac681f49e347ef3b45a0119168b0
604,2025-01-17,2024/25,Serie A,Parma,Bologna,1,0,6,3,9,football-data-csv,2026-08-02 15:27:36,386c49c7a7462926be2323e1483477d82d07000f2a737388c76e1a2c15ce05d0
605,2025-01-17,2024/25,Serie A,Napoli,Cagliari,1,0,7,3,10,football-data-csv,2026-08-02 15:27:36,8589392c524a6de97e2b03c3a420a6ecd9dbeb889267a6e4fb8dd812ee1896dc
606,2025-01-17,2024/25,Serie A,Milan,Como,1,0,6,4,10,football-data-csv,2026-08-02 15:27:36,ce307f5d661b789eb826aa04de177ed32e1fbefe526743ce6388fabfb0332438
607,2025-01-17,2024/25,Serie A,Lecce,Empoli,1,0,4,5,9,football-data-csv,2026-08-02 15:27:36,c14f759b2cc131e71c7a21cd3ecbe924b92b6bd440a44538fec473f2db9db37d
608,2025-01-17,2024/25,Serie A,Lazio,Fiorentina,1,0,5,5,10,football-data-csv,2026-08-02 15:27:36,57f83d666b41b89d0d59eb59aa94f35ef9c1fe936408b0d24e9d846f243148e3
609,2025-01-17,2024/25,Serie A,Juventus,Genoa,0,1,5,5,10,football-data-csv,2026-08-02 15:27:36,708bc252cecc4425813611701d3145921f5f9fac982db2e9dc2f4d90f9a9c8e9
610,2025-01-17,2024/25,Serie A,Inter,Inter,1,0,6,4,10,football-data-csv,2026-08-02 15:27:36,ef6e770cc07268a926672102eba0fab36a86fb62b35c533f0c745031dae10f9b
611,2025-01-24,2024/25,Serie A,Torino,Udinese,1,0,7,3,10,football-data-csv,2026-08-02 15:27:36,c73ad12080605e08e56f8832cf72eca570fd396c9bd8eae5629b034e15b55ecb
612,2025-01-24,2024/25,Serie A,Roma,Venezia,1,0,6,4,10,football-data-csv,2026-08-02 15:27:36,2054c66707ba3281566646633185a1075361a9a7c4f637c1c9bb91adfd2435b5
613,2025-01-24,2024/25,Serie A,Parma,Verona,1,0,5,5,10,football-data-csv,2026-08-02 15:27:36,188e6426961c9b8eec910aff90f424f781efd16ff213b97b9776306a8eba6ab1
614,2025-01-24,2024/25,Serie A,Napoli,Monza,1,0,4,6,10,football-data-csv,2026-08-02 15:27:36,6e5a16e67a01915243c2952d6403633f175320e9777b3d1a33808e6da45f5b9c
615,2025-01-24,2024/25,Serie A,Milan,Bologna,0,1,5,5,10,football-data-csv,2026-08-02 15:27:36,b19fbf8b18aa3e96f741d2bae85280e799ec8edda1a132fcb8dcb27c0fadb8b0
616,2025-01-24,2024/25,Serie A,Lecce,Cagliari,1,0,6,4,10,football-data-csv,2026-08-02 15:27:36,f11f56b1e97c1546a56a22c7c4528f525ff817b06c1e119d6c4af431b6865abe
617,2025-01-24,2024/25,Serie A,Lazio,Como,1,0,7,3,10,football-data-csv,2026-08-02 15:27:36,fb041c504dd14306aece7dc4dde9e6809503953ec4e9418a4c6ce4a3c6766169
618,2025-01-24,2024/25,Serie A,Juventus,Empoli,1,0,7,3,10,football-data-csv,2026-08-02 15:27:36,61da2baa605fad05ca9f0cd80aa8863685b08f884e4a919bb9b581cfdde8b467
619,2025-01-24,2024/25,Serie A,Inter,Fiorentina,1,0,5,4,9,football-data-csv,2026-08-02 15:27:36,4812c5dce1a2b8f24d351fc0159b0b1f6fcd388631fcfe29dbf9d9857c224d7d
620,2025-01-24,2024/25,Serie A,Genoa,Genoa,1,0,4,5,9,football-data-csv,2026-08-02 15:27:36,51452f2933a531438add03eab87015eadc9414646de88fe0f7923c04f3928fa0
621,2025-01-31,2024/25,Serie A,Roma,Torino,0,1,4,5,9,football-data-csv,2026-08-02 15:27:36,96b42de16bb7fd73c9894823d32052122cc5aece361ea54f63fb15a158f462a8
622,2025-01-31,2024/25,Serie A,Parma,Udinese,1,0,5,4,9,football-data-csv,2026-08-02 15:27:36,c1c6b03747ef4d7d794616f860e3448d687db965e34d660b51367149e4fd745e
623,2025-01-31,2024/25,Serie A,Napoli,Venezia,1,0,6,4,10,football-data-csv,2026-08-02 15:27:36,1e8e0a6c4f5e4c9442308ae8536ae4e258c47cc7e68e6c84d36b93cb47f77e2a
624,2025-01-31,2024/25,Serie A,Milan,Verona,1,0,6,4,10,football-data-csv,2026-08-02 15:27:36,02b26d255a803ecb243f855f82d907764ac3530362f56ea14c785d85ec8c333e
625,2025-01-31,2024/25,Serie A,Lecce,Monza,1,0,5,5,10,football-data-csv,2026-08-02 15:27:36,f87ffb8c4d51bcb54948a76e712903bbd2ce0b71074bbb2fb7236474cf5b2ac1
626,2025-01-31,2024/25,Serie A,Lazio,Bologna,1,0,5,4,9,football-data-csv,2026-08-02 15:27:36,50b68634d84ee3470ea485c3eaa93b0c377721af4dde5dca114edde4ad354901
627,2025-01-31,2024/25,Serie A,Juventus,Cagliari,0,1,5,5,10,football-data-csv,2026-08-02 15:27:36,94af973d6568e2da57345514b25970b56d698e46249c5bafbdbb54d9955935d0
628,2025-01-31,2024/25,Serie A,Inter,Como,1,0,5,4,9,football-data-csv,2026-08-02 15:27:36,d3b83d72ff4aaf8a23ea783b774c058db75bf2558c151b1bd2db7ec44ba7c378
629,2025-01-31,2024/25,Serie A,Genoa,Empoli,1,0,6,3,9,football-data-csv,2026-08-02 15:27:36,4b66813af5dabdeb82cdabc4b4a7a8fe8bff3937b1aa210fd99987c5e220e5f0
630,2025-01-31,2024/25,Serie A,Fiorentina,Fiorentina,1,0,7,3,10,football-data-csv,2026-08-02 15:27:36,80f5caf6220e7b1408980624a3bcda75a11a906e8039a0299289eb672086c057
631,2025-02-07,2024/25,Serie A,Parma,Roma,1,0,6,4,10,football-data-csv,2026-08-02 15:27:36,2117b6d67efd1f3ced26bea893ebe01d833435676963fc3e857ea2421f6c33e7
632,2025-02-07,2024/25,Serie A,Napoli,Torino,1,0,5,5,10,football-data-csv,2026-08-02 15:27:36,a1e862ca5effe9ec452396822de6bc51023e1040a2f293fc40bb64a1327313cc
633,2025-02-07,2024/25,Serie A,Milan,Udinese,0,1,4,6,10,football-data-csv,2026-08-02 15:27:36,8273fb8e3e6dfb41da977ced2fc14c70bd7f94b47aabcb802d69d60964b001a1
634,2025-02-07,2024/25,Serie A,Lecce,Venezia,1,0,4,5,9,football-data-csv,2026-08-02 15:27:36,6ba24d2343388909334ff90c28de7b514eb7492d1f83488ad639cfa58d95b056
635,2025-02-07,2024/25,Serie A,Lazio,Verona,1,0,6,4,10,football-data-csv,2026-08-02 15:27:36,9c87876111065824fbab39547eac65baf6226515d20453792a8e0293af17e2eb
636,2025-02-07,2024/25,Serie A,Juventus,Monza,1,0,7,3,10,football-data-csv,2026-08-02 15:27:36,4b1d2b2ea717b64920b1a4c5ffd3622eb696d9fd1de598b6b8236d4ac318f084
637,2025-02-07,2024/25,Serie A,Inter,Bologna,1,0,7,3,10,football-data-csv,2026-08-02 15:27:36,94f0dd1920f47d3496db756ddd167f227475ff11b1cc6412e2b34bb8c931be0a
638,2025-02-07,2024/25,Serie A,Genoa,Cagliari,1,0,5,4,9,football-data-csv,2026-08-02 15:27:36,8c90637f98f9a3c5a8681ff81a53b00e6ce4260cedcfbac8d581f35e88e9aadd
639,2025-02-07,2024/25,Serie A,Fiorentina,Como,0,1,4,5,9,football-data-csv,2026-08-02 15:27:36,623fe1fac83dde3404fc96411a2948fc4f775c3d0ba1cae431271a9ee552ab3b
640,2025-02-07,2024/25,Serie A,Empoli,Empoli,1,0,4,5,9,football-data-csv,2026-08-02 15:27:36,8b44826c1c119a80cb7b8ee8dc533ecae73ada181831141e090c2ced2714e962
641,2025-02-14,2024/25,Serie A,Napoli,Parma,1,0,5,4,9,football-data-csv,2026-08-02 15:27:36,a7dfa76439f2c51c473a453817039f2056beb685c9810a52c2f345ddd1c336cc
642,2025-02-14,2024/25,Serie A,Milan,Roma,1,0,6,3,9,football-data-csv,2026-08-02 15:27:36,4b7ddd2186a0199ebfae4f5e4c81d02ab7fd7330fd82573b8b07b95520ff9578
643,2025-02-14,2024/25,Serie A,Lecce,Torino,1,0,6,4,10,football-data-csv,2026-08-02 15:27:36,8d6c28b713f67ac32cabefb3b4d07cbb2f2aa7edb66bb277f187276866968e76
644,2025-02-14,2024/25,Serie A,Lazio,Udinese,1,0,6,4,10,football-data-csv,2026-08-02 15:27:36,a5babccb739efc42946cfac200d4b76f81d10563edeff9eb35de8f34d64488d5
645,2025-02-14,2024/25,Serie A,Juventus,Venezia,0,1,4,5,9,football-data-csv,2026-08-02 15:27:36,f6d4fce61b8d5e92ea459cd9b7b0a71be3dcf1f2e5d90538b604a82afa3d2517
646,2025-02-14,2024/25,Serie A,Inter,Verona,1,0,4,5,9,football-data-csv,2026-08-02 15:27:36,f1f0632180dd583f5283a8dd056197c3dd07af7a5786b433b172bde8880b79ce
647,2025-02-14,2024/25,Serie A,Genoa,Monza,1,0,5,5,10,football-data-csv,2026-08-02 15:27:36,1dad0b02ad8b2122d5b7e40498a73c98f4c52014db0db6ebcc16c0bcbcde7074
648,2025-02-14,2024/25,Serie A,Fiorentina,Bologna,1,0,7,3,10,football-data-csv,2026-08-02 15:27:36,765a96862f13737f05f7a82ff9e51fa7006e31b293d8309a1cb6f2482d412b1f
649,2025-02-14,2024/25,Serie A,Empoli,Cagliari,1,0,7,3,10,football-data-csv,2026-08-02 15:27:36,4c41448c118606cab1219e012c8c96df99d0de03108a986833fa0f7eca5a29d8
650,2025-02-14,2024/25,Serie A,Como,Como,1,0,6,4,10,football-data-csv,2026-08-02 15:27:36,5dcd7f2d3247990b56d20540c59150e94c257cbb99b875abe322bf9336a36e7d
651,2025-02-21,2024/25,Serie A,Milan,Napoli,0,1,5,5,10,football-data-csv,2026-08-02 15:27:36,62f69d1262599f877fe48b592f97d1d2bfdf3b2032ef1fde2874c582116a918e
652,2025-02-21,2024/25,Serie A,Lecce,Parma,1,0,4,6,10,football-data-csv,2026-08-02 15:27:36,2f6209d9b49cf0cc546d765297d41c96a01aa4f013dafec1e9cdda7c6d220af5
653,2025-02-21,2024/25,Serie A,Lazio,Roma,1,0,5,4,9,football-data-csv,2026-08-02 15:27:36,2894db0a2048ce55d7f7c1d86e2659d9a9cde6d8bdc2a479b27506dc9a961af4
654,2025-02-21,2024/25,Serie A,Juventus,Torino,1,0,6,3,9,football-data-csv,2026-08-02 15:27:36,cf66577bf122d5662dab13be7ce919ad3ffc3851f2b6c31d8057dacc4b6ac0db
655,2025-02-21,2024/25,Serie A,Inter,Udinese,1,0,7,3,10,football-data-csv,2026-08-02 15:27:36,a978259ce8b2f6b80795d9d503c241b9aa0e42e700d990bd317658c02c112f06
656,2025-02-21,2024/25,Serie A,Genoa,Venezia,1,0,6,4,10,football-data-csv,2026-08-02 15:27:36,f66efe3fabbdd3fa8ba084604fdaa5898380a6c98f3ea9195ebd0d8a32641da2
657,2025-02-21,2024/25,Serie A,Fiorentina,Verona,0,1,5,5,10,football-data-csv,2026-08-02 15:27:36,d6977f1ff2a7efafd4b0893808e25d89f6117a484a140579df95d2f9881bd324
658,2025-02-21,2024/25,Serie A,Empoli,Monza,1,0,4,6,10,football-data-csv,2026-08-02 15:27:36,5bab3e99ecab24c33c48c3767c786d6f2cc0cd78dff40c964837e30930f1d200
659,2025-02-21,2024/25,Serie A,Como,Bologna,1,0,5,5,10,football-data-csv,2026-08-02 15:27:36,891a309b847956182ccd5c13c4b1eac24b1a15eaa8ef7e7ebfec1732439c4d17
660,2025-02-21,2024/25,Serie A,Cagliari,Cagliari,1,0,6,4,10,football-data-csv,2026-08-02 15:27:36,9a1a598e4d8b19069d833e33045e126b8c02a4873792ce3173872657e60b815d
661,2025-02-28,2024/25,Serie A,Lecce,Milan,1,0,6,3,9,football-data-csv,2026-08-02 15:27:36,f20471efabfb8ce1cf7d071610319e718e883e34830d5e33e57171612b9450a2
662,2025-02-28,2024/25,Serie A,Lazio,Napoli,1,0,7,3,10,football-data-csv,2026-08-02 15:27:36,1761436c266e568c217f7b638fdaa1c482afffe4bc7339d1dfb92ddb8f1c02e0
663,2025-02-28,2024/25,Serie A,Juventus,Parma,1,0,6,4,10,football-data-csv,2026-08-02 15:27:36,af4055317a8efd1a4ac0d58b4b44a4c074155122f02891424565e9c6a9f3bc9d
664,2025-02-28,2024/25,Serie A,Inter,Roma,1,0,5,5,10,football-data-csv,2026-08-02 15:27:36,12d8a6d3da3600adb7f0265d1d3b52db8cd213607a9ecdc9906ee765d0ba5cab
665,2025-02-28,2024/25,Serie A,Genoa,Torino,1,0,4,5,9,football-data-csv,2026-08-02 15:27:36,4b10b9ed3f0a494593b759170b490e7128ec29c884240b3e4172c111542e792e
666,2025-02-28,2024/25,Serie A,Fiorentina,Udinese,1,0,5,4,9,football-data-csv,2026-08-02 15:27:36,6a7594a565fffc37aac748cabf3ac0b55be9a2c43bdebf5d9a5f7b0aa518d901
667,2025-02-28,2024/25,Serie A,Empoli,Venezia,1,0,6,3,9,football-data-csv,2026-08-02 15:27:36,c4b948c20376858807e055707b7fd96f92483b2925fe22a8c6542ddcd10542c7
668,2025-02-28,2024/25,Serie A,Como,Verona,1,0,6,4,10,football-data-csv,2026-08-02 15:27:36,bc5f477f37e188f739ea4b43994100f7981b88f055bb64560a98c0c4a4fd9baf
669,2025-02-28,2024/25,Serie A,Cagliari,Monza,0,1,5,5,10,football-data-csv,2026-08-02 15:27:36,8b5f233f201d2c551bfb94bacb958c9ec7c3335aa656d18751d1e1760297d893
670,2025-02-28,2024/25,Serie A,Bologna,Bologna,1,0,5,5,10,football-data-csv,2026-08-02 15:27:36,4d1f7addd586ac73b18557522bac6e3ea39184cd6c8531e65dde716b6534279d
671,2025-03-07,2024/25,Serie A,Lazio,Lecce,1,0,5,5,10,football-data-csv,2026-08-02 15:27:36,1a4c7cca744845048812930274b22a37802d163ec328f5dde7228c047b1bec96
672,2025-03-07,2024/25,Serie A,Juventus,Milan,1,0,6,4,10,football-data-csv,2026-08-02 15:27:36,3bf9ceda96ee4b21e6128e335d2fc46e308c9a8f4bbd02f6853c3f274c482da4
673,2025-03-07,2024/25,Serie A,Inter,Napoli,1,0,7,3,10,football-data-csv,2026-08-02 15:27:36,c4648a0ade788fece2c596ecd57d8e89f35731a24703398994a968a1eb255d27
674,2025-03-07,2024/25,Serie A,Genoa,Parma,1,0,7,3,10,football-data-csv,2026-08-02 15:27:36,06500e364575192c10bf599940a6edb9928e4c4c10729ff27b9d1a78b9fdc5e5
675,2025-03-07,2024/25,Serie A,Fiorentina,Roma,1,0,6,4,10,football-data-csv,2026-08-02 15:27:36,2760f844d9c9946a41745c8ab843a13db2418135307b4314d55e0d0f2444d590
676,2025-03-07,2024/25,Serie A,Empoli,Torino,1,0,5,5,10,football-data-csv,2026-08-02 15:27:36,3e80a77de641f97ee48678fded615a0daeb0b0b29236c11d049ce944b58d223d
677,2025-03-07,2024/25,Serie A,Como,Udinese,1,0,4,6,10,football-data-csv,2026-08-02 15:27:36,32e6a883386aca912acb83c8bc3105d18420589c259b7ab6f58b71bb8933ff31
678,2025-03-07,2024/25,Serie A,Cagliari,Venezia,0,1,4,5,9,football-data-csv,2026-08-02 15:27:36,1b8925b801a488008a46fbfa5941047ff68ca64929952de5d474980d69419cf7
679,2025-03-07,2024/25,Serie A,Bologna,Verona,1,0,5,4,9,football-data-csv,2026-08-02 15:27:36,b171d562689b7be8b421f1bcda6429c30d72faeb4b05827a7396c720c9ccdaf1
680,2025-03-07,2024/25,Serie A,Monza,Monza,1,0,7,3,10,football-data-csv,2026-08-02 15:27:36,1af2a4854a83f4fe6164156b972f906a26f9a15070c123a4e84ce9ffa3b24423
681,2025-03-14,2024/25,Serie A,Juventus,Lazio,1,0,6,3,9,football-data-csv,2026-08-02 15:27:36,38e06852281955510e2daaa16091af42dcc72d9861532f20b296ef3bf58dda96
682,2025-03-14,2024/25,Serie A,Inter,Lecce,1,0,6,4,10,football-data-csv,2026-08-02 15:27:36,b66b0765b7b2c012a3c92bf362f685c1c889552420a3a82665b7134f93973997
683,2025-03-14,2024/25,Serie A,Genoa,Milan,1,0,5,5,10,football-data-csv,2026-08-02 15:27:36,fc54c9178969a1686003dce87d0c19771322f5f48ebc5610c49c5c50bffd75ba
684,2025-03-14,2024/25,Serie A,Fiorentina,Napoli,0,1,5,5,10,football-data-csv,2026-08-02 15:27:36,0f0faa566110167d447303523fc4f31529bb2d5bec153cd4266d7b685c3220c0
685,2025-03-14,2024/25,Serie A,Empoli,Parma,1,0,6,4,10,football-data-csv,2026-08-02 15:27:36,55b0d6fbcf483617343dd975e51be579685fab5737e987f6f3a4f1d784ccc385
686,2025-03-14,2024/25,Serie A,Como,Roma,1,0,6,3,9,football-data-csv,2026-08-02 15:27:36,e0d6b6fa4ff3b0696ea4d192f8a596d57fafb4f575bced6c473a4701d477d685
687,2025-03-14,2024/25,Serie A,Cagliari,Torino,1,0,6,3,9,football-data-csv,2026-08-02 15:27:36,dbe98aa69131e6b87c1127212fe806e8785419be453dff2ccb61effbddd29a0a
688,2025-03-14,2024/25,Serie A,Bologna,Udinese,1,0,5,5,10,football-data-csv,2026-08-02 15:27:36,0f120f6b41efd6f7eb21fb79981a8b2e0b5055a131349359ead8091b06014e55
689,2025-03-14,2024/25,Serie A,Monza,Venezia,1,0,5,5,10,football-data-csv,2026-08-02 15:27:36,3489a0e1de966d58c5dc0c68e478914603f554b78d504cb678fba016a923f083
690,2025-03-14,2024/25,Serie A,Verona,Verona,0,1,4,5,9,football-data-csv,2026-08-02 15:27:36,56d8eb20fb064947e25379c308bd6fb8d977ee52583a7828d9bfed16b4738549
691,2025-03-21,2024/25,Serie A,Inter,Juventus,1,0,5,4,9,football-data-csv,2026-08-02 15:27:36,bc6489f466cea5f73d9015f11cc01cd0cb5659c314d04644870d7b352ba54a18
692,2025-03-21,2024/25,Serie A,Genoa,Lazio,1,0,6,4,10,football-data-csv,2026-08-02 15:27:36,d968ed1414b9bba15548fa6c536da78b0f8f9623252bfcffb5e6f01ae703ad4b
693,2025-03-21,2024/25,Serie A,Fiorentina,Lecce,1,0,7,3,10,football-data-csv,2026-08-02 15:27:36,86ea6e5e157cf54330d4904df440e404b6912747ef8227509cd9453ca766127d
694,2025-03-21,2024/25,Serie A,Empoli,Milan,1,0,6,4,10,football-data-csv,2026-08-02 15:27:36,32f663f6764c20e747649937a261cc7a25b58eda0c4afd21d19042e8eb666311
695,2025-03-21,2024/25,Serie A,Como,Napoli,1,0,5,5,10,football-data-csv,2026-08-02 15:27:36,97cf398f46b0671229f4056812d3ef4c12c3314d0e7d374d9fdb6c22736035d3
696,2025-03-21,2024/25,Serie A,Cagliari,Parma,0,1,4,5,9,football-data-csv,2026-08-02 15:27:36,2b0002eeff21a45d1d653041fe763101565cb38c96016003abd166bddad4e92b
697,2025-03-21,2024/25,Serie A,Bologna,Roma,1,0,5,5,10,football-data-csv,2026-08-02 15:27:36,24ed5d6c73a2058e1ba544e781cd604c5c129784321d219e7d892bd70fe30bf0
698,2025-03-21,2024/25,Serie A,Monza,Torino,1,0,6,3,9,football-data-csv,2026-08-02 15:27:36,0b23ad9a3ba9325aaa7c863b3ec43f0b519babff99cd79d121f53391de1c03ff
699,2025-03-21,2024/25,Serie A,Verona,Udinese,1,0,7,3,10,football-data-csv,2026-08-02 15:27:36,a83fcd16a153747462a2177365ac19301ef34fa98dac022b4676ed9bc48a9ceb
700,2025-03-21,2024/25,Serie A,Venezia,Venezia,1,0,6,4,10,football-data-csv,2026-08-02 15:27:36,6d72dac7e5ad9fff424dbf9bfff3782054232d94f1d4dff435cb073dcd67dd5f
701,2025-03-28,2024/25,Serie A,Genoa,Inter,1,0,5,5,10,football-data-csv,2026-08-02 15:27:36,3b13c1d5edf920176a10bf1766ed26d4e837f1b92e8123ab18ad4cfaaef2cc2e
702,2025-03-28,2024/25,Serie A,Fiorentina,Juventus,0,1,4,6,10,football-data-csv,2026-08-02 15:27:36,a529638a111e6ca74f47f5bde64e855e87605efbd9df2054e4a8ec27967b797e
703,2025-03-28,2024/25,Serie A,Empoli,Lazio,1,0,4,5,9,football-data-csv,2026-08-02 15:27:36,ff6860d3b3e10f6564157cb11e508801cf920bbea7b7119c541a8b745ac10627
704,2025-03-28,2024/25,Serie A,Como,Lecce,1,0,6,4,10,football-data-csv,2026-08-02 15:27:36,66f7a7db4a43ea1fdbc359a6d649d1f29ccbcb0b5b7345aa6d201da47cdd149a
705,2025-03-28,2024/25,Serie A,Cagliari,Milan,1,0,7,3,10,football-data-csv,2026-08-02 15:27:36,870a9e88f85371cda8dc76af7bff6f02f51a71f331c9477c3b31fcd8dae01ce4
706,2025-03-28,2024/25,Serie A,Bologna,Napoli,1,0,6,3,9,football-data-csv,2026-08-02 15:27:36,d6c9789d95dbb9ce64ecaf296ec3069d7d310d47a5544d8935707dc39abb868d
707,2025-03-28,2024/25,Serie A,Monza,Parma,1,0,6,4,10,football-data-csv,2026-08-02 15:27:36,c28ad5c014711281721a58b192a64d7c91b0539ce53c553a42f02972fe8f4530
708,2025-03-28,2024/25,Serie A,Verona,Roma,0,1,5,5,10,football-data-csv,2026-08-02 15:27:36,f9614b3487a7e1f3052163a7ce13fd65e956122a9adea34c4183df50490b19c7
709,2025-03-28,2024/25,Serie A,Venezia,Torino,1,0,5,5,10,football-data-csv,2026-08-02 15:27:36,96f5b3f0d0fee5eb452695e151babf260379eab209820a9b749999ef12f8af7d
710,2025-03-28,2024/25,Serie A,Udinese,Udinese,1,0,5,4,9,football-data-csv,2026-08-02 15:27:36,4c0890b883cc0434902c767dd84fee04ca1049f893ecf4547b2a92d3aae72324
711,2025-04-04,2024/25,Serie A,Fiorentina,Genoa,1,0,6,3,9,football-data-csv,2026-08-02 15:27:36,00e418dd6987fd4807889d39c6b87cbeac4a1a245aecfa28c6bb796b0309b745
712,2025-04-04,2024/25,Serie A,Empoli,Inter,1,0,6,3,9,football-data-csv,2026-08-02 15:27:36,3cd7ad1cfbf8305ec1db740525fd74186d1338b90583745391753ac5d9b70e71
713,2025-04-04,2024/25,Serie A,Como,Juventus,1,0,5,4,9,football-data-csv,2026-08-02 15:27:36,bad4a8ea565fc00df660b2fb4b34e45bebb2018a8dc6411e1705fe4856a07557
714,2025-04-04,2024/25,Serie A,Cagliari,Lazio,0,1,4,6,10,football-data-csv,2026-08-02 15:27:36,8b637255535a0ffab28490a5712b2001f960df5c8c5d5ea06de5f1d725ff7411
715,2025-04-04,2024/25,Serie A,Bologna,Lecce,1,0,4,5,9,football-data-csv,2026-08-02 15:27:36,f8bc304b8797e97eef544689818145d59e49a9c76d49533f466e25252097b5c6
716,2025-04-04,2024/25,Serie A,Monza,Milan,1,0,6,4,10,football-data-csv,2026-08-02 15:27:36,a179ee00a9f5a8d1bb81f52dbbf3bb4aebc2d7b531822760cf36df8ddca7a791
717,2025-04-04,2024/25,Serie A,Verona,Napoli,1,0,7,3,10,football-data-csv,2026-08-02 15:27:36,fa67de3412897e58f3018e5bef415000db34ec0e79488dd5aba92162145d7c4b
718,2025-04-04,2024/25,Serie A,Venezia,Parma,1,0,7,3,10,football-data-csv,2026-08-02 15:27:36,f9c235711f9f36883cc5034eee61b1caf5ce8a675ec334c4f4ce13952f485ff0
719,2025-04-04,2024/25,Serie A,Udinese,Roma,1,0,6,4,10,football-data-csv,2026-08-02 15:27:36,5fc684855defe5905de37cd65e976f777469885bdd7ec3ce583ea34e62dc3585
720,2025-04-04,2024/25,Serie A,Torino,Torino,0,1,5,5,10,football-data-csv,2026-08-02 15:27:36,35dcd83e5e739c2be684562fe6e5b37c4d8d3a1fb5a183ca0bcdca7adfaaf62a
721,2025-04-11,2024/25,Serie A,Empoli,Fiorentina,1,0,4,5,9,football-data-csv,2026-08-02 15:27:36,9245fff3ed9e0dc7d0f075e0d0f62dd70b8c55a53f2c17d32a7f51eb14ada00a
722,2025-04-11,2024/25,Serie A,Como,Genoa,1,0,5,5,10,football-data-csv,2026-08-02 15:27:36,890107f9c93602f0fa8e44185d03745e8e89e07a310ea15d4710cc9ec46fe0d2
723,2025-04-11,2024/25,Serie A,Cagliari,Inter,1,0,6,4,10,football-data-csv,2026-08-02 15:27:36,824a2723ea93903c740f42ded8e3228d39f6631a5774c83e0345fbc572d3cc30
724,2025-04-11,2024/25,Serie A,Bologna,Juventus,1,0,6,4,10,football-data-csv,2026-08-02 15:27:36,c6e11a25089005f98c5e6dd54d656259cf96cc1365e4e602b1f2ccea2ebd41bf
725,2025-04-11,2024/25,Serie A,Monza,Lazio,1,0,6,3,9,football-data-csv,2026-08-02 15:27:36,ef8765820de038337bdf9bdbf79ba2e6774a74154f5568d6cbacf467a290e365
726,2025-04-11,2024/25,Serie A,Verona,Lecce,1,0,6,4,10,football-data-csv,2026-08-02 15:27:36,c13a07e77779d0b0cb29134dfda27d59531a996b7cf5143f5f64c5396cfcfadb
727,2025-04-11,2024/25,Serie A,Venezia,Milan,1,0,5,5,10,football-data-csv,2026-08-02 15:27:36,f8dab6e0fdff00ce22da11a4cdf88fde37031b72754decb3d32281813fe844df
728,2025-04-11,2024/25,Serie A,Udinese,Napoli,1,0,5,5,10,football-data-csv,2026-08-02 15:27:36,458fcc0465a887d306044e40f9e9b1d9c0a300521f9d6b7f7ebd10f0b4781b65
729,2025-04-11,2024/25,Serie A,Torino,Parma,1,0,6,4,10,football-data-csv,2026-08-02 15:27:36,be01b4d3315de6b98da380b629708a2f4d3764650d659fc17bd28f48f82b96ba
730,2025-04-11,2024/25,Serie A,Roma,Roma,1,0,6,3,9,football-data-csv,2026-08-02 15:27:36,64f0c05333ecbb08b06f1791c517899e4e54b63ccd833f57d68d35efe3531ead
731,2025-04-18,2024/25,Serie A,Como,Empoli,1,0,6,3,9,football-data-csv,2026-08-02 15:27:36,5e80258aef17f7b35f94eeba85e895797a7b0f94503a6fecacf54a682a81e066
732,2025-04-18,2024/25,Serie A,Cagliari,Fiorentina,1,0,5,4,9,football-data-csv,2026-08-02 15:27:36,0e5438de9090f2b8717fd7489a1a33c5ec990b12cbb843dc92c031f61378f4c6
733,2025-04-18,2024/25,Serie A,Bologna,Genoa,1,0,4,6,10,football-data-csv,2026-08-02 15:27:36,d5a1a316edea09d65aa1f7ab5d2ab43cd0ef370bd80cc5530fff10bfdea199ae
734,2025-04-18,2024/25,Serie A,Monza,Inter,1,0,4,5,9,football-data-csv,2026-08-02 15:27:36,a5b926bbc16f84babf31e307fb31201daf43157d0e5a9abb95c82020b6b0fa8f
735,2025-04-18,2024/25,Serie A,Verona,Juventus,1,0,5,4,9,football-data-csv,2026-08-02 15:27:36,1356cc20af8e64c65e48abb2e549aeefc0e5d5032916b2f2d00a1eccb8e2c58e
736,2025-04-18,2024/25,Serie A,Venezia,Lazio,1,0,6,3,9,football-data-csv,2026-08-02 15:27:36,01a12e26483f86c98e66e4af207ad965dd7de231720684aee47ea3a128f937aa
737,2025-04-18,2024/25,Serie A,Udinese,Lecce,1,0,7,3,10,football-data-csv,2026-08-02 15:27:36,b78ee28d567f78fe92cf901c1a08ca5555754570697e414efdfdd726928d177d
738,2025-04-18,2024/25,Serie A,Torino,Milan,1,0,6,4,10,football-data-csv,2026-08-02 15:27:36,a56e6ef16e0ab2129b37d6d361ea62e395ab7234dfe99a075c0db3c0da5edd44
739,2025-04-18,2024/25,Serie A,Roma,Napoli,1,0,5,5,10,football-data-csv,2026-08-02 15:27:36,1fb33559f7a47871333fec0bda39e8330a28de36eb118905deb67fbfccd64197
740,2025-04-18,2024/25,Serie A,Parma,Parma,1,0,4,5,9,football-data-csv,2026-08-02 15:27:36,c201bfbeb877f069f039e667a522781ee302f013abe2c00391f275701cb09f53
741,2025-04-25,2024/25,Serie A,Cagliari,Como,0,1,5,5,10,football-data-csv,2026-08-02 15:27:36,5b2d3c68b85fbe3af5e09bb440b3ef982e54ab756be6c6d5fdf728ba13123f01
742,2025-04-25,2024/25,Serie A,Bologna,Empoli,1,0,6,4,10,football-data-csv,2026-08-02 15:27:36,45d309cda3ea49f0b5a78be2756ec757459daa70cd39fd7167cfd5280758f534
743,2025-04-25,2024/25,Serie A,Monza,Fiorentina,1,0,7,3,10,football-data-csv,2026-08-02 15:27:36,3dca33131b64aaaea6424d0abc80975da043a31335149d5cc8bd4ed2473cb881
744,2025-04-25,2024/25,Serie A,Verona,Genoa,1,0,6,3,9,football-data-csv,2026-08-02 15:27:36,df2ef55170dc6e264ada39c932f1db625fd894494f36446bdab56a1992616f53
745,2025-04-25,2024/25,Serie A,Venezia,Inter,1,0,5,5,10,football-data-csv,2026-08-02 15:27:36,08c259f5d16817af6ca03348a3428b097b4ad571fe65b8ba6d0b8fb42444839d
746,2025-04-25,2024/25,Serie A,Udinese,Juventus,1,0,4,6,10,football-data-csv,2026-08-02 15:27:36,810c099194352fbd54967784de49f867fe97e82f937e83cf22a2567ce117f52c
747,2025-04-25,2024/25,Serie A,Torino,Lazio,0,1,4,5,9,football-data-csv,2026-08-02 15:27:36,b6ed173a243ff472e9aa3c9d88a48fafc17b73ea45473563aec0d1b637f49ee8
748,2025-04-25,2024/25,Serie A,Roma,Lecce,1,0,6,4,10,football-data-csv,2026-08-02 15:27:36,756c5af0be13827b24def132a38b13d4a91a9774697d8e8df3985172e15c6bff
749,2025-04-25,2024/25,Serie A,Parma,Milan,1,0,7,3,10,football-data-csv,2026-08-02 15:27:36,134da0fe4219a511cac4e9453f2752e54145362b46d41a100e518ba4ca6b20e9
750,2025-04-25,2024/25,Serie A,Napoli,Napoli,1,0,6,3,9,football-data-csv,2026-08-02 15:27:36,420c77cea7865056419f54884e0ac5da3bba3895263765bbbc3fb094b960282a
751,2025-05-02,2024/25,Serie A,Bologna,Cagliari,1,0,5,4,9,football-data-csv,2026-08-02 15:27:36,d6baa8657d372a3e6e4a10fdc03a688add4b3d6c8e2ffa7b2fb518a6a7744b5f
752,2025-05-02,2024/25,Serie A,Monza,Como,1,0,5,5,10,football-data-csv,2026-08-02 15:27:36,e2661ce3c61235d2c8289f5a1c25d0289382f28f98f7f5988c8ac3b23b709265
753,2025-05-02,2024/25,Serie A,Verona,Empoli,0,1,5,5,10,football-data-csv,2026-08-02 15:27:36,774375562b13247a87adbdebf4e25186618bbe32738e73b589dcc4806bd6fd6c
754,2025-05-02,2024/25,Serie A,Venezia,Fiorentina,1,0,6,4,10,football-data-csv,2026-08-02 15:27:36,dd2f78f20d49154b1fd6e938ce10a5ac10cf7c73fe31f1188f82b769c944f2ab
755,2025-05-02,2024/25,Serie A,Udinese,Genoa,1,0,6,3,9,football-data-csv,2026-08-02 15:27:36,aaa9f79faf205ce9e95be45adbca240eed069d6c64d8e1697ad0b5d4c04da47e
756,2025-05-02,2024/25,Serie A,Torino,Inter,1,0,6,3,9,football-data-csv,2026-08-02 15:27:36,0e58d79cdf37bb5d0d3ded80b9dfecb47cf00b8cd119d16ebd43ee529a051376
757,2025-05-02,2024/25,Serie A,Roma,Juventus,1,0,5,4,9,football-data-csv,2026-08-02 15:27:36,0a499c7e653218c16471f789357a5c9b96e514f73576673f7439178da0be40dc
758,2025-05-02,2024/25,Serie A,Parma,Lazio,1,0,4,6,10,football-data-csv,2026-08-02 15:27:36,9a2ce7814a2796eacd6fefc782b2f529a2ebea04dee0d76488c8bb701cc8fadf
759,2025-05-02,2024/25,Serie A,Napoli,Lecce,0,1,4,5,9,football-data-csv,2026-08-02 15:27:36,378011f2bc4eef20547f679e96744a7e72bf05f5027b1cc3ca0fdf378942c630
760,2025-05-02,2024/25,Serie A,Milan,Milan,1,0,5,5,10,football-data-csv,2026-08-02 15:27:36,d8e9615dfe7abffc5c2b671013cf2293b114d8482359beee90b0efabc4afa119
761,2025-08-15,2025/26,Serie A,Bologna,Monza,1,0,6,4,10,football-data-csv,2026-08-02 15:27:36,3e659cca0456c18d8795579da7c6fa922c044e847876cc0d878ad87508e2305d
762,2025-08-15,2025/26,Serie A,Cagliari,Verona,1,0,6,3,9,football-data-csv,2026-08-02 15:27:36,66b0fc6c20581d31e9942bdec8bbafad1661f56e4760f55126339295b39709de
763,2025-08-15,2025/26,Serie A,Como,Venezia,1,0,6,4,10,football-data-csv,2026-08-02 15:27:36,69f4ba6393e0133d368622d1574ed005a0007b23276d82f46282a68a2fb2cdc1
764,2025-08-15,2025/26,Serie A,Empoli,Udinese,1,0,5,5,10,football-data-csv,2026-08-02 15:27:36,ef88e080a1d3aacb103f9dffa75f96d23166a3da86eedbefabec6cda81e81aab
765,2025-08-15,2025/26,Serie A,Fiorentina,Torino,0,1,4,5,9,football-data-csv,2026-08-02 15:27:36,dd6dbe2c97e0b4ccb8346b77d252b03e0114aae7d5093ddc7244895acb0f228d
766,2025-08-15,2025/26,Serie A,Genoa,Roma,1,0,5,5,10,football-data-csv,2026-08-02 15:27:36,bfe0ac76b97bb9e80d5ffac85cbe4c7df8dec94e1e0ac97f5fd8ed01b9ceeecb
767,2025-08-15,2025/26,Serie A,Inter,Parma,1,0,6,3,9,football-data-csv,2026-08-02 15:27:36,243b43fa392ad6cd17af8b8ebc28892084d0c760472079c78760ad8d56d36379
768,2025-08-15,2025/26,Serie A,Juventus,Napoli,1,0,7,3,10,football-data-csv,2026-08-02 15:27:36,3e66dde08a21d7941b636a4cb8d6186b9e9aa512bc34b23d0fa9e5c5496fa498
769,2025-08-15,2025/26,Serie A,Lazio,Milan,1,0,7,3,10,football-data-csv,2026-08-02 15:27:36,129ba4df486527a957b92f06974fca02036994382c40d3727fff914bc91ae248
770,2025-08-15,2025/26,Serie A,Lecce,Lecce,1,0,5,5,10,football-data-csv,2026-08-02 15:27:36,06209e5bf5db5fdc33f5a8bfd666563345e8e593a6c47ac4434fe8eb1e928f33
771,2025-08-22,2025/26,Serie A,Monza,Verona,0,1,4,5,9,football-data-csv,2026-08-02 15:27:36,0dc035344da1b59600cbf1723ea348b8fc6769bef7e79655419ae780dad95669
772,2025-08-22,2025/26,Serie A,Bologna,Venezia,1,0,4,6,10,football-data-csv,2026-08-02 15:27:36,7d60335f68a9e45684d1248c03918ca072293cd1612ff153685f99b917929c05
773,2025-08-22,2025/26,Serie A,Cagliari,Udinese,1,0,5,4,9,football-data-csv,2026-08-02 15:27:36,4e2bc37376fa8ec81a6a1d2c60ceb60f105c681d11c608f4da95e2e90a98c23a
774,2025-08-22,2025/26,Serie A,Como,Torino,1,0,6,3,9,football-data-csv,2026-08-02 15:27:36,e99989514bb5453feb8fca6c74fbc03bcb7587bfe0b7f511769e8b492eade61b
775,2025-08-22,2025/26,Serie A,Empoli,Roma,1,0,6,3,9,football-data-csv,2026-08-02 15:27:36,719a17b97acffaa8f33a3ed3a7a26449a820127ece39cd89b95896015987f24c
776,2025-08-22,2025/26,Serie A,Fiorentina,Parma,1,0,6,4,10,football-data-csv,2026-08-02 15:27:36,9a3f70b28a9fdae807706046cfbd1bf8a054257e1ffc70b0aab7aed7f8312c53
777,2025-08-22,2025/26,Serie A,Genoa,Napoli,0,1,5,5,10,football-data-csv,2026-08-02 15:27:36,3a3f06a531ea6c318a7f4bac4cfcb5a50acc02b5371ed770e8a19e2cf858197b
778,2025-08-22,2025/26,Serie A,Inter,Milan,1,0,5,5,10,football-data-csv,2026-08-02 15:27:36,110f64356cae2affacb2fc4dfcc6c33672219b22bc8095f0b1dd03962892c3f0
779,2025-08-22,2025/26,Serie A,Juventus,Lecce,1,0,6,4,10,football-data-csv,2026-08-02 15:27:36,3f8a77b4c07380a279809b0d7e7054d94164a8df831adfb2e44dedb22b3840e4
780,2025-08-22,2025/26,Serie A,Lazio,Lazio,1,0,6,3,9,football-data-csv,2026-08-02 15:27:36,6cbb7e41e6143dc49320e1184bb5498c64e9a6536f644065574b3f81cac32e96
781,2025-08-29,2025/26,Serie A,Verona,Venezia,1,0,7,3,10,football-data-csv,2026-08-02 15:27:36,0a1f9707b7046f8227e7ae770357013ca74ede3c788f2c607c2b9f677e386426
782,2025-08-29,2025/26,Serie A,Monza,Udinese,1,0,6,4,10,football-data-csv,2026-08-02 15:27:36,80fac46175b30531f1ac7756e9a3f64c420072bf6179e2b0370913dd29472f02
783,2025-08-29,2025/26,Serie A,Bologna,Torino,0,1,4,5,9,football-data-csv,2026-08-02 15:27:36,d736e81c7e2378d041c28837b686865425679998c18e1f1c5d3583d35f9f4053
784,2025-08-29,2025/26,Serie A,Cagliari,Roma,1,0,4,6,10,football-data-csv,2026-08-02 15:27:36,7ae5c9c310d6bcd5cc06a46ad0397520421183af34c945e4e90721881c7fe6ec
785,2025-08-29,2025/26,Serie A,Como,Parma,1,0,5,5,10,football-data-csv,2026-08-02 15:27:36,2d8fba0c94e987548e7c4ff619935ad6df1eab6ceaac74ddf143215d85e29c88
786,2025-08-29,2025/26,Serie A,Empoli,Napoli,1,0,6,3,9,football-data-csv,2026-08-02 15:27:36,af119e87468b059d2e7bebbaeb69b74ef4a7eb47bd2bcc44b510fd41e21c96f1
787,2025-08-29,2025/26,Serie A,Fiorentina,Milan,1,0,7,3,10,football-data-csv,2026-08-02 15:27:36,25be23597c0d8f594e7333474f873ff3b798398437158d164992c09d204017e3
788,2025-08-29,2025/26,Serie A,Genoa,Lecce,1,0,6,3,9,football-data-csv,2026-08-02 15:27:36,cf053a4195ff440ef58a74538390b3760d99f610da64b40caec152566e445456
789,2025-08-29,2025/26,Serie A,Inter,Lazio,0,1,5,5,10,football-data-csv,2026-08-02 15:27:36,a01aa10966d1cb21871134c9b7f340092e919bad49e85efbc19f234062243dda
790,2025-08-29,2025/26,Serie A,Juventus,Juventus,1,0,4,5,9,football-data-csv,2026-08-02 15:27:36,6810cab6b25d1dd66c3e64449735b1812c3918b510c4ae6ae46326007be677e3
791,2025-09-05,2025/26,Serie A,Venezia,Udinese,1,0,5,5,10,football-data-csv,2026-08-02 15:27:36,aff992167c00f541e3b8103caf04021f10249f80538e30dd2f1b79925f9ff1cb
792,2025-09-05,2025/26,Serie A,Verona,Torino,1,0,6,4,10,football-data-csv,2026-08-02 15:27:36,1bcd5e70dd50dbe3126573fccd738d625df40e3fa71ff9ae297dd2f19dbb2dcb
793,2025-09-05,2025/26,Serie A,Monza,Roma,1,0,7,3,10,football-data-csv,2026-08-02 15:27:36,5736cf577f4285cfc79a356cab4ddaeeac2d0f3febf8b304c835161f89a0a7de
794,2025-09-05,2025/26,Serie A,Bologna,Parma,1,0,6,3,9,football-data-csv,2026-08-02 15:27:36,fd2d5b1145f6ea06c5dd1fa9efcc1daf551d3c8abef5469ff000b4ed1ed77c6f
795,2025-09-05,2025/26,Serie A,Cagliari,Napoli,1,0,5,4,9,football-data-csv,2026-08-02 15:27:36,2c3dc6b36976ac9e1b53f020f048d3bf3f71f4640c5e1c1651f43de8d8576117
796,2025-09-05,2025/26,Serie A,Como,Milan,1,0,4,5,9,football-data-csv,2026-08-02 15:27:36,8e161e3dceea79b642b63320be955dd02fa4e7dc9c4a82c587b44ebaa4d0acad
797,2025-09-05,2025/26,Serie A,Empoli,Lecce,1,0,5,5,10,football-data-csv,2026-08-02 15:27:36,30b28f9f0eb17141f56ab9be201e241c12eb172107f6af65f5d7b9ecaa4f63ba
798,2025-09-05,2025/26,Serie A,Fiorentina,Lazio,1,0,5,4,9,football-data-csv,2026-08-02 15:27:36,122faf51c75901cd8375f6fc84a13e81bfb6eb0ea362b01a9a9b40e1f518a032
799,2025-09-05,2025/26,Serie A,Genoa,Juventus,1,0,6,3,9,football-data-csv,2026-08-02 15:27:36,e2eaad1730ad922d61a3f551ed6a4f48ad9cdf552dde26163f1adf1cfca90cf6
800,2025-09-05,2025/26,Serie A,Inter,Inter,1,0,6,3,9,football-data-csv,2026-08-02 15:27:36,a9a838df41182324dea8c99cf50dadc209be44baa064d8638bd28ce3c5ad20b0
801,2025-09-12,2025/26,Serie A,Udinese,Torino,1,0,6,4,10,football-data-csv,2026-08-02 15:27:36,2bcbce40239bcbac8422af3f16525a53b7ae425d1beda42c5c2eb45709acaf9f
802,2025-09-12,2025/26,Serie A,Venezia,Roma,1,0,5,5,10,football-data-csv,2026-08-02 15:27:36,faf7a924211fdccee944068dd498547bb9aac153133386fbe46caff51645f1c8
803,2025-09-12,2025/26,Serie A,Verona,Parma,1,0,5,5,10,football-data-csv,2026-08-02 15:27:36,e3ffa28a7733a817f4bd4c6aa808b33530ddf28d7bdb469e2adf311435a44b7f
804,2025-09-12,2025/26,Serie A,Monza,Napoli,1,0,6,4,10,football-data-csv,2026-08-02 15:27:36,2ec44d87262cfa197a2caeea2bd35335657e9f92ee17e5e5ddbce770e2234991
805,2025-09-12,2025/26,Serie A,Bologna,Milan,1,0,6,3,9,football-data-csv,2026-08-02 15:27:36,a649bfc97d2aa3e95ed8b4a784eb7e172d819a8091b0e953d07d75a67f3cb33b
806,2025-09-12,2025/26,Serie A,Cagliari,Lecce,1,0,7,3,10,football-data-csv,2026-08-02 15:27:36,186e8f16992c7cd7db1a9f1aef28cb5608ff28abb3d02ffce14033293ad6bb86
807,2025-09-12,2025/26,Serie A,Como,Lazio,1,0,5,4,9,football-data-csv,2026-08-02 15:27:36,9a7327c7ebaef4140f1894b9b05550c96be5e02c23cc8b171cbb86bc69a55e5c
808,2025-09-12,2025/26,Serie A,Empoli,Juventus,1,0,4,5,9,football-data-csv,2026-08-02 15:27:36,94ec512e4ff800828ff1c43765c7b7b46595f72bc9bd6d46ed1e81ba512e06b3
809,2025-09-12,2025/26,Serie A,Fiorentina,Inter,1,0,4,6,10,football-data-csv,2026-08-02 15:27:36,84fec68856f11749262fc1489e661caafffc7dec81100db02cc262abb721b3c3
810,2025-09-12,2025/26,Serie A,Genoa,Genoa,0,1,5,5,10,football-data-csv,2026-08-02 15:27:36,4892e95f7048fab0871231222c07d247509cfd06483e9fffafe986bd3640ae56
811,2025-09-19,2025/26,Serie A,Torino,Roma,1,0,6,4,10,football-data-csv,2026-08-02 15:27:36,2c6541c0fbbf85afdd4831a1e832a8eba150229aca25bdfc8de911adb7cf95d9
812,2025-09-19,2025/26,Serie A,Udinese,Parma,1,0,7,3,10,football-data-csv,2026-08-02 15:27:36,235ec206ed3cfcca92dea73e2cb091f979c68dbf195b8f2026948bbc1b3dcde8
813,2025-09-19,2025/26,Serie A,Venezia,Napoli,1,0,7,3,10,football-data-csv,2026-08-02 15:27:36,e7e28334d61c50653a6c548f386c6dfc42f1cf27d19e2da4bc5e4e24ed05c73a
814,2025-09-19,2025/26,Serie A,Verona,Milan,1,0,6,4,10,football-data-csv,2026-08-02 15:27:36,0ebfd9203d3956add2d13da6037b62fb317c2959ca7578eace904b3402234ef3
815,2025-09-19,2025/26,Serie A,Monza,Lecce,1,0,5,5,10,football-data-csv,2026-08-02 15:27:36,e05422354d5f0148469040cee2b60ccc6024504da86d12041d69884b12f62235
816,2025-09-19,2025/26,Serie A,Bologna,Lazio,0,1,4,6,10,football-data-csv,2026-08-02 15:27:36,104bfeb193d4e184cd7a4fe402ab1151bf8c147780733630c2ae75bb9bc8aad9
817,2025-09-19,2025/26,Serie A,Cagliari,Juventus,1,0,5,4,9,football-data-csv,2026-08-02 15:27:36,13e549aa5b89282295b38c36364d5a223537f5137234bc19dde06635ca01c989
818,2025-09-19,2025/26,Serie A,Como,Inter,1,0,6,3,9,football-data-csv,2026-08-02 15:27:36,1e1c4492a70bc1db76e2cc446b22454698538c7f4887750a07b91cdb3247f566
819,2025-09-19,2025/26,Serie A,Empoli,Genoa,1,0,6,3,9,football-data-csv,2026-08-02 15:27:36,4043345a72fc21edc4c693ea3bdfb549a00e5151b15b7e60a59b2231aff871aa
820,2025-09-19,2025/26,Serie A,Fiorentina,Fiorentina,1,0,5,4,9,football-data-csv,2026-08-02 15:27:36,d0b0f42ba1abe08725029ede1212546193ef09d2fe74ba0f22cf3e351c4765a6
821,2025-09-26,2025/26,Serie A,Roma,Parma,1,0,4,5,9,football-data-csv,2026-08-02 15:27:36,27927a00fdd21fe57a8818928040f365c426da37426733e8344a8bf6cba45b57
822,2025-09-26,2025/26,Serie A,Torino,Napoli,0,1,5,5,10,football-data-csv,2026-08-02 15:27:36,f7c47963b8b0ed752670ee3819ea358e4f2d25c62ea4d71a83310ac330a64aa1
823,2025-09-26,2025/26,Serie A,Udinese,Milan,1,0,6,4,10,football-data-csv,2026-08-02 15:27:36,78f6c3964826617ba8d97d88cfac4a6932475fc1f111e50b43c3705fb394b375
824,2025-09-26,2025/26,Serie A,Venezia,Lecce,1,0,7,3,10,football-data-csv,2026-08-02 15:27:36,1dbb2bcf8ac364eac258989b4081712a2786d79b1855532590cb24ceccd6f3dd
825,2025-09-26,2025/26,Serie A,Verona,Lazio,1,0,6,3,9,football-data-csv,2026-08-02 15:27:36,24c326de81be57bb444ea1b29d1e34a485949ba4901c660826271459b8045521
826,2025-09-26,2025/26,Serie A,Monza,Juventus,1,0,6,4,10,football-data-csv,2026-08-02 15:27:36,c6c46ad50e211172bb40b71ba8a681704c5b8e745c03ef27fdcfbf122d055696
827,2025-09-26,2025/26,Serie A,Bologna,Inter,1,0,4,6,10,football-data-csv,2026-08-02 15:27:36,d53b00a4e69df3d911842d61b4e210457c43938cde3629a5daf17354ef39a52b
828,2025-09-26,2025/26,Serie A,Cagliari,Genoa,0,1,4,6,10,football-data-csv,2026-08-02 15:27:36,e8a51522e6470d5001339ca79fc43e2f769889f1a378c67f791bf3dff578911e
829,2025-09-26,2025/26,Serie A,Como,Fiorentina,1,0,5,5,10,football-data-csv,2026-08-02 15:27:36,6e8928c6844415c44077e083bc80eee707f814a1c5c83422f39e0012c028a83b
830,2025-09-26,2025/26,Serie A,Empoli,Empoli,1,0,6,4,10,football-data-csv,2026-08-02 15:27:36,251f7bcce741370f48b7a245578f46788aa6166e14901d3413e07da54ba273ae
831,2025-10-03,2025/26,Serie A,Parma,Napoli,1,0,7,3,10,football-data-csv,2026-08-02 15:27:36,56353a103c2ad98493b24a428fb1c2ee9001a9bfe2788c6cefa145fcd6ca6f5f
832,2025-10-03,2025/26,Serie A,Roma,Milan,1,0,6,3,9,football-data-csv,2026-08-02 15:27:36,50341e84758b3db3cd90652058a1ea3fb349c75dbd9a18ddd122aa9f14981b98
833,2025-10-03,2025/26,Serie A,Torino,Lecce,1,0,5,4,9,football-data-csv,2026-08-02 15:27:36,1e37f059332ad73c5d0c48eac0dc1384a081d802093ce554076d1654fef9ebb3
834,2025-10-03,2025/26,Serie A,Udinese,Lazio,0,1,4,6,10,football-data-csv,2026-08-02 15:27:36,ac506bc8b175758c3e464c97bbf8049492cbfd1d10b5965dfae034e558d4d146
835,2025-10-03,2025/26,Serie A,Venezia,Juventus,1,0,5,5,10,football-data-csv,2026-08-02 15:27:36,b28281b0133df89d5db49963d8c77b9d0f8b8163052ac996a4fb08173568d08d
836,2025-10-03,2025/26,Serie A,Verona,Inter,1,0,6,4,10,football-data-csv,2026-08-02 15:27:36,27bdaf810f7be29205de5626800558afbc40813fd1c8f505bfed95d34d246057
837,2025-10-03,2025/26,Serie A,Monza,Genoa,1,0,7,3,10,football-data-csv,2026-08-02 15:27:36,52984455b0099b7b0b1d2c7b7aa4807664df44c082d8c744cf206cbfe110f60b
838,2025-10-03,2025/26,Serie A,Bologna,Fiorentina,1,0,6,4,10,football-data-csv,2026-08-02 15:27:36,671104c6e273e8b6806c7c0db3e9cbfef87484b33b3eef01df2e75a4a7dc2983
839,2025-10-03,2025/26,Serie A,Cagliari,Empoli,1,0,5,5,10,football-data-csv,2026-08-02 15:27:36,271f280ccc8bd741b359c1ef3e200804d9105eb77617d29b3cf640389f02201c
840,2025-10-03,2025/26,Serie A,Como,Como,0,1,4,5,9,football-data-csv,2026-08-02 15:27:36,5502993481bc5c0721156ae39a28ca0b9ae1d63dac00af902dee2b908a9dadb7
841,2025-10-10,2025/26,Serie A,Napoli,Milan,1,0,5,5,10,football-data-csv,2026-08-02 15:27:36,63a71d41fa9cb84136e51bbfee3cbbb099a9d499049f1ae08dbdeb817c05bc54
842,2025-10-10,2025/26,Serie A,Parma,Lecce,1,0,6,4,10,football-data-csv,2026-08-02 15:27:36,7231fd357796bd430d76762bc48b4f98adb35c7ba9bc6fe073ae2748b41c1147
843,2025-10-10,2025/26,Serie A,Roma,Lazio,1,0,6,4,10,football-data-csv,2026-08-02 15:27:36,7cf804950d4ad4a037b81ddc688e88845d0b3dd1711d3eeed2f4801bfa234800
844,2025-10-10,2025/26,Serie A,Torino,Juventus,1,0,6,3,9,football-data-csv,2026-08-02 15:27:36,3ece65136e5615812a9c588556532d5b48a1b5fa9bc5aa64130c3cee26ed979e
845,2025-10-10,2025/26,Serie A,Udinese,Inter,1,0,5,4,9,football-data-csv,2026-08-02 15:27:36,268313abf13e8959dd04b7fd373e959816391b5df3a5ae293227536ece6b30a1
846,2025-10-10,2025/26,Serie A,Venezia,Genoa,0,1,5,5,10,football-data-csv,2026-08-02 15:27:36,f1b4456981d8d02b0e22481c9a8fb9d247f944f214bfaaa0a787767fa38bb6fe
847,2025-10-10,2025/26,Serie A,Verona,Fiorentina,1,0,5,5,10,football-data-csv,2026-08-02 15:27:36,2943bb809d165df87891a4af798080ecec05099d07e73e971b98436d210c0deb
848,2025-10-10,2025/26,Serie A,Monza,Empoli,1,0,6,4,10,football-data-csv,2026-08-02 15:27:36,67930c0bea171664f69ae879ce66298cc7b0d876cc08352dde96ab17d2199b83
849,2025-10-10,2025/26,Serie A,Bologna,Como,1,0,6,4,10,football-data-csv,2026-08-02 15:27:36,13f17b74ab1d826dece68836290a95a0b2a4623043daa21bb92d7a53f4a866d9
850,2025-10-10,2025/26,Serie A,Cagliari,Cagliari,1,0,7,3,10,football-data-csv,2026-08-02 15:27:36,4558152b9e6fa9b22792febefdf481312e6c4d91c0ade588d6748a68cb7a7bc1
851,2025-10-17,2025/26,Serie A,Milan,Lecce,1,0,6,4,10,football-data-csv,2026-08-02 15:27:36,415d0061dc2fd4ed8e68b15fc507ec1bbc6cf32119c04d5611911632d6346e48
852,2025-10-17,2025/26,Serie A,Napoli,Lazio,0,1,4,5,9,football-data-csv,2026-08-02 15:27:36,bb0969d8003f4a7dad4b9d07147bee63454c62b796e581b35de85d95814cedb2
853,2025-10-17,2025/26,Serie A,Parma,Juventus,1,0,4,6,10,football-data-csv,2026-08-02 15:27:36,838447f933ac4a301edec765add3e2fb7ff81b4fc4443f43c3441f1038ea7178
854,2025-10-17,2025/26,Serie A,Roma,Inter,1,0,5,5,10,football-data-csv,2026-08-02 15:27:36,6f14bc72db6f80a26678dd93481d85e62296868f913cf44057950bef7b37ab7e
855,2025-10-17,2025/26,Serie A,Torino,Genoa,1,0,6,4,10,football-data-csv,2026-08-02 15:27:36,d90fa7896942c8303f90856d0c2c40ab5193541db3cdd6868a9b6b4ead1aef0c
856,2025-10-17,2025/26,Serie A,Udinese,Fiorentina,1,0,7,3,10,football-data-csv,2026-08-02 15:27:36,6a1d6112390964d42ab6bc33c30f67e115f7f68ffa764bdc89b78cea6275b933
857,2025-10-17,2025/26,Serie A,Venezia,Empoli,1,0,6,3,9,football-data-csv,2026-08-02 15:27:36,a10d3df8b73cdd38593e43858b8de51a3ba3643b5b841714707d59d7a55eaf7a
858,2025-10-17,2025/26,Serie A,Verona,Como,1,0,5,4,9,football-data-csv,2026-08-02 15:27:36,75f83bb4ccc66e960a8c47d029ad08aa23046d058d74f361ed31ad425ffbcdf5
859,2025-10-17,2025/26,Serie A,Monza,Cagliari,1,0,5,5,10,football-data-csv,2026-08-02 15:27:36,26b9b7b04b995344ed82a5c868c38aa246daa163dd357dbaa253bc2448e7c1aa
860,2025-10-17,2025/26,Serie A,Bologna,Bologna,1,0,5,5,10,football-data-csv,2026-08-02 15:27:36,ea64f2efbb2861af459666faea2971fda8a7a91532f12fa28225ee01c4ac6ab2
861,2025-10-24,2025/26,Serie A,Lecce,Lazio,0,1,5,5,10,football-data-csv,2026-08-02 15:27:36,35ed899b454573db467cbb5c8b86d5aa64b38059ee170821edb69b5d50a4cdfc
862,2025-10-24,2025/26,Serie A,Milan,Juventus,1,0,6,4,10,football-data-csv,2026-08-02 15:27:36,4f4122af5c2abe4859a7474012ba71d449e007114019f2d7836490bad2ecf8da
863,2025-10-24,2025/26,Serie A,Napoli,Inter,1,0,6,4,10,football-data-csv,2026-08-02 15:27:36,b5b27609029e4358e4fcc21e8d4767100789e3c1c7e66f246b355709359d188e
864,2025-10-24,2025/26,Serie A,Parma,Genoa,0,1,5,5,10,football-data-csv,2026-08-02 15:27:36,fb32cd54d0c5f0b25ec8d9088d8d71e394ad16d2b8f6642288f9d3bd0e207571
865,2025-10-24,2025/26,Serie A,Roma,Fiorentina,1,0,4,5,9,football-data-csv,2026-08-02 15:27:36,bb725425ed4a09d2f785c06bc733f90d8537a1f9b4e4564494a18c8b248e1c5a
866,2025-10-24,2025/26,Serie A,Torino,Empoli,1,0,4,5,9,football-data-csv,2026-08-02 15:27:36,64fd67e5141d386d40797c9c444f94a345f7bc6ce6224dc6cd4487992b6809cd
867,2025-10-24,2025/26,Serie A,Udinese,Como,1,0,6,4,10,football-data-csv,2026-08-02 15:27:36,0dabb091944b5e2dc8fb3f520c88a2d0e98f08edbb63e3d81b5496d72a8ae334
868,2025-10-24,2025/26,Serie A,Venezia,Cagliari,1,0,7,3,10,football-data-csv,2026-08-02 15:27:36,7759f81620a46af2d827026af6e440a7748bd9e4e02ea358b9b14026b12c198b
869,2025-10-24,2025/26,Serie A,Verona,Bologna,1,0,7,3,10,football-data-csv,2026-08-02 15:27:36,d6b097429c5e5cd4656e201a8bc7c268330720283b3816b73f0bc06a7b51b64f
870,2025-10-24,2025/26,Serie A,Monza,Monza,1,0,6,4,10,football-data-csv,2026-08-02 15:27:36,8a8a4e47f155e2a28355184197b0d7dcc9de8d452751ffa302f1cf35451bff7a
871,2025-10-31,2025/26,Serie A,Lazio,Juventus,1,0,5,5,10,football-data-csv,2026-08-02 15:27:36,da2cb718550a408e33ab099e3b17edabbffc47df50933a549a6ca1f7e9eec8fc
872,2025-10-31,2025/26,Serie A,Lecce,Inter,1,0,4,6,10,football-data-csv,2026-08-02 15:27:36,478024626895d86558f3b6299629c41b258c9d53e810be6126fc6a8e76a4cc84
873,2025-10-31,2025/26,Serie A,Milan,Genoa,0,1,5,5,10,football-data-csv,2026-08-02 15:27:36,b86f3bad5d3e0df0e1e62f0adf0a00061b4967687d2a91071731bcd551ffe9c2
874,2025-10-31,2025/26,Serie A,Napoli,Fiorentina,1,0,6,4,10,football-data-csv,2026-08-02 15:27:36,f4c1bad301420f1012728333c6b5cc499cc8a7c8b4877af680c824ffc7cd067e
875,2025-10-31,2025/26,Serie A,Parma,Empoli,1,0,7,3,10,football-data-csv,2026-08-02 15:27:36,d2c37751253feed83a7d4a7e4a2d1f3fdae5147ba3349d7d413d9590b3d8915a
876,2025-10-31,2025/26,Serie A,Roma,Como,1,0,6,4,10,football-data-csv,2026-08-02 15:27:36,fccc36409667611a0b71cc03586060afa5e5a8be6bcfc4f2db8d48618bf353b7
877,2025-10-31,2025/26,Serie A,Torino,Cagliari,1,0,5,5,10,football-data-csv,2026-08-02 15:27:36,c6b352c1ef1aeffa1efa483a0865591da2899ac8c3d4c951dc334e20ca412dea
878,2025-10-31,2025/26,Serie A,Udinese,Bologna,1,0,5,5,10,football-data-csv,2026-08-02 15:27:36,87f3b0c01befa68b6cf8f8e96c8fc4d1af1d05e26d721727ae77c21f6cebb1e9
879,2025-10-31,2025/26,Serie A,Venezia,Monza,0,1,5,5,10,football-data-csv,2026-08-02 15:27:36,757c37ec0fe5dcc2d62c584cbc353c00d0b3af062b9b65c3d2ad38124f37f07b
880,2025-10-31,2025/26,Serie A,Verona,Verona,1,0,6,4,10,football-data-csv,2026-08-02 15:27:36,6b0e5e8c9f7d1b05f37d05a75650943b5957ea13dc97280e0abbc85ae43bf714
881,2025-11-07,2025/26,Serie A,Juventus,Inter,1,0,7,3,10,football-data-csv,2026-08-02 15:27:36,5319fe97bd97953358f97f9613e995318bdaa8ad51d7f5b5c873fd2539d658d3
882,2025-11-07,2025/26,Serie A,Lazio,Genoa,1,0,6,3,9,football-data-csv,2026-08-02 15:27:36,474b7e0a54052e7064a0ebcca43b7b19e5936f33017c98d5cdeaf95cacfde473
883,2025-11-07,2025/26,Serie A,Lecce,Fiorentina,1,0,5,5,10,football-data-csv,2026-08-02 15:27:36,893d4156233ddebf06275d31a38d86dddf55606fbb0c7f7a5ad85588b80c4fba
884,2025-11-07,2025/26,Serie A,Milan,Empoli,1,0,4,6,10,football-data-csv,2026-08-02 15:27:36,345bdf123b0e13cbd034cfec05176137610679ece7addb66667aeff7dadbf38e
885,2025-11-07,2025/26,Serie A,Napoli,Como,0,1,4,5,9,football-data-csv,2026-08-02 15:27:36,317cb7e40c5904172713ee6ec6f464a1f8f855d8c19af1a7e6dedad74c2a2808
886,2025-11-07,2025/26,Serie A,Parma,Cagliari,1,0,6,4,10,football-data-csv,2026-08-02 15:27:36,f1d8012b69801d432f862df34851673ae2cd4872c4e932588bea8c5894dcaa7d
887,2025-11-07,2025/26,Serie A,Roma,Bologna,1,0,7,3,10,football-data-csv,2026-08-02 15:27:36,e0596dde2d1e7f18d7d251cf9969a0d549a7d52f45c92198aa660e5d79159c2b
888,2025-11-07,2025/26,Serie A,Torino,Monza,1,0,6,3,9,football-data-csv,2026-08-02 15:27:36,f1bdc0d30a50e20ce539ec270fd47b1444fa952ab39906b7ce6255ddb11f412e
889,2025-11-07,2025/26,Serie A,Udinese,Verona,1,0,5,4,9,football-data-csv,2026-08-02 15:27:36,723f9c72ebe02e40cc889c73dd8431103996324f3953900da62a974007d24b4b
890,2025-11-07,2025/26,Serie A,Venezia,Venezia,1,0,4,5,9,football-data-csv,2026-08-02 15:27:36,dfd9c4d4502de324a1d70a78abd44cef92619bb23dd9df6cccfcc74794192f37
891,2025-11-14,2025/26,Serie A,Inter,Genoa,0,1,4,5,9,football-data-csv,2026-08-02 15:27:36,72dbb2b1942a81cb251d9a1fbbc7475fe43379a71743a98fa6c18d8a8fc6b74a
892,2025-11-14,2025/26,Serie A,Juventus,Fiorentina,1,0,5,4,9,football-data-csv,2026-08-02 15:27:36,849e88c8d835a027d37eb10adff507beeec3e1d29ee5244d7be0234eb7951168
893,2025-11-14,2025/26,Serie A,Lazio,Empoli,1,0,7,3,10,football-data-csv,2026-08-02 15:27:36,c639ec2ab2a107cb0af6b7efdc01a591559aee20d4b8467acb8df689a4f4a6d3
894,2025-11-14,2025/26,Serie A,Lecce,Como,1,0,6,3,9,football-data-csv,2026-08-02 15:27:36,3fc4834d9503e96dbbd2715e72fe0cc5466f53254da1b8f97474b3a54edd7e6d
895,2025-11-14,2025/26,Serie A,Milan,Cagliari,1,0,6,4,10,football-data-csv,2026-08-02 15:27:36,2c06892a0e9decbfdc2e1efceef895dfe4f1fabffd7ded4a3c047f8265d3758f
896,2025-11-14,2025/26,Serie A,Napoli,Bologna,1,0,5,5,10,football-data-csv,2026-08-02 15:27:36,0396650d8a6cacbbd7ddb43c159916501b9d1238bba51f3e028455afa86fc0a8
897,2025-11-14,2025/26,Serie A,Parma,Monza,0,1,4,6,10,football-data-csv,2026-08-02 15:27:36,798159849ade8fa5c0863496c2a498f76ef253cd6bdca8522bedd154c789c1ad
898,2025-11-14,2025/26,Serie A,Roma,Verona,1,0,5,5,10,football-data-csv,2026-08-02 15:27:36,5c586d165d14aa361778d76a787d8426c6411e1a882108c64edf8c8eb2d3900b
899,2025-11-14,2025/26,Serie A,Torino,Venezia,1,0,6,4,10,football-data-csv,2026-08-02 15:27:36,f2b7c9a9624959c528748b667da5d9b436545b76894efd65a781bf30d2d094d9
900,2025-11-14,2025/26,Serie A,Udinese,Udinese,1,0,7,3,10,football-data-csv,2026-08-02 15:27:36,9386ebc89adfe20209498cb1a90d5cf5b9e28bb9c942cb02378ba3652a452574
901,2025-11-21,2025/26,Serie A,Genoa,Fiorentina,1,0,6,3,9,football-data-csv,2026-08-02 15:27:36,3e992b8c8ae7bc7906434418fc0d7e4cbb930a52c388b668ed5c440e7b36c8c1
902,2025-11-21,2025/26,Serie A,Inter,Empoli,1,0,5,4,9,football-data-csv,2026-08-02 15:27:36,527c6997323370ff4d1b68ab10e3d2129d38ee42820b53d2e74f83f4455c1abb
903,2025-11-21,2025/26,Serie A,Juventus,Como,0,1,5,5,10,football-data-csv,2026-08-02 15:27:36,ae3bf358e6dac724568e68de6a1c666267d9a28707cb33fe3b2e05b81ce24627
904,2025-11-21,2025/26,Serie A,Lazio,Cagliari,1,0,5,4,9,football-data-csv,2026-08-02 15:27:36,57d03f1d752e57f55c29a12cb1558b98ebe8c3f057ad05299d9fd30308f7211e
905,2025-11-21,2025/26,Serie A,Lecce,Bologna,1,0,6,4,10,football-data-csv,2026-08-02 15:27:36,cd432df8adfe0d45b42f09e82bb63703df996783fa192dd70be9dbeb7d9fb4d8
906,2025-11-21,2025/26,Serie A,Milan,Monza,1,0,6,4,10,football-data-csv,2026-08-02 15:27:36,49db7cc31e195d39498ad1217bfc669a5541eee778eb50be20afdf11b7443f81
907,2025-11-21,2025/26,Serie A,Napoli,Verona,1,0,6,4,10,football-data-csv,2026-08-02 15:27:36,b5b60908a891600e96bd08ce0e7ac17697634160b238e0069099e1fa313f1af1
908,2025-11-21,2025/26,Serie A,Parma,Venezia,1,0,5,5,10,football-data-csv,2026-08-02 15:27:36,068b9f64e38fa984c187be712906924414713949d41d76b869e6b76776c0d021
909,2025-11-21,2025/26,Serie A,Roma,Udinese,0,1,4,5,9,football-data-csv,2026-08-02 15:27:36,8fc9867a8acb96e9fbbf18b8e49d69565d756b355088f5b97ec384b41b704690
910,2025-11-21,2025/26,Serie A,Torino,Torino,1,0,4,5,9,football-data-csv,2026-08-02 15:27:36,574c99401ca0d225c7f56b8d1fca05b6af8c689dca1f97de5097e0d6f1a50eb9
911,2025-11-28,2025/26,Serie A,Fiorentina,Empoli,1,0,5,4,9,football-data-csv,2026-08-02 15:27:36,e8be4c858a6cd7a789339f2a5c9dea154f0e5a80f9d66176317c65646bfa6986
912,2025-11-28,2025/26,Serie A,Genoa,Como,1,0,7,3,10,football-data-csv,2026-08-02 15:27:36,a559a252df1a544c34b0da26c02cf25d6b1cd79ad68a0925c43511c88a3205dd
913,2025-11-28,2025/26,Serie A,Inter,Cagliari,1,0,7,3,10,football-data-csv,2026-08-02 15:27:36,265e547961d242e16fd5600ed04ad3de5f6a477e1be0ebc3fcbbaf305a32fd80
914,2025-11-28,2025/26,Serie A,Juventus,Bologna,1,0,6,3,9,football-data-csv,2026-08-02 15:27:36,1b6b2df49baf6932cf3511ba57b84abaa60dceb17db72dd04d2165f0b8e832ab
915,2025-11-28,2025/26,Serie A,Lazio,Monza,0,1,5,5,10,football-data-csv,2026-08-02 15:27:36,a8582f4aea9be4d91dd89d5ec0778e65aa797aaaf905f47bb4c650dcc84e40fe
916,2025-11-28,2025/26,Serie A,Lecce,Verona,1,0,4,6,10,football-data-csv,2026-08-02 15:27:36,9dae2e130c15c6c9bbf967286409ac2aa776988abc7e800002a0d1bd3783c58a
917,2025-11-28,2025/26,Serie A,Milan,Venezia,1,0,5,5,10,football-data-csv,2026-08-02 15:27:36,de75d37ea90e7a4fcba2435f448ea61e672b3be2ab763a54a1ae6580d4a61d76
918,2025-11-28,2025/26,Serie A,Napoli,Udinese,1,0,6,4,10,football-data-csv,2026-08-02 15:27:36,094e0a3a5764fe08cd6dc64a90e8374cdaf912ef8b5704b140fb1ae3eff0f092
919,2025-11-28,2025/26,Serie A,Parma,Torino,1,0,6,3,9,football-data-csv,2026-08-02 15:27:36,ad66e78cb23dfddd7cb42b8016acedcfe04fc1343a764ce43ba640f1d20ee27c
920,2025-11-28,2025/26,Serie A,Roma,Roma,1,0,6,4,10,football-data-csv,2026-08-02 15:27:36,3220b2c616a1e7bf9deee1ea783347d03d14cb92a93f89734a248060ac27e6ef
921,2025-12-05,2025/26,Serie A,Empoli,Como,0,1,5,5,10,football-data-csv,2026-08-02 15:27:36,1edcbccdb4717cc5f569b7d73c7bb0a7a9893e23218c973d5c6742ef267a38c6
922,2025-12-05,2025/26,Serie A,Fiorentina,Cagliari,1,0,4,5,9,football-data-csv,2026-08-02 15:27:36,847019b7ea5ef8bc0a03e32f0e66a3f6d476b17919245ed542ba835e1368e206
923,2025-12-05,2025/26,Serie A,Genoa,Bologna,1,0,5,5,10,football-data-csv,2026-08-02 15:27:36,bf3c8469758554dc10b1b9d90b4ae4b53198bb8b426fc911bd2a5bcf4b960c32
924,2025-12-05,2025/26,Serie A,Inter,Monza,1,0,6,4,10,football-data-csv,2026-08-02 15:27:36,bcf1c9a8cd5a43fad57b8d6b89c6039be98ea3803aa43e01bf2f50277f88794a
925,2025-12-05,2025/26,Serie A,Juventus,Verona,1,0,7,3,10,football-data-csv,2026-08-02 15:27:36,b3fcb369542e1c764b62e864184a8de1fa9c1445e3c9b7dbfe7196c857184cbf
926,2025-12-05,2025/26,Serie A,Lazio,Venezia,1,0,6,3,9,football-data-csv,2026-08-02 15:27:36,8c33315a898dd2d06a854a70e4834d96fc9a993cba29e5b2130e555290eb3602
927,2025-12-05,2025/26,Serie A,Lecce,Udinese,0,1,5,5,10,football-data-csv,2026-08-02 15:27:36,f97ca4f3e553bda6b06973f6cc1fcde0f2e5ab68c8c998785dc6f684e532a338
928,2025-12-05,2025/26,Serie A,Milan,Torino,1,0,4,6,10,football-data-csv,2026-08-02 15:27:36,3462b16212fef10c5f452f02c75970853cd19a9155c0ab6ac852dcfeb7234d91
929,2025-12-05,2025/26,Serie A,Napoli,Roma,1,0,4,5,9,football-data-csv,2026-08-02 15:27:36,c46e19387759b23627eb8a68c5a624b38ac89547758490084d5ddcb442021553
930,2025-12-05,2025/26,Serie A,Parma,Parma,1,0,6,4,10,football-data-csv,2026-08-02 15:27:36,7238419b29407976e8190c459f7f4d28a2e80c4736e047d29e586731293d2eb0
931,2025-12-12,2025/26,Serie A,Como,Cagliari,1,0,7,3,10,football-data-csv,2026-08-02 15:27:36,b5ff302ee82445e88bc7e9b4e8b9b9d963ba8e3fc725e32e70213deeaf99a6d5
932,2025-12-12,2025/26,Serie A,Empoli,Bologna,1,0,7,3,10,football-data-csv,2026-08-02 15:27:36,ec41eda9bdc2b0b71a15a81b8133b708defdd32f4ee378ed045f5b0f69d1dea5
933,2025-12-12,2025/26,Serie A,Fiorentina,Monza,1,0,5,4,9,football-data-csv,2026-08-02 15:27:36,d26d5fbe068e162a9074249003234818d338a64783c1e947eb06297e79a97427
934,2025-12-12,2025/26,Serie A,Genoa,Verona,1,0,4,5,9,football-data-csv,2026-08-02 15:27:36,be8e0913f9484242e8c9bdd2c13d1644d7ae7e731ef5a8f5431b50dd2a42372f
935,2025-12-12,2025/26,Serie A,Inter,Venezia,1,0,4,5,9,football-data-csv,2026-08-02 15:27:36,056373a45182f1670c790ee43c0da8702523b69ea45d094e80e510aa295f272e
936,2025-12-12,2025/26,Serie A,Juventus,Udinese,1,0,5,4,9,football-data-csv,2026-08-02 15:27:36,1b9ddcb3acfde9cd506b05de1316b349c858368c46264f0ae16c71b91ebb0470
937,2025-12-12,2025/26,Serie A,Lazio,Torino,1,0,7,3,10,football-data-csv,2026-08-02 15:27:36,8cb8e02ac47e3e92e4dc555ac9163fb1554b06a59ed72da60d41eca237e47a47
938,2025-12-12,2025/26,Serie A,Lecce,Roma,1,0,6,3,9,football-data-csv,2026-08-02 15:27:36,0352e2230788322c8f3875d11e108c564262bd2156899aca4ce33125cb166574
939,2025-12-12,2025/26,Serie A,Milan,Parma,1,0,6,4,10,football-data-csv,2026-08-02 15:27:36,60432816cecb529bc4bf3352582de30bda9cda64f41dc14efa13dc3810f75512
940,2025-12-12,2025/26,Serie A,Napoli,Napoli,1,0,5,5,10,football-data-csv,2026-08-02 15:27:36,8984f754724d67df0e03b4b44e8ca08f2295e6ba65d7aa9adf92212db633a437
941,2025-12-19,2025/26,Serie A,Cagliari,Bologna,1,0,4,5,9,football-data-csv,2026-08-02 15:27:36,2cdfa1d3192e9bfa966b8ff054a4ac080be616b1f70e6dde66266e9db106cbf0
942,2025-12-19,2025/26,Serie A,Como,Monza,0,1,4,5,9,football-data-csv,2026-08-02 15:27:36,bd960b6fcbb423b25b340a078cfa39e08a77858517d2d034d9804d837bc29f51
943,2025-12-19,2025/26,Serie A,Empoli,Verona,1,0,6,4,10,football-data-csv,2026-08-02 15:27:36,7403307e6f9d903f526071c17d1973affda49545869a56a4f00c7e2b8253790d
944,2025-12-19,2025/26,Serie A,Fiorentina,Venezia,1,0,6,3,9,football-data-csv,2026-08-02 15:27:36,6f58e59df277dc63fbba50dc6d018996cd309f90e33d713293267a42a95cfaa8
945,2025-12-19,2025/26,Serie A,Genoa,Udinese,1,0,6,4,10,football-data-csv,2026-08-02 15:27:36,2ff73f4f8e29d0ccad32eaa496cbba21ebc4c8319b3e21bf078f5e94b7389c32
946,2025-12-19,2025/26,Serie A,Inter,Torino,1,0,5,4,9,football-data-csv,2026-08-02 15:27:36,ad948191a7d99bc3fd45d8ede05686744048e73a4e94f336da903885fcf7ac44
947,2025-12-19,2025/26,Serie A,Juventus,Roma,1,0,5,5,10,football-data-csv,2026-08-02 15:27:36,8a24ed251ac15be15c31b1eca296762f3ca3d9f5f626ae4739c36e7d9929641c
948,2025-12-19,2025/26,Serie A,Lazio,Parma,0,1,5,5,10,football-data-csv,2026-08-02 15:27:36,9aba98a164d53baa5fd7a42a0ea4c33cf3b0d2664edf10b47ae36f4b12474eea
949,2025-12-19,2025/26,Serie A,Lecce,Napoli,1,0,6,4,10,football-data-csv,2026-08-02 15:27:36,b503ef31217d65d9e9fc87d99021e2672a2e58694ec9b76f4d6477894d31ac4e
950,2025-12-19,2025/26,Serie A,Milan,Milan,1,0,7,3,10,football-data-csv,2026-08-02 15:27:36,4dc49177ef3c025c425affac234c68efbb266a3dc0b2b90efc43a7f5c9d15c56
951,2025-12-26,2025/26,Serie A,Monza,Bologna,1,0,7,3,10,football-data-csv,2026-08-02 15:27:36,dc271f6c30fc39da33ca7dafea0e316673e8f29f892be6ab00fff9b4504ae4e0
952,2025-12-26,2025/26,Serie A,Verona,Cagliari,1,0,6,4,10,football-data-csv,2026-08-02 15:27:36,f8b3a7a30e9730ac65c50ae3be22a2a434deb55679063118f32a83f35bde0d96
953,2025-12-26,2025/26,Serie A,Venezia,Como,1,0,5,5,10,football-data-csv,2026-08-02 15:27:36,2d4aa311a77c1e22284210afa96ddcdf637116070c8a3f1eeed4b671a482e1b5
954,2025-12-26,2025/26,Serie A,Udinese,Empoli,0,1,5,5,10,football-data-csv,2026-08-02 15:27:36,5e76b6e79889d2fb8f1adce679499d72bfb13a132eadf10c9dd8580d23f82382
955,2025-12-26,2025/26,Serie A,Torino,Fiorentina,1,0,5,4,9,football-data-csv,2026-08-02 15:27:36,bbfe3155d8fcb818f38c9704fb0dccab5da62b445e7ebc54e81e84b94c3cd2c4
956,2025-12-26,2025/26,Serie A,Roma,Genoa,1,0,6,3,9,football-data-csv,2026-08-02 15:27:36,368ec52e7a1461e49a41c3afc7e7b41af0f3de7c6ddd9fe892e4774cffa30276
957,2025-12-26,2025/26,Serie A,Parma,Inter,1,0,6,3,9,football-data-csv,2026-08-02 15:27:36,3a0566fea42772b20a1744c7536c73b2484c435c9d42648390924b3639c6fb10
958,2025-12-26,2025/26,Serie A,Napoli,Juventus,1,0,5,4,9,football-data-csv,2026-08-02 15:27:36,4634698fbb44a2ca025ed46c4ca7c80aeb542f48a8124cdf1acbbbccc984bb20
959,2025-12-26,2025/26,Serie A,Milan,Lazio,1,0,4,6,10,football-data-csv,2026-08-02 15:27:36,3bf59d11bebc45fa3c152f930660d0b237652f30e45b00a185caca639cb6e585
960,2025-12-26,2025/26,Serie A,Lecce,Lecce,0,1,4,5,9,football-data-csv,2026-08-02 15:27:36,18daed1fdc254d6c3ade04cbc022b4c5db42ede7a3cb861db23e332b1ace3f0b
961,2026-01-02,2025/26,Serie A,Verona,Monza,1,0,5,5,10,football-data-csv,2026-08-02 15:27:36,f33d74d40a9735e1614a94e62cca1bc8a73b47cf65742dfc5ebc4d4ca517e4a7
962,2026-01-02,2025/26,Serie A,Venezia,Bologna,1,0,7,3,10,football-data-csv,2026-08-02 15:27:36,ac7b91cc29bf997a8e803746d0eebff08bd3692a6c584f5cb6fd3304b9e7c703
963,2026-01-02,2025/26,Serie A,Udinese,Cagliari,1,0,7,3,10,football-data-csv,2026-08-02 15:27:36,d3e653ad2d062f6b3b07b5b0507c3fca3351b9e1f1f8a3d0897f948f784bb9d0
964,2026-01-02,2025/26,Serie A,Torino,Como,1,0,6,3,9,football-data-csv,2026-08-02 15:27:36,d30d69c3e84f8f4926bf0cfc4a1998f8c1573ea43b127062dd6fd6876dc4d5df
965,2026-01-02,2025/26,Serie A,Roma,Empoli,1,0,5,5,10,football-data-csv,2026-08-02 15:27:36,13fd80a3d9cdb4437040545b5ca62000dba5e9215f3803525086bcc0d8cc076e
966,2026-01-02,2025/26,Serie A,Parma,Fiorentina,0,1,4,6,10,football-data-csv,2026-08-02 15:27:36,32df16b820d323d29098b79c3d90d6fdf750d82d7c575e67c4f0308c5d76875b
967,2026-01-02,2025/26,Serie A,Napoli,Genoa,1,0,4,5,9,football-data-csv,2026-08-02 15:27:36,332cdb90cf42da1852c99de8a3643d99784302c9b89581cf058ee863d4272818
968,2026-01-02,2025/26,Serie A,Milan,Inter,1,0,5,4,9,football-data-csv,2026-08-02 15:27:36,7cbec2f8f4c214f2359ce1d45d66973b43baa6bd99ba0e0225a6d7e5dad2cf11
969,2026-01-02,2025/26,Serie A,Lecce,Juventus,1,0,6,4,10,football-data-csv,2026-08-02 15:27:36,190a37ba393641a89d7463e77ff3916b85eb04b9fc54fcda0de0f5a7800652ba
970,2026-01-02,2025/26,Serie A,Lazio,Lazio,1,0,6,3,9,football-data-csv,2026-08-02 15:27:36,74be146332645464ffe2fac5e7b3993d16e1727a643b827f5266a58c3fce0b5d
971,2026-01-09,2025/26,Serie A,Venezia,Verona,1,0,5,5,10,football-data-csv,2026-08-02 15:27:36,ead95afbdb124f0bde85024b54589e43fc6ab51f5cd7b64293c18a458b149beb
972,2026-01-09,2025/26,Serie A,Udinese,Monza,0,1,4,6,10,football-data-csv,2026-08-02 15:27:36,0d63699198342d49e4c61fd9b59bff3fe3871a29e11cdad485e3cc63a13e6f99
973,2026-01-09,2025/26,Serie A,Torino,Bologna,1,0,5,5,10,football-data-csv,2026-08-02 15:27:36,b1e22249b3202b874fa389481f8bec51e0eea6d4822916a6c0504431b498604b
974,2026-01-09,2025/26,Serie A,Roma,Cagliari,1,0,6,4,10,football-data-csv,2026-08-02 15:27:36,48a012e9b8a81b9dee1ee9c66a83ed127b17d83bd3a85dafc62df64e52c18857
975,2026-01-09,2025/26,Serie A,Parma,Como,1,0,6,3,9,football-data-csv,2026-08-02 15:27:36,752dbe8ca827bcd2a411329767a8b125f53414170985d9a731f8de395b07ff16
976,2026-01-09,2025/26,Serie A,Napoli,Empoli,1,0,6,3,9,football-data-csv,2026-08-02 15:27:36,e6e11790c10f396e51956795cfd743b3cb9979552da1ba5dac23fe393bafdea1
977,2026-01-09,2025/26,Serie A,Milan,Fiorentina,1,0,5,4,9,football-data-csv,2026-08-02 15:27:36,28a7b1033ccaf771f110bbd70f634d90debc583b377b45800b58d99a38a10417
978,2026-01-09,2025/26,Serie A,Lecce,Genoa,0,1,4,6,10,football-data-csv,2026-08-02 15:27:36,ba94e92f83dd7d0d6c9af7ab2c65951ffa616f557679f2f239223f32837df2ab
979,2026-01-09,2025/26,Serie A,Lazio,Inter,1,0,4,5,9,football-data-csv,2026-08-02 15:27:36,9adb7595f531666773164bde49643df96e7c1848fa5b5b73cf8f4c6a9ea8976d
980,2026-01-09,2025/26,Serie A,Juventus,Juventus,1,0,5,4,9,football-data-csv,2026-08-02 15:27:36,1daafa920f1e36d4c4f031017d9466adb9bd5769edc57a67da5dac395cca042b
981,2026-01-16,2025/26,Serie A,Udinese,Venezia,1,0,6,3,9,football-data-csv,2026-08-02 15:27:36,2cb75844578e4683b17281673daa4559b565bcc40459a1905a0e170628129498
982,2026-01-16,2025/26,Serie A,Torino,Verona,1,0,6,3,9,football-data-csv,2026-08-02 15:27:36,90944616d6244deffe2da1e9878abf679a34da98c7859249cf5c1a42ebd20806
983,2026-01-16,2025/26,Serie A,Roma,Monza,1,0,5,4,9,football-data-csv,2026-08-02 15:27:36,9edd6456917a6be32bc9a506f68188e65558119888a1eadd70c3f78e8fc93d83
984,2026-01-16,2025/26,Serie A,Parma,Bologna,0,1,5,5,10,football-data-csv,2026-08-02 15:27:36,7051845da01669ff866e189cb5590a306634e0c5b97d9d9a9c493c1df7fd8080
985,2026-01-16,2025/26,Serie A,Napoli,Cagliari,1,0,4,5,9,football-data-csv,2026-08-02 15:27:36,41a20973611cc9a35975cc815da2ba0ea7e4f8dfbf5523f864817de80e4afa3e
986,2026-01-16,2025/26,Serie A,Milan,Como,1,0,5,5,10,football-data-csv,2026-08-02 15:27:36,e599c74be6a8aa28127fbbe68635e9dbc024a9a3fe189e09b3298d2f5331198e
987,2026-01-16,2025/26,Serie A,Lecce,Empoli,1,0,6,4,10,football-data-csv,2026-08-02 15:27:36,cd86b6f5e01ad6cd351a71d6dc3b159923cd3c13ecb6433b621bb435d133369a
988,2026-01-16,2025/26,Serie A,Lazio,Fiorentina,1,0,7,3,10,football-data-csv,2026-08-02 15:27:36,6285629c41432aa5b6ab222130676c7c233fe3f26ed7153b4c5e6f56979e0204
989,2026-01-16,2025/26,Serie A,Juventus,Genoa,1,0,6,3,9,football-data-csv,2026-08-02 15:27:36,10188668961c9544baea1b136b8b55d34adb0acd3fe8487bed380e7c6f887528
990,2026-01-16,2025/26,Serie A,Inter,Inter,0,1,5,5,10,football-data-csv,2026-08-02 15:27:36,090fcddacf42c5f68dd73816687d30d21be0d805d585939f7764d4e2fae538fa
991,2026-01-23,2025/26,Serie A,Torino,Udinese,1,0,4,5,9,football-data-csv,2026-08-02 15:27:36,7f59ecbbc718a29057b29e795762bf713c03eb393cfcf57153ea0729936d4925
992,2026-01-23,2025/26,Serie A,Roma,Venezia,1,0,4,5,9,football-data-csv,2026-08-02 15:27:36,13f87c0b2906795958e77af040ad27e95cc8b8c7374c6f945b44d82bcce2b08a
993,2026-01-23,2025/26,Serie A,Parma,Verona,1,0,5,4,9,football-data-csv,2026-08-02 15:27:36,29950215a358844d6e0c0b21e536dd4da040fd4fd1bbe7e2a6f87d5cf2e04187
994,2026-01-23,2025/26,Serie A,Napoli,Monza,1,0,6,4,10,football-data-csv,2026-08-02 15:27:36,b73a0d76664e74d7d28dd009f7ec1960570256d779370f31f089901f403ad5c6
995,2026-01-23,2025/26,Serie A,Milan,Bologna,1,0,6,3,9,football-data-csv,2026-08-02 15:27:36,ba0e7b75b40648757c588b3cc3350ef1e537f99130ca162b9a2067ca5f2bccf2
996,2026-01-23,2025/26,Serie A,Lecce,Cagliari,1,0,5,4,9,football-data-csv,2026-08-02 15:27:36,efce6247d9da89c02604941c73210f7f9a46d6ffc0cf5cb83392bce74dd93b43
997,2026-01-23,2025/26,Serie A,Lazio,Como,1,0,5,5,10,football-data-csv,2026-08-02 15:27:36,8e9049064a34304680743499d0713cbd39d9cfbdc8d0d3c6cb89e56c6f244885
998,2026-01-23,2025/26,Serie A,Juventus,Empoli,1,0,5,5,10,football-data-csv,2026-08-02 15:27:36,22697eccdba24c9007536235fb85367611edc478b55dafb42a19dedf19b675e5
999,2026-01-23,2025/26,Serie A,Inter,Fiorentina,1,0,6,4,10,football-data-csv,2026-08-02 15:27:36,cf7b652c4ee37c1c484a20f79ed04ee052c1816e538f48e6539784b2c41e7d2d
1000,2026-01-23,2025/26,Serie A,Genoa,Genoa,1,0,6,3,9,football-data-csv,2026-08-02 15:27:36,efdba726dea5e8684492c833006f3bd6ffec8ae16e77d166a0757797a2c6ffba
1001,2026-01-30,2025/26,Serie A,Roma,Torino,1,0,6,3,9,football-data-csv,2026-08-02 15:27:36,ff411c5cb30a0d3131fce8b3fc3155dd1803b328ecdcb81d50e2bfa00ecbbd5f
1002,2026-01-30,2025/26,Serie A,Parma,Udinese,1,0,5,4,9,football-data-csv,2026-08-02 15:27:36,aada6461193357a068b78209e37f631bd37eaa0a9aedd9f5fed889d6953d6d76
1003,2026-01-30,2025/26,Serie A,Napoli,Venezia,1,0,4,5,9,football-data-csv,2026-08-02 15:27:36,50a1676a9f3e125e5bf78ac6b6f4fdac8ccc45e0fd80d5afb59f182729722449
1004,2026-01-30,2025/26,Serie A,Milan,Verona,1,0,4,6,10,football-data-csv,2026-08-02 15:27:36,3c870f57d5b93705077c398f8f2a56e525061620917a9e7882a1c338017e6877
1005,2026-01-30,2025/26,Serie A,Lecce,Monza,0,1,4,5,9,football-data-csv,2026-08-02 15:27:36,c7901dc3e6afb2d9ff61bc588406948ec68877eb7d9cb0146583e6dfe2a23968
1006,2026-01-30,2025/26,Serie A,Lazio,Bologna,1,0,7,3,10,football-data-csv,2026-08-02 15:27:36,8d6219680683b5ff98ed2f8946c5a57d67a5b649d85078648739a4a89eaffc48
1007,2026-01-30,2025/26,Serie A,Juventus,Cagliari,1,0,7,3,10,football-data-csv,2026-08-02 15:27:36,3977870878900f53946fec57d3d3452b95f19ac6b6e83fa16b1c926ac5408f67
1008,2026-01-30,2025/26,Serie A,Inter,Como,1,0,6,3,9,football-data-csv,2026-08-02 15:27:36,133d2b7e84dc357a39882e0f9397bcfdac1f3c4552dbc1e46e6493b45d05f513
1009,2026-01-30,2025/26,Serie A,Genoa,Empoli,1,0,5,5,10,football-data-csv,2026-08-02 15:27:36,78485b29682e413967a44dc990372f6360539a85983e277c4c8461681a9f8ff6
1010,2026-01-30,2025/26,Serie A,Fiorentina,Fiorentina,1,0,4,5,9,football-data-csv,2026-08-02 15:27:36,41bff16fd83e313158ed45eced0c0d667520521adf501586ea40dd4d6604ca5e
1011,2026-02-06,2025/26,Serie A,Parma,Roma,0,1,5,5,10,football-data-csv,2026-08-02 15:27:36,0b02b4d2dda8b699b896b76d9be0aedf0698db011a3a4264a73f4facd80c6cc9
1012,2026-02-06,2025/26,Serie A,Napoli,Torino,1,0,6,4,10,football-data-csv,2026-08-02 15:27:36,0528f2bedb1e8e5648afd39fe1c05c155912519e7d6108bff410ca226b5c33bf
1013,2026-02-06,2025/26,Serie A,Milan,Udinese,1,0,6,3,9,football-data-csv,2026-08-02 15:27:36,0caa6b149416f8956f542bb7042116d6d3098ac08864e874923e20ce64caf830
1014,2026-02-06,2025/26,Serie A,Lecce,Venezia,1,0,6,4,10,football-data-csv,2026-08-02 15:27:36,1b9d84c15458fd11e6fe170e0550993ce840f1c86b66fb7ec76b830e7a22cfd1
1015,2026-02-06,2025/26,Serie A,Lazio,Verona,1,0,5,4,9,football-data-csv,2026-08-02 15:27:36,e010236ec221546395091169ff6fcd2b65bb40bd0c65d0c0071ec7d5bf3bee1d
1016,2026-02-06,2025/26,Serie A,Juventus,Monza,1,0,4,5,9,football-data-csv,2026-08-02 15:27:36,cdba022cd4891402b309afb460c0e1f1e15b29976eb4c9e62a7bc47bc4279343
1017,2026-02-06,2025/26,Serie A,Inter,Bologna,0,1,5,5,10,football-data-csv,2026-08-02 15:27:36,ca02e2258a664ce2d8dd29bc731d3c72bfa3739dde5c425587514e51b2a3ed18
1018,2026-02-06,2025/26,Serie A,Genoa,Cagliari,1,0,6,4,10,football-data-csv,2026-08-02 15:27:36,12e67e0e5e1510fb803d17198dbead9d79f9b49e99c708e9b4476d4bfe4e8036
1019,2026-02-06,2025/26,Serie A,Fiorentina,Como,1,0,7,3,10,football-data-csv,2026-08-02 15:27:36,2c429caa2cbeca4f9c8653c0cc8fff903986abf22de7546cb75fd3d5ebea4352
1020,2026-02-06,2025/26,Serie A,Empoli,Empoli,1,0,6,3,9,football-data-csv,2026-08-02 15:27:36,3c072a25bcdd1962344240a908e0dbcbdea9d2c4994945182a2e877b96f7b9f4
1021,2026-02-13,2025/26,Serie A,Napoli,Parma,1,0,5,4,9,football-data-csv,2026-08-02 15:27:36,d35889312d4366df0ee410f94b434cf914f210e7542e63cc26c70e678daaad5b
1022,2026-02-13,2025/26,Serie A,Milan,Roma,1,0,4,5,9,football-data-csv,2026-08-02 15:27:36,807a81547fcd84b595e53990cb859c94ff8b2058021309ea261c39bccbcaeff0
1023,2026-02-13,2025/26,Serie A,Lecce,Torino,0,1,4,6,10,football-data-csv,2026-08-02 15:27:36,ec66dc8b38aeb877a532d250e6c06116a2916890fad6af9a7457860324f12f7d
1024,2026-02-13,2025/26,Serie A,Lazio,Udinese,1,0,5,4,9,football-data-csv,2026-08-02 15:27:36,214671c70128e4fc0d8dcc7eb83f167b2c83020b80e1074ce529ee855ba402c6
1025,2026-02-13,2025/26,Serie A,Juventus,Venezia,1,0,6,3,9,football-data-csv,2026-08-02 15:27:36,a247c0a01c928a39f65cd4e31f73ad84f3fa277e6e89e7ff8f76de199c7865ab
1026,2026-02-13,2025/26,Serie A,Inter,Verona,1,0,6,3,9,football-data-csv,2026-08-02 15:27:36,b1b73fe641c604d84f5a1d6947a1e1668066329f631dfe561778702007d70fb8
1027,2026-02-13,2025/26,Serie A,Genoa,Monza,1,0,6,4,10,football-data-csv,2026-08-02 15:27:36,f268ebdad1a786880c76c66ea4da795c59024f40e1d7b672004f6084f3be95e3
1028,2026-02-13,2025/26,Serie A,Fiorentina,Bologna,1,0,5,5,10,football-data-csv,2026-08-02 15:27:36,5396995dd3dc42148c2a30a8a7054d3b42f14617452b3edce6f3d05d9e577c22
1029,2026-02-13,2025/26,Serie A,Empoli,Cagliari,0,1,4,5,9,football-data-csv,2026-08-02 15:27:36,2d424212443dc640c5a456e4aab262b2586cbc503e586aa48e03e8b75d4b6e91
1030,2026-02-13,2025/26,Serie A,Como,Como,1,0,5,5,10,football-data-csv,2026-08-02 15:27:36,a567d82f1194cea3805077e8b0718745e61b991744357e3a8541ca9a55e6801c
1031,2026-02-20,2025/26,Serie A,Milan,Napoli,1,0,6,4,10,football-data-csv,2026-08-02 15:27:36,4f9f9320eefe6e9c83625b83256383f81d2ba083a78e888c4ded9dd582c86d3b
1032,2026-02-20,2025/26,Serie A,Lecce,Parma,1,0,6,3,9,football-data-csv,2026-08-02 15:27:36,8a448c6be1d90f749be924d181fba4aea1054a27b45e851cd38764ac5faca313
1033,2026-02-20,2025/26,Serie A,Lazio,Roma,1,0,6,3,9,football-data-csv,2026-08-02 15:27:36,27493a3abd855184dff72c5ba6225113fff418b37506adebfad1febc0f2f5047
1034,2026-02-20,2025/26,Serie A,Juventus,Torino,1,0,5,4,9,football-data-csv,2026-08-02 15:27:36,3539ba5e4e5ec98a39bb3319a4d17d6c1516662a797484fa42faa189bf98f00d
1035,2026-02-20,2025/26,Serie A,Inter,Udinese,0,1,4,5,9,football-data-csv,2026-08-02 15:27:36,14d331cf5b6e72dc0b9d3661520d66ede22cd2253f2ac3ad02e4502d25ee4cec
1036,2026-02-20,2025/26,Serie A,Genoa,Venezia,1,0,5,5,10,football-data-csv,2026-08-02 15:27:36,da4a3bf05c59d1e26de70a3a8d469d6339cd85d6f2983637de7c99669488e2c5
1037,2026-02-20,2025/26,Serie A,Fiorentina,Verona,1,0,5,4,9,football-data-csv,2026-08-02 15:27:36,118b927877e23a817c45b497cc5434a037f1f8fc13e8bc32e47d20ea1c6fce18
1038,2026-02-20,2025/26,Serie A,Empoli,Monza,1,0,6,3,9,football-data-csv,2026-08-02 15:27:36,6b615edc52d7adbe35574e992a3e5273859a334252d4d8a55a22bccd9b4848de
1039,2026-02-20,2025/26,Serie A,Como,Bologna,1,0,6,3,9,football-data-csv,2026-08-02 15:27:36,919a90ee1364ced8756192c14e3ca0a13a3d7b475ee07d87bffdc2a2aa442240
1040,2026-02-20,2025/26,Serie A,Cagliari,Cagliari,1,0,5,4,9,football-data-csv,2026-08-02 15:27:36,aee46f7d4eae02b33641601f37eb6449a1d1a1ad19b3a5126066e566c6b6962d
1041,2026-02-27,2025/26,Serie A,Lecce,Milan,0,1,4,5,9,football-data-csv,2026-08-02 15:27:36,5017bc865e60a12d10df3f99dbaae5438453c8ea14cb776968179c0d08492bed
1042,2026-02-27,2025/26,Serie A,Lazio,Napoli,1,0,5,5,10,football-data-csv,2026-08-02 15:27:36,6a11f5f879735656761cf5bd2189b8a4011bd0281bd841fba6a7133f180f7920
1043,2026-02-27,2025/26,Serie A,Juventus,Parma,1,0,6,4,10,football-data-csv,2026-08-02 15:27:36,01a4c7f581f4ac15b4c0ffaeb883fb19fd338912517d108cce497bdce2389bcd
1044,2026-02-27,2025/26,Serie A,Inter,Roma,1,0,7,3,10,football-data-csv,2026-08-02 15:27:36,cb1a818906854ac089b4244fc944520c035b14ead3ad3cd5da9facf18f0716d8
1045,2026-02-27,2025/26,Serie A,Genoa,Torino,1,0,7,3,10,football-data-csv,2026-08-02 15:27:36,f6adabcd5c90cafa15324bd5096d3cdb22777aa880d6ce8f9736e90144004e02
1046,2026-02-27,2025/26,Serie A,Fiorentina,Udinese,1,0,5,4,9,football-data-csv,2026-08-02 15:27:36,22f9a692c3450df483eb517f5ac5a989a25e20548b9a70152616e9f2f49f6f75
1047,2026-02-27,2025/26,Serie A,Empoli,Venezia,0,1,4,5,9,football-data-csv,2026-08-02 15:27:36,1015c63edaf6a959eb5b6bc6e76dae4dfc14b87fdae99f449ad79ae8237b53a4
1048,2026-02-27,2025/26,Serie A,Como,Verona,1,0,4,6,10,football-data-csv,2026-08-02 15:27:36,a8e199dfd73c06524c93d0389eeee9f00d47319976e5b1899bd006f531ff607f
1049,2026-02-27,2025/26,Serie A,Cagliari,Monza,1,0,4,5,9,football-data-csv,2026-08-02 15:27:36,531a1fa26675505d5c54d965a147b5efe236551734ec5f413b7558198983a378
1050,2026-02-27,2025/26,Serie A,Bologna,Bologna,1,0,6,3,9,football-data-csv,2026-08-02 15:27:36,956d6fe591e03baad478f6709437f96a7bc206d69702b6e456076f31b8269717
1051,2026-03-06,2025/26,Serie A,Lazio,Lecce,1,0,7,3,10,football-data-csv,2026-08-02 15:27:36,b6d96bba9970a3e453037f41b43fcf6317aaa3693a31a5df45b83ca65adfa782
1052,2026-03-06,2025/26,Serie A,Juventus,Milan,1,0,6,3,9,football-data-csv,2026-08-02 15:27:36,15e947234002474e0fd25a0b08f396efc9b8aed591dbbf93c272c61977bc85ca
1053,2026-03-06,2025/26,Serie A,Inter,Napoli,1,0,5,4,9,football-data-csv,2026-08-02 15:27:36,eeefff3d0f71220e8b5ae7cdc943c030c6e72fe0e74519114c55baeb6f7d82c1
1054,2026-03-06,2025/26,Serie A,Genoa,Parma,1,0,4,5,9,football-data-csv,2026-08-02 15:27:36,af681b6b0c32f4909dc8cabf4910efbbbf5efd3d9efa3b78ce9c596d5aa7af70
1055,2026-03-06,2025/26,Serie A,Fiorentina,Roma,1,0,5,5,10,football-data-csv,2026-08-02 15:27:36,962e2a26ba029050726c5bd307059a7ea2f12d49cd7f1c4e1291337d85edb853
1056,2026-03-06,2025/26,Serie A,Empoli,Torino,1,0,6,4,10,football-data-csv,2026-08-02 15:27:36,bc4dce2e4ce7a7dd5bc6071132f85b2b548409597da5c5298745a172ad4660fa
1057,2026-03-06,2025/26,Serie A,Como,Udinese,1,0,6,3,9,football-data-csv,2026-08-02 15:27:36,cd21d53f3a1f1ff4d80ee8cd9a367d6ef0c5a6c370543be627b952a1afce817a
1058,2026-03-06,2025/26,Serie A,Cagliari,Venezia,1,0,6,4,10,football-data-csv,2026-08-02 15:27:36,2617318e3abb55b0f3a320c915e56f03c0283c77407ff577bb928d389300a246
1059,2026-03-06,2025/26,Serie A,Bologna,Verona,0,1,5,5,10,football-data-csv,2026-08-02 15:27:36,313af96fe5423685ae98a447afaa9c252f9bdc80bca3352adc6b3409161a7202
1060,2026-03-06,2025/26,Serie A,Monza,Monza,1,0,4,5,9,football-data-csv,2026-08-02 15:27:36,cf88f3b08e4ae670560b3c38b29fbf785f91a01bbae7f1b1746c74d0d7ae59c0
1061,2026-03-13,2025/26,Serie A,Juventus,Lazio,1,0,4,5,9,football-data-csv,2026-08-02 15:27:36,931146e0a07223c59fba5404b094e0373560721771d730bd6a15158da438cb03
1062,2026-03-13,2025/26,Serie A,Inter,Lecce,1,0,6,3,9,football-data-csv,2026-08-02 15:27:36,9f49cb947f8f9b8054fc23f714d7e407bf0bb17511f79b3073cc5b8c8d76a3d2
1063,2026-03-13,2025/26,Serie A,Genoa,Milan,1,0,7,3,10,football-data-csv,2026-08-02 15:27:36,973ef7ac135ce8d5fe5f0b2041c78798e8e02aab2be1ad830c7320125c537cd2
1064,2026-03-13,2025/26,Serie A,Fiorentina,Napoli,1,0,7,3,10,football-data-csv,2026-08-02 15:27:36,ba31efb888d679dd4ce2a4fd6315dca0910de5074d14e2d71c73b328858ece4d
1065,2026-03-13,2025/26,Serie A,Empoli,Parma,1,0,5,4,9,football-data-csv,2026-08-02 15:27:36,3c212e6400bff2165e0845d2964cea56c56a799e34e1552c7c0e9c87b1ab94d0
1066,2026-03-13,2025/26,Serie A,Como,Roma,1,0,4,5,9,football-data-csv,2026-08-02 15:27:36,c5819d5287f706e7e253281e8057aa13ab99791a57badcfad869c83d2a03525e
1067,2026-03-13,2025/26,Serie A,Cagliari,Torino,1,0,4,6,10,football-data-csv,2026-08-02 15:27:36,68acff8ff7369f84e2b7a51fbb7dafaa4762b3f7562d2863f5b68d9b8c0230e4
1068,2026-03-13,2025/26,Serie A,Bologna,Udinese,0,1,5,5,10,football-data-csv,2026-08-02 15:27:36,81a199b569670e3d1a7f71cf33015468b0dfb5deac6a65821b32e5343b7cb4e7
1069,2026-03-13,2025/26,Serie A,Monza,Venezia,1,0,6,3,9,football-data-csv,2026-08-02 15:27:36,fa891d24d2fafd354525f6baf42ca9a3d725a411a63c116976583bc97ba53397
1070,2026-03-13,2025/26,Serie A,Verona,Verona,1,0,7,3,10,football-data-csv,2026-08-02 15:27:36,5e239957ec1ad5b064b7a777fda69fe2cb67a187da9f2818a381cee3574d581a
1071,2026-03-20,2025/26,Serie A,Inter,Juventus,1,0,6,4,10,football-data-csv,2026-08-02 15:27:36,c556eedf0791e94a96957aedd7e6b3ad13cc79326ee4437c1a1a6f5ae713a62d
1072,2026-03-20,2025/26,Serie A,Genoa,Lazio,1,0,4,5,9,football-data-csv,2026-08-02 15:27:36,331ffc8c5d884493c543d006683f3e5af556b36d24c2eee3a6ba5136c344a8d4
1073,2026-03-20,2025/26,Serie A,Fiorentina,Lecce,1,0,5,5,10,football-data-csv,2026-08-02 15:27:36,00abc8bfa3270da26f110d85af5ae8fb036f58b6f29b267aa36281a00a4c4a39
1074,2026-03-20,2025/26,Serie A,Empoli,Milan,1,0,5,4,9,football-data-csv,2026-08-02 15:27:36,ac5c5f088934f7af759966bd6763a81d25f546d3fa37d7cfbf0eefcb6567799b
1075,2026-03-20,2025/26,Serie A,Como,Napoli,1,0,6,3,9,football-data-csv,2026-08-02 15:27:36,3a5d64b513005a040f316d383c4cc5ce65c6f7bff5f62131b43af6e0aa6b40c2
1076,2026-03-20,2025/26,Serie A,Cagliari,Parma,1,0,7,3,10,football-data-csv,2026-08-02 15:27:36,d797a98d0b666ad13faceeedd4ea9a49485ddb4370044b8d699c6a242920011d
1077,2026-03-20,2025/26,Serie A,Bologna,Roma,1,0,6,4,10,football-data-csv,2026-08-02 15:27:36,a3ed2da7a8ec3ee44dd5c75de05edf8e9bd7af47c72b9b5c4fc3caed580e825f
1078,2026-03-20,2025/26,Serie A,Monza,Torino,1,0,5,4,9,football-data-csv,2026-08-02 15:27:36,af7ecae9d4768dea851555b76c0ee5eb40198c3b9e25f50788381ac31fdec83e
1079,2026-03-20,2025/26,Serie A,Verona,Udinese,1,0,4,5,9,football-data-csv,2026-08-02 15:27:36,0b21822060b7ed3a8f459312d0ea1fc70a6b4295d2243a079e04814f5628260e
1080,2026-03-20,2025/26,Serie A,Venezia,Venezia,0,1,5,5,10,football-data-csv,2026-08-02 15:27:36,f5b49d73c614e81c2bdd2c0251c11c5454e4f193900551efe38bc4a0f1c5c853
1081,2026-03-27,2025/26,Serie A,Genoa,Inter,1,0,6,4,10,football-data-csv,2026-08-02 15:27:36,80f5fc8c4246f61a62f65c2a1bab183539449684acdd2ee392f60798bc3815fb
1082,2026-03-27,2025/26,Serie A,Fiorentina,Juventus,1,0,6,3,9,football-data-csv,2026-08-02 15:27:36,76c03141c533ec2a90cba86f77369b9301188e4a91c0331d06bdde39d3e21278
1083,2026-03-27,2025/26,Serie A,Empoli,Lazio,1,0,6,4,10,football-data-csv,2026-08-02 15:27:36,128356718538aaeb71eb9294ceaea85d2fa5fc373e4e2d5137e9cf0bad2eb500
1084,2026-03-27,2025/26,Serie A,Como,Lecce,1,0,5,4,9,football-data-csv,2026-08-02 15:27:36,5dfdfea94115a8ea759cbb8ccf753337d9640af224714dea7dfe6e770a2f40fe
1085,2026-03-27,2025/26,Serie A,Cagliari,Milan,1,0,4,5,9,football-data-csv,2026-08-02 15:27:36,cb8b598d012f04f2e3dfd57034caa34bffef17d1a27279680d4cb9fa817f85f0
1086,2026-03-27,2025/26,Serie A,Bologna,Napoli,0,1,4,5,9,football-data-csv,2026-08-02 15:27:36,0f9a2e5040f9aa5e1397c0b33c29bf4e2312429ac692d1753400d72fbaddb59e
1087,2026-03-27,2025/26,Serie A,Monza,Parma,1,0,6,4,10,football-data-csv,2026-08-02 15:27:36,8e87870bc948994aa3deb3e003dd30c61d5861eee650165db8eadf7827525758
1088,2026-03-27,2025/26,Serie A,Verona,Roma,1,0,7,3,10,football-data-csv,2026-08-02 15:27:36,ad5762ae29da20d510723810dd74d6267890b2361b06fd0e8a36735a3a644e26
1089,2026-03-27,2025/26,Serie A,Venezia,Torino,1,0,7,3,10,football-data-csv,2026-08-02 15:27:36,efd4a0beeb0d7a6a83eb607214379cc558cc12f99a841f1446702562d532b96f
1090,2026-03-27,2025/26,Serie A,Udinese,Udinese,1,0,6,4,10,football-data-csv,2026-08-02 15:27:36,fe6343c8584740ad8cffded2386e235ae4bec7acc01613b736cddaf18b3da9ba
1091,2026-04-03,2025/26,Serie A,Fiorentina,Genoa,1,0,4,5,9,football-data-csv,2026-08-02 15:27:36,28bc89282f5af2aadda32a6379435d4defecc49b81d345e203b820d32b3ce735
1092,2026-04-03,2025/26,Serie A,Empoli,Inter,0,1,4,6,10,football-data-csv,2026-08-02 15:27:36,47dea931cd764d46f6e610feb1e316d59ec70f68fcee391bb3bae886714112f2
1093,2026-04-03,2025/26,Serie A,Como,Juventus,1,0,5,5,10,football-data-csv,2026-08-02 15:27:36,c1c69d5be441eda4af9a6f4a12d5babdd4ccab4c5d6b57404b8122be2c5853df
1094,2026-04-03,2025/26,Serie A,Cagliari,Lazio,1,0,6,4,10,football-data-csv,2026-08-02 15:27:36,134b67692eb460cb1361d4be9a34cf495cee1643c7e2660bf6a0616cb9645847
1095,2026-04-03,2025/26,Serie A,Bologna,Lecce,1,0,7,3,10,football-data-csv,2026-08-02 15:27:36,4250f18a600690a9242f122a38c7a0186d01b53cc6df0e0d89e7bc20d35c8e0d
1096,2026-04-03,2025/26,Serie A,Monza,Milan,1,0,7,3,10,football-data-csv,2026-08-02 15:27:36,066a26710bf5ea4cc2bd53f7445a333161c95818090a0cf2ff317774c0754418
1097,2026-04-03,2025/26,Serie A,Verona,Napoli,1,0,5,4,9,football-data-csv,2026-08-02 15:27:36,adf67d72530d61256c87f352f6b802b74dab43a7217eacf5312db399c6e4ec59
1098,2026-04-03,2025/26,Serie A,Venezia,Parma,0,1,5,5,10,football-data-csv,2026-08-02 15:27:36,38e5e8fde08fbc8e6084898c9e8fae811f0410bb3dd58aba6af2c29f53d20b2c
1099,2026-04-03,2025/26,Serie A,Udinese,Roma,1,0,5,5,10,football-data-csv,2026-08-02 15:27:36,507e08ce0042a226a0c011883ea3932fa0ebe153a76dc929f054e299d6e6f86e
1100,2026-04-03,2025/26,Serie A,Torino,Torino,1,0,6,4,10,football-data-csv,2026-08-02 15:27:36,c84ef24c04d1a1c070187d546979862fdd7484d5b567dd1bf1cc7484e49eb204
1101,2026-04-10,2025/26,Serie A,Empoli,Fiorentina,1,0,7,3,10,football-data-csv,2026-08-02 15:27:36,1547e43277d107292811510ac246770a73d090fec18efc6cb43260c7202798b4
1102,2026-04-10,2025/26,Serie A,Como,Genoa,1,0,6,4,10,football-data-csv,2026-08-02 15:27:36,46ddf56020970ab4b5b42a7daabd94314be577f6f7bc433068cf0ad45361c646
1103,2026-04-10,2025/26,Serie A,Cagliari,Inter,1,0,5,5,10,football-data-csv,2026-08-02 15:27:36,b200047cb715c6808a38d0d907f9a8b56c5cc06e1d81411a84ce191180bfa017
1104,2026-04-10,2025/26,Serie A,Bologna,Juventus,0,1,4,6,10,football-data-csv,2026-08-02 15:27:36,0b17f1d077b4cfb69a3bd7492a368ae265154434c9988d37cd4e041679e53cd4
1105,2026-04-10,2025/26,Serie A,Monza,Lazio,1,0,5,5,10,football-data-csv,2026-08-02 15:27:36,3ddf35a631de911350a6fee7e483a2c399b821c80c54820db39d3337cbffc462
1106,2026-04-10,2025/26,Serie A,Verona,Lecce,1,0,6,3,9,football-data-csv,2026-08-02 15:27:36,9010856e05c5ebe74fe83ba85bbfa3705eab1b7980af3362dd08b76b1b244512
1107,2026-04-10,2025/26,Serie A,Venezia,Milan,1,0,7,3,10,football-data-csv,2026-08-02 15:27:36,39459e49f7d789d8f82df8e45f9a7b3f6eb7aae531692566b48d929d37734a2f
1108,2026-04-10,2025/26,Serie A,Udinese,Napoli,1,0,7,3,10,football-data-csv,2026-08-02 15:27:36,a75f7bca1839a41367def713ba3467c1588b9de165dc86d96a5e33c5776612ad
1109,2026-04-10,2025/26,Serie A,Torino,Parma,1,0,6,4,10,football-data-csv,2026-08-02 15:27:36,ddd4f72bbbb5cb621e03c61fad54333a49113af2863baf280348e0feadda1ddd
1110,2026-04-10,2025/26,Serie A,Roma,Roma,0,1,4,5,9,football-data-csv,2026-08-02 15:27:36,bd41c2ebef6f0e5ba561043c88fda7f29ca61b150072e1fbc8b4128c4cb1aca7
1111,2026-04-17,2025/26,Serie A,Como,Empoli,1,0,4,5,9,football-data-csv,2026-08-02 15:27:36,5eb842d280f97e1977648d6f2f6d6867bc8d8913989932b099dd0a7acc5ddf0c
1112,2026-04-17,2025/26,Serie A,Cagliari,Fiorentina,1,0,5,5,10,football-data-csv,2026-08-02 15:27:36,000ab868d9132672e14318e577cfce5e2539e064b5a3fd7c276470be1f6b237c
1113,2026-04-17,2025/26,Serie A,Bologna,Genoa,1,0,6,4,10,football-data-csv,2026-08-02 15:27:36,5d07f69779aa569c5985a363f885925bf7512115f0a0c4a29f42f5807e3ae465
1114,2026-04-17,2025/26,Serie A,Monza,Inter,1,0,7,3,10,football-data-csv,2026-08-02 15:27:36,5c27ffbf190f818d8e60573d605c1e45f79d136ecfee8a8c19f2945145f59f9f
1115,2026-04-17,2025/26,Serie A,Verona,Juventus,1,0,6,4,10,football-data-csv,2026-08-02 15:27:36,9232d8f3e4efe6b1bb1ca77417eefedff4697caee9ed05281c54331e04a59f0a
1116,2026-04-17,2025/26,Serie A,Venezia,Lazio,0,1,4,5,9,football-data-csv,2026-08-02 15:27:36,b3b6052da44f603b60950000458fc1f2f5f933284882030bad319935c3f1283c
1117,2026-04-17,2025/26,Serie A,Udinese,Lecce,1,0,5,5,10,football-data-csv,2026-08-02 15:27:36,11444113431cfdc3a07780fe4d7d21795831985a9b9b8a7bf133d078252afdbf
1118,2026-04-17,2025/26,Serie A,Torino,Milan,1,0,5,4,9,football-data-csv,2026-08-02 15:27:36,1230e5f88df9229fd14add2ca59b6763bad52e937e20a25ebae718f1c0e07497
1119,2026-04-17,2025/26,Serie A,Roma,Napoli,1,0,6,3,9,football-data-csv,2026-08-02 15:27:36,2936e2b18392e9b5c2b99a904f6c46a2410778fa1ed8102ec3a71d62a346a0aa
1120,2026-04-17,2025/26,Serie A,Parma,Parma,1,0,7,3,10,football-data-csv,2026-08-02 15:27:36,02f9ae96292d221f98ec6fa65a6deef6b7be463853f6e670982c60ee9e45a9c6
1121,2026-04-24,2025/26,Serie A,Cagliari,Como,1,0,6,4,10,football-data-csv,2026-08-02 15:27:36,2d1869b05279289c2a9fd7bb4060a016058c504aa135c7f24c736b29762761b4
1122,2026-04-24,2025/26,Serie A,Bologna,Empoli,0,1,5,5,10,football-data-csv,2026-08-02 15:27:36,ab3a283e356d8fad2e2cdb8795ee7a2ee1daf1b379845e8d9723b408c3ad0d07
1123,2026-04-24,2025/26,Serie A,Monza,Fiorentina,1,0,5,5,10,football-data-csv,2026-08-02 15:27:36,f3bb3a0180a832fb680de96a5ab8c175d39283b29d7b1bfbb767fe0dc1401bfa
1124,2026-04-24,2025/26,Serie A,Verona,Genoa,1,0,5,5,10,football-data-csv,2026-08-02 15:27:36,caf0c7ad908c920371c73a23b51ef2b5931442ff57a0f47e7cd9a48802433088
1125,2026-04-24,2025/26,Serie A,Venezia,Inter,1,0,6,4,10,football-data-csv,2026-08-02 15:27:36,5cc98d0eaecf2bd420286b928157d5b5e60c0dcb7c3416dd33675c2f1a75da0e
1126,2026-04-24,2025/26,Serie A,Udinese,Juventus,1,0,6,3,9,football-data-csv,2026-08-02 15:27:36,cdd1c4229429101a4df4c77b4855293999e3577235ea7dcf561f8bf2852da6fb
1127,2026-04-24,2025/26,Serie A,Torino,Lazio,1,0,6,4,10,football-data-csv,2026-08-02 15:27:36,27af6b6e695fc70f2dd6f769208e526f3102b706b945dda6eb726b269b8b557c
1128,2026-04-24,2025/26,Serie A,Roma,Lecce,1,0,6,4,10,football-data-csv,2026-08-02 15:27:36,f44e79c23d981c2bb5563e42baaf029325b6587ac994cfd3fa1627405493ab85
1129,2026-04-24,2025/26,Serie A,Parma,Milan,1,0,4,5,9,football-data-csv,2026-08-02 15:27:36,285cb5c9fc3e3759745bb6c11ffdd267f9a84c1576ae53303a98a82eb2ef302c
1130,2026-04-24,2025/26,Serie A,Napoli,Napoli,1,0,4,5,9,football-data-csv,2026-08-02 15:27:36,5c3a78ce82300a14dd490acc6e48a958c4649b49e2b56b53b1c69fcec974b67c
1131,2026-05-01,2025/26,Serie A,Bologna,Cagliari,1,0,5,4,9,football-data-csv,2026-08-02 15:27:36,d02001a886827be73f5e1aaead4021e48109df50e2f9030f8adbd526c6a84ff6
1132,2026-05-01,2025/26,Serie A,Monza,Como,1,0,7,3,10,football-data-csv,2026-08-02 15:27:36,072a2d4702c325f53e78a968c011635225026bd4ac50cc16696c46862f8f13d2
1133,2026-05-01,2025/26,Serie A,Verona,Empoli,1,0,7,3,10,football-data-csv,2026-08-02 15:27:36,c608cf959b53fef20c0c3e2d312bbe6832310a5a8194d42445cb1ded03316892
1134,2026-05-01,2025/26,Serie A,Venezia,Fiorentina,1,0,6,4,10,football-data-csv,2026-08-02 15:27:36,e08a3aefe00b93c3fe4e967b8c48adccb51ef9aa91fb7671712d225963dff8a3
1135,2026-05-01,2025/26,Serie A,Udinese,Genoa,1,0,4,5,9,football-data-csv,2026-08-02 15:27:36,17111be6762e121c84ad561ee735c28c6be03968f648c165b8213d2cdbb99fc6
1136,2026-05-01,2025/26,Serie A,Torino,Inter,1,0,4,6,10,football-data-csv,2026-08-02 15:27:36,e616a9053562080a2145ab79db09f21ef73e4e4459c379d8c15a83919fa6266e
1137,2026-05-01,2025/26,Serie A,Roma,Juventus,0,1,5,5,10,football-data-csv,2026-08-02 15:27:36,281162a84e2ea96479d4e2537e07a5d5d8e3f4665edbb262a22617ac4b955a70
1138,2026-05-01,2025/26,Serie A,Parma,Lazio,1,0,6,4,10,football-data-csv,2026-08-02 15:27:36,aabfb48d6988e44b2efea76d8c280b8dfe85d2b81b94d1ca3928e453c9c53cd4
1139,2026-05-01,2025/26,Serie A,Napoli,Lecce,1,0,7,3,10,football-data-csv,2026-08-02 15:27:36,78c228a4bf050a93eb1ea32550c3b9fef49a2c882acd636820b197db6ecdf00a
1140,2026-05-01,2025/26,Serie A,Milan,Milan,1,0,6,4,10,football-data-csv,2026-08-02 15:27:36,84ed00062e21fb58f48d7989102a97de8c4b4cb67004c3ddd46778ba4e78f699
